,id,Kualitas materi ,Siapa trainer pada hari ini ?,Kualitas trainer ,jumlah_kehadiran
0,b65d1017-228d-483a-b0eb-3ac26cc9e9bd,5,mf,5,9
1,e475dfa1-7057-4718-8cec-82e17d598919,5,mf,5,15
2,b65d1017-228d-483a-b0eb-3ac26cc9e9bd,5,ars,5,9
3,e475dfa1-7057-4718-8cec-82e17d598919,5,ars,5,15
4,b65d1017-228d-483a-b0eb-3ac26cc9e9bd,5,ars,5,9
5,e475dfa1-7057-4718-8cec-82e17d598919,5,ars,5,15
6,b65d1017-228d-483a-b0eb-3ac26cc9e9bd,5,ars,5,9
7,e475dfa1-7057-4718-8cec-82e17d598919,5,mdn,5,15
8,e475dfa1-7057-4718-8cec-82e17d598919,5,mdn,5,15
9,b65d1017-228d-483a-b0eb-3ac26cc9e9bd,5,mdn,5,9
10,74aeb301-1852-4b89-98d8-dc18c70a7834,4,ars,4,2
11,e475dfa1-7057-4718-8cec-82e17d598919,5,ars,5,15
12,74aeb301-1852-4b89-98d8-dc18c70a7834,4,ars,4,2
13,e475dfa1-7057-4718-8cec-82e17d598919,5,mdn,5,15
14,b65d1017-228d-483a-b0eb-3ac26cc9e9bd,5,mdn,5,9
15,e475dfa1-7057-4718-8cec-82e17d598919,5,mdn,5,15
16,b65d1017-228d-483a-b0eb-3ac26cc9e9bd,5,mdn,5,9
17,e475dfa1-7057-4718-8cec-82e17d598919,5,mdn,5,15
18,e475dfa1-7057-4718-8cec-82e17d598919,5,mf,5,15
19,e475dfa1-7057-4718-8cec-82e17d598919,5,mf,5,15
20,e475dfa1-7057-4718-8cec-82e17d598919,5,mdn,5,15
21,b65d1017-228d-483a-b0eb-3ac26cc9e9bd,5,mdn,5,9
22,e475dfa1-7057-4718-8cec-82e17d598919,5,mf,5,15
23,e475dfa1-7057-4718-8cec-82e17d598919,5,je,5,15
24,e475dfa1-7057-4718-8cec-82e17d598919,5,je,5,15
25,b65d1017-228d-483a-b0eb-3ac26cc9e9bd,5,mfarsmdn,5,9
26,74e5f3d2-cf26-41e7-8d59-84141179ddaa,5,mf,5,23
27,e6862f74-a07d-4d01-8259-e9251bcf0556,3,ars,3,4
28,97774060-01f6-4a1f-8fba-bd5bb8825da8,5,mfars,5,21
29,74e5f3d2-cf26-41e7-8d59-84141179ddaa,5,mfarsmdn,5,23
30,d0635b9d-75d2-410b-88f3-65c842f791ab,4,ars,3,10
31,74e5f3d2-cf26-41e7-8d59-84141179ddaa,4,ars,4,23
32,e6862f74-a07d-4d01-8259-e9251bcf0556,4,ars,4,4
33,d0635b9d-75d2-410b-88f3-65c842f791ab,4,ars,3,10
34,97774060-01f6-4a1f-8fba-bd5bb8825da8,5,ars,5,21
35,74e5f3d2-cf26-41e7-8d59-84141179ddaa,4,ars,4,23
36,e6862f74-a07d-4d01-8259-e9251bcf0556,5,ars,5,4
37,d0635b9d-75d2-410b-88f3-65c842f791ab,4,ars,4,10
38,97774060-01f6-4a1f-8fba-bd5bb8825da8,5,ars,5,21
39,74e5f3d2-cf26-41e7-8d59-84141179ddaa,4,ars,4,23
40,d0635b9d-75d2-410b-88f3-65c842f791ab,4,ars,4,10
41,97774060-01f6-4a1f-8fba-bd5bb8825da8,5,ars,5,21
42,74e5f3d2-cf26-41e7-8d59-84141179ddaa,5,ars,5,23
43,e6862f74-a07d-4d01-8259-e9251bcf0556,3,ars,3,4
44,d0635b9d-75d2-410b-88f3-65c842f791ab,4,ars,4,10
45,97774060-01f6-4a1f-8fba-bd5bb8825da8,5,ars,5,21
46,74e5f3d2-cf26-41e7-8d59-84141179ddaa,4,ars,4,23
47,d0635b9d-75d2-410b-88f3-65c842f791ab,4,ars,4,10
48,97774060-01f6-4a1f-8fba-bd5bb8825da8,5,ars,5,21
49,97774060-01f6-4a1f-8fba-bd5bb8825da8,4,mfars,5,21
50,74e5f3d2-cf26-41e7-8d59-84141179ddaa,5,mf,5,23
51,74e5f3d2-cf26-41e7-8d59-84141179ddaa,5,mdn,4,23
52,d0635b9d-75d2-410b-88f3-65c842f791ab,4,mdn,4,10
53,74e5f3d2-cf26-41e7-8d59-84141179ddaa,5,mdn,4,23
54,74e5f3d2-cf26-41e7-8d59-84141179ddaa,5,mdn,4,23
55,97774060-01f6-4a1f-8fba-bd5bb8825da8,4,mdn,4,21
56,97774060-01f6-4a1f-8fba-bd5bb8825da8,5,mdn,5,21
57,d0635b9d-75d2-410b-88f3-65c842f791ab,5,mdn,4,10
58,e22d33c9-6ca7-47e5-8ee8-4ac90c3ef837,5,ars,5,18
59,c50a8c1d-4e80-4333-b9b9-4c3fe136fffb,4,ars,4,22
60,6e8ade7a-7571-4a9a-bd3e-437b935918c9,5,ars,5,6
61,97774060-01f6-4a1f-8fba-bd5bb8825da8,5,mf,5,21
62,db173744-710a-445d-926a-2475e28a6a1f,4,ars,4,15
63,74e5f3d2-cf26-41e7-8d59-84141179ddaa,5,mf,5,23
64,8466868d-3b97-4c27-bd52-4a2e0aacecfe,4,mf,4,10
65,cfdf13ec-555a-4284-958a-b497ef6f1d21,5,ars,5,1
66,6e8ade7a-7571-4a9a-bd3e-437b935918c9,5,ars,5,6
67,74e5f3d2-cf26-41e7-8d59-84141179ddaa,5,mf,5,23
68,c50a8c1d-4e80-4333-b9b9-4c3fe136fffb,5,ars,4,22
69,e22d33c9-6ca7-47e5-8ee8-4ac90c3ef837,5,ars,5,18
70,db173744-710a-445d-926a-2475e28a6a1f,4,ars,4,15
71,97774060-01f6-4a1f-8fba-bd5bb8825da8,5,mf,5,21
72,6e8ade7a-7571-4a9a-bd3e-437b935918c9,5,ars,5,6
73,e22d33c9-6ca7-47e5-8ee8-4ac90c3ef837,5,ars,5,18
74,db173744-710a-445d-926a-2475e28a6a1f,4,ars,4,15
75,c50a8c1d-4e80-4333-b9b9-4c3fe136fffb,4,ars,5,22
76,d0635b9d-75d2-410b-88f3-65c842f791ab,4,mf,5,10
77,74e5f3d2-cf26-41e7-8d59-84141179ddaa,4,mf,4,23
78,97774060-01f6-4a1f-8fba-bd5bb8825da8,5,mf,5,21
79,d0635b9d-75d2-410b-88f3-65c842f791ab,5,mf,5,10
80,6e8ade7a-7571-4a9a-bd3e-437b935918c9,5,ars,5,6
81,8466868d-3b97-4c27-bd52-4a2e0aacecfe,5,ars,5,10
82,e22d33c9-6ca7-47e5-8ee8-4ac90c3ef837,5,ars,5,18
83,db173744-710a-445d-926a-2475e28a6a1f,4,ars,4,15
84,c50a8c1d-4e80-4333-b9b9-4c3fe136fffb,5,ars,5,22
85,97774060-01f6-4a1f-8fba-bd5bb8825da8,4,mf,5,21
86,c50a8c1d-4e80-4333-b9b9-4c3fe136fffb,5,ars,5,22
87,e22d33c9-6ca7-47e5-8ee8-4ac90c3ef837,5,ars,5,18
88,8466868d-3b97-4c27-bd52-4a2e0aacecfe,5,ars,5,10
89,db173744-710a-445d-926a-2475e28a6a1f,5,ars,4,15
90,6e8ade7a-7571-4a9a-bd3e-437b935918c9,5,ars,5,6
91,6e8ade7a-7571-4a9a-bd3e-437b935918c9,5,ars,5,6
92,74e5f3d2-cf26-41e7-8d59-84141179ddaa,5,mf,5,23
93,97774060-01f6-4a1f-8fba-bd5bb8825da8,5,mf,5,21
94,c50a8c1d-4e80-4333-b9b9-4c3fe136fffb,5,ars,5,22
95,e22d33c9-6ca7-47e5-8ee8-4ac90c3ef837,5,ars,5,18
96,db173744-710a-445d-926a-2475e28a6a1f,5,ars,5,15
97,c134637f-d268-494e-9390-210ef53a0be6,4,ars,5,2
98,8466868d-3b97-4c27-bd52-4a2e0aacecfe,5,ars,5,10
99,74e5f3d2-cf26-41e7-8d59-84141179ddaa,5,mf,5,23
100,97774060-01f6-4a1f-8fba-bd5bb8825da8,5,mf,5,21
101,74e5f3d2-cf26-41e7-8d59-84141179ddaa,5,mf,5,23
102,c50a8c1d-4e80-4333-b9b9-4c3fe136fffb,5,ars,5,22
103,db173744-710a-445d-926a-2475e28a6a1f,4,ars,5,15
104,e22d33c9-6ca7-47e5-8ee8-4ac90c3ef837,4,ars,4,18
105,8466868d-3b97-4c27-bd52-4a2e0aacecfe,4,ars,5,10
106,97774060-01f6-4a1f-8fba-bd5bb8825da8,5,mf,5,21
107,8466868d-3b97-4c27-bd52-4a2e0aacecfe,5,mdn,5,10
108,c50a8c1d-4e80-4333-b9b9-4c3fe136fffb,5,mdn,5,22
109,db173744-710a-445d-926a-2475e28a6a1f,4,mdn,4,15
110,e22d33c9-6ca7-47e5-8ee8-4ac90c3ef837,5,mdn,4,18
111,8466868d-3b97-4c27-bd52-4a2e0aacecfe,4,mdn,4,10
112,c50a8c1d-4e80-4333-b9b9-4c3fe136fffb,5,mdn,5,22
113,e22d33c9-6ca7-47e5-8ee8-4ac90c3ef837,4,mdn,4,18
114,db173744-710a-445d-926a-2475e28a6a1f,4,mdn,4,15
115,8466868d-3b97-4c27-bd52-4a2e0aacecfe,4,mdn,4,10
116,db173744-710a-445d-926a-2475e28a6a1f,4,mdn,4,15
117,c50a8c1d-4e80-4333-b9b9-4c3fe136fffb,5,mdn,5,22
118,e22d33c9-6ca7-47e5-8ee8-4ac90c3ef837,5,mdn,5,18
119,8466868d-3b97-4c27-bd52-4a2e0aacecfe,4,mdn,4,10
120,c134637f-d268-494e-9390-210ef53a0be6,5,mdn,5,2
121,c50a8c1d-4e80-4333-b9b9-4c3fe136fffb,5,mdn,5,22
122,e22d33c9-6ca7-47e5-8ee8-4ac90c3ef837,4,mdn,4,18
123,db173744-710a-445d-926a-2475e28a6a1f,4,mdn,4,15
124,74e5f3d2-cf26-41e7-8d59-84141179ddaa,5,mfars,5,23
125,d8e7fd49-fb6b-4a43-9ca1-b4d4c80a3ee3,5,mf,4,15
126,c50a8c1d-4e80-4333-b9b9-4c3fe136fffb,5,mf,5,22
127,8466868d-3b97-4c27-bd52-4a2e0aacecfe,5,mf,5,10
128,d8e7fd49-fb6b-4a43-9ca1-b4d4c80a3ee3,5,ars,5,15
129,97774060-01f6-4a1f-8fba-bd5bb8825da8,5,mdn,5,21
130,74e5f3d2-cf26-41e7-8d59-84141179ddaa,4,mdn,4,23
131,ee37855a-ddcd-4ff3-9b20-222d45f7c3bb,4,mf,4,2
132,e22d33c9-6ca7-47e5-8ee8-4ac90c3ef837,4,mf,4,18
133,74e5f3d2-cf26-41e7-8d59-84141179ddaa,5,mf,5,23
134,ee37855a-ddcd-4ff3-9b20-222d45f7c3bb,4,ars,4,2
135,97774060-01f6-4a1f-8fba-bd5bb8825da8,5,mf,5,21
136,e22d33c9-6ca7-47e5-8ee8-4ac90c3ef837,5,mdn,5,18
137,c50a8c1d-4e80-4333-b9b9-4c3fe136fffb,5,mdn,4,22
138,97774060-01f6-4a1f-8fba-bd5bb8825da8,5,mf,5,21
139,97774060-01f6-4a1f-8fba-bd5bb8825da8,5,mf,5,21
140,74e5f3d2-cf26-41e7-8d59-84141179ddaa,5,mf,5,23
141,74e5f3d2-cf26-41e7-8d59-84141179ddaa,5,mf,5,23
142,db173744-710a-445d-926a-2475e28a6a1f,4,mdn,4,15
143,e22d33c9-6ca7-47e5-8ee8-4ac90c3ef837,5,mdn,5,18
144,c50a8c1d-4e80-4333-b9b9-4c3fe136fffb,4,mdn,4,22
145,74e5f3d2-cf26-41e7-8d59-84141179ddaa,5,mf,5,23
146,97774060-01f6-4a1f-8fba-bd5bb8825da8,5,mf,5,21
147,c50a8c1d-4e80-4333-b9b9-4c3fe136fffb,4,mdn,4,22
148,e22d33c9-6ca7-47e5-8ee8-4ac90c3ef837,4,mdn,4,18
149,c50a8c1d-4e80-4333-b9b9-4c3fe136fffb,4,mdn,5,22
150,c50a8c1d-4e80-4333-b9b9-4c3fe136fffb,4,m,4,22
151,c50a8c1d-4e80-4333-b9b9-4c3fe136fffb,4,mw,4,22
152,c50a8c1d-4e80-4333-b9b9-4c3fe136fffb,4,mw,4,22
153,c50a8c1d-4e80-4333-b9b9-4c3fe136fffb,4,mw,4,22
154,e22d33c9-6ca7-47e5-8ee8-4ac90c3ef837,4,mw,4,18
155,db173744-710a-445d-926a-2475e28a6a1f,4,mw,4,15
156,db173744-710a-445d-926a-2475e28a6a1f,4,mw,4,15
157,e22d33c9-6ca7-47e5-8ee8-4ac90c3ef837,4,mw,4,18
158,c50a8c1d-4e80-4333-b9b9-4c3fe136fffb,5,mw,5,22
159,d8e7fd49-fb6b-4a43-9ca1-b4d4c80a3ee3,5,mfmdn,5,15
160,ea232b53-272b-4b9d-8243-ae1567663e2b,5,mfmdn,5,2
161,84e82477-5fb8-432b-9c0f-6bd0306ca028,5,mf,5,7
162,ea232b53-272b-4b9d-8243-ae1567663e2b,5,ars,5,2
163,d8e7fd49-fb6b-4a43-9ca1-b4d4c80a3ee3,5,ars,5,15
164,84e82477-5fb8-432b-9c0f-6bd0306ca028,5,ars,5,7
165,c50a8c1d-4e80-4333-b9b9-4c3fe136fffb,5,mf,5,22
166,db173744-710a-445d-926a-2475e28a6a1f,4,mf,4,15
167,e22d33c9-6ca7-47e5-8ee8-4ac90c3ef837,5,mf,5,18
168,d8e7fd49-fb6b-4a43-9ca1-b4d4c80a3ee3,5,ars,5,15
169,84e82477-5fb8-432b-9c0f-6bd0306ca028,5,ars,5,7
170,d8e7fd49-fb6b-4a43-9ca1-b4d4c80a3ee3,5,ars,5,15
171,84e82477-5fb8-432b-9c0f-6bd0306ca028,5,ars,5,7
172,d8e7fd49-fb6b-4a43-9ca1-b4d4c80a3ee3,5,ars,5,15
173,87d86ef2-8273-4c3b-bf37-288826a6238f,4,mdn,4,1
174,84e82477-5fb8-432b-9c0f-6bd0306ca028,5,ars,5,7
175,d8e7fd49-fb6b-4a43-9ca1-b4d4c80a3ee3,5,ars,5,15
176,d8e7fd49-fb6b-4a43-9ca1-b4d4c80a3ee3,5,ars,5,15
177,d8e7fd49-fb6b-4a43-9ca1-b4d4c80a3ee3,5,ars,5,15
178,84e82477-5fb8-432b-9c0f-6bd0306ca028,5,ars,5,7
179,d8e7fd49-fb6b-4a43-9ca1-b4d4c80a3ee3,5,ars,5,15
180,d8e7fd49-fb6b-4a43-9ca1-b4d4c80a3ee3,5,ars,5,15
181,d8e7fd49-fb6b-4a43-9ca1-b4d4c80a3ee3,5,ars,5,15
182,d8e7fd49-fb6b-4a43-9ca1-b4d4c80a3ee3,5,mdn,5,15
183,d8e7fd49-fb6b-4a43-9ca1-b4d4c80a3ee3,5,mdn,5,15
184,84e82477-5fb8-432b-9c0f-6bd0306ca028,5,mdn,5,7
185,ab63b367-3fca-4928-a09d-7193405c35e6,4,ars,4,12
186,c9a82866-52ad-4597-8b87-453b4bc3a9d7,5,ars,5,13
187,ccadbee5-4eed-499c-917d-0005cfe48a5d,5,ars,5,8
188,ccadbee5-4eed-499c-917d-0005cfe48a5d,5,ars,5,8
189,ab63b367-3fca-4928-a09d-7193405c35e6,4,ars,4,12
190,c9a82866-52ad-4597-8b87-453b4bc3a9d7,5,ars,5,13
191,6a274d5b-677d-4929-aea5-ee7e74b22148,5,mf,5,9
192,cd8ff864-8804-4512-a910-988d817fa0f4,4,ars,4,6
193,cd8ff864-8804-4512-a910-988d817fa0f4,5,mfars,4,6
194,ccadbee5-4eed-499c-917d-0005cfe48a5d,5,ars,5,8
195,6a274d5b-677d-4929-aea5-ee7e74b22148,5,ars,5,9
196,ab63b367-3fca-4928-a09d-7193405c35e6,4,ars,4,12
197,85e43b59-9908-4cd1-8ed5-9b1605d2f7c4,4,ln,4,2
198,c9a82866-52ad-4597-8b87-453b4bc3a9d7,5,ars,5,13
199,c9a82866-52ad-4597-8b87-453b4bc3a9d7,5,ars,5,13
200,ccadbee5-4eed-499c-917d-0005cfe48a5d,5,ars,5,8
201,ab63b367-3fca-4928-a09d-7193405c35e6,4,ars,4,12
202,c9a82866-52ad-4597-8b87-453b4bc3a9d7,5,mf,5,13
203,ccadbee5-4eed-499c-917d-0005cfe48a5d,5,mf,5,8
204,6a274d5b-677d-4929-aea5-ee7e74b22148,5,mf,5,9
205,ab63b367-3fca-4928-a09d-7193405c35e6,4,mf,4,12
206,85e43b59-9908-4cd1-8ed5-9b1605d2f7c4,5,mf,5,2
207,cd8ff864-8804-4512-a910-988d817fa0f4,4,ars,4,6
208,cd8ff864-8804-4512-a910-988d817fa0f4,4,mf,4,6
209,ccadbee5-4eed-499c-917d-0005cfe48a5d,5,ars,5,8
210,c9a82866-52ad-4597-8b87-453b4bc3a9d7,5,ars,5,13
211,ab63b367-3fca-4928-a09d-7193405c35e6,4,ars,4,12
212,6a274d5b-677d-4929-aea5-ee7e74b22148,5,ars,4,9
213,cd8ff864-8804-4512-a910-988d817fa0f4,4,ars,4,6
214,ab63b367-3fca-4928-a09d-7193405c35e6,4,ars,4,12
215,ccadbee5-4eed-499c-917d-0005cfe48a5d,5,ars,5,8
216,c9a82866-52ad-4597-8b87-453b4bc3a9d7,5,ars,5,13
217,cd8ff864-8804-4512-a910-988d817fa0f4,4,ars,4,6
218,ccadbee5-4eed-499c-917d-0005cfe48a5d,5,mw,5,8
219,c9a82866-52ad-4597-8b87-453b4bc3a9d7,5,mw,5,13
220,ab63b367-3fca-4928-a09d-7193405c35e6,4,mw,4,12
221,ab63b367-3fca-4928-a09d-7193405c35e6,4,ars,4,12
222,6a274d5b-677d-4929-aea5-ee7e74b22148,5,mf,5,9
223,c9a82866-52ad-4597-8b87-453b4bc3a9d7,5,ars,5,13
224,c9a82866-52ad-4597-8b87-453b4bc3a9d7,5,ars,5,13
225,6a274d5b-677d-4929-aea5-ee7e74b22148,5,ars,4,9
226,ab63b367-3fca-4928-a09d-7193405c35e6,4,ars,4,12
227,c9a82866-52ad-4597-8b87-453b4bc3a9d7,5,ars,5,13
228,ab63b367-3fca-4928-a09d-7193405c35e6,4,ars,4,12
229,6a274d5b-677d-4929-aea5-ee7e74b22148,5,ars,5,9
230,6a274d5b-677d-4929-aea5-ee7e74b22148,5,ars,5,9
231,c9a82866-52ad-4597-8b87-453b4bc3a9d7,5,ars,5,13
232,ab63b367-3fca-4928-a09d-7193405c35e6,4,ars,4,12
233,f75086c6-4400-490d-896f-66d7cedbaff8,4,mf,5,4
234,96b55982-d833-4d5f-98ed-289bb9db0cad,5,mf,5,2
235,e420c585-c64b-42ae-9678-669201c3e5e7,5,mf,5,4
236,b56f24c7-ae4f-4c6c-9afe-69a2aaf49d25,5,mf,5,4
237,e420c585-c64b-42ae-9678-669201c3e5e7,5,rab,5,4
238,b56f24c7-ae4f-4c6c-9afe-69a2aaf49d25,5,rab,5,4
239,f75086c6-4400-490d-896f-66d7cedbaff8,5,ra,4,4
240,e420c585-c64b-42ae-9678-669201c3e5e7,5,ra,5,4
241,f75086c6-4400-490d-896f-66d7cedbaff8,5,ra,5,4
242,b56f24c7-ae4f-4c6c-9afe-69a2aaf49d25,5,ra,4,4
243,e420c585-c64b-42ae-9678-669201c3e5e7,5,ra,5,4
244,b56f24c7-ae4f-4c6c-9afe-69a2aaf49d25,5,ra,5,4
245,96b55982-d833-4d5f-98ed-289bb9db0cad,4,ra,4,2
246,f75086c6-4400-490d-896f-66d7cedbaff8,4,ra,4,4
247,c9a82866-52ad-4597-8b87-453b4bc3a9d7,5,ars,5,13
248,6a274d5b-677d-4929-aea5-ee7e74b22148,5,ars,5,9
249,d5bb291b-06cc-4dec-968a-ce7db7529f77,4,mdn,5,28
250,a47a4348-5295-48e9-aea3-acb821b95f11,3,mdn,5,23
251,6182a456-4de8-43e2-b54f-5836017a532d,4,mdn,4,19
252,50bc13c3-0c72-4cab-a0af-b1569c6608e6,4,mdn,4,30
253,44ca9a06-8b5d-42d1-a313-dfee18559727,4,je,3,28
254,b8711a0e-32ab-47db-aeb9-91be60b918a4,5,ars,5,18
255,a8272db8-0e9f-4372-a757-661bd02f9051,5,mf,4,26
256,f09830ac-90c9-4f96-82d2-30a969c28516,5,mdn,5,23
257,207a3175-fda0-43fb-8b30-c257bf055847,5,ars,5,29
258,dfc7c753-24c4-4193-ae2b-2ee1af876a13,4,mdn,3,30
259,60a29855-f1ba-4d16-a0e5-45fdc18d8780,4,mf,4,28
260,f5d4a203-e308-452c-86e4-9412e871f2e8,5,mdn,5,19
261,b201d5cd-6e38-4c63-8347-e1dbd89720e9,4,mw,5,24
262,1e22ce44-7a97-4f75-b7f5-d47bd96a8342,3,mdn,4,22
263,ff9d3a2b-707a-4274-9447-421946699738,5,mdn,4,25
264,a9c35b24-76a8-4b67-addd-81845fb390c7,5,ars,5,29
265,0c2d68f2-4d17-4dab-b9a1-d0bdf4e10ce4,4,mf,5,22
266,e6574fcd-b5fd-40b8-b94a-e3fdf1c887b6,5,ars,5,24
267,9f60f579-c330-400e-a75a-6d0d289424c1,5,mdn,5,19
268,6682a9bf-56ba-4596-8da7-14e90a00dcd4,5,ars,4,29
269,e18562d7-a549-49e1-ade6-2373fed3787d,5,mw,5,22
270,96491651-a46d-4fae-84ea-64c3c00a3071,5,mdn,5,19
271,ebd78cae-0a5d-43ed-bf3e-b6c496bd4b64,5,mdn,4,26
272,8aef2d51-8022-4436-a3a6-8c80ea4e0d91,5,ars,4,29
273,83da35e2-88ab-4562-9f43-c192ecdaed1e,5,mdn,5,18
274,de511cef-1fc8-493b-bb99-d9ba30a042c9,4,mf,5,28
275,daba59b7-3cb9-4533-b8a8-9e0562490dd2,5,mfarsmdn,5,23
276,d5b84e64-0316-493b-9d2d-3d5a49490e9c,5,ars,5,21
277,2f520f04-c2d9-4b9c-a029-6f9df9507b70,5,mw,5,20
278,da651f2b-7264-419b-86f7-c68c199ab2eb,5,ars,3,22
279,dac33426-3c77-4e9c-807c-3ecdc261339f,5,mdn,5,20
280,a5a4ee5b-8385-4dfb-9185-a1deb1531cdb,5,mdn,5,28
281,af8a0613-364e-42b4-903f-c2ea6ed41cea,4,ars,5,26
282,3cd61aab-db88-4ef9-8be4-5f94ff9698e7,5,ars,4,20
283,26180c48-bfbb-4af5-b4ff-6a1aa15b9f84,4,-,5,28
284,b08e0cea-9237-4a5a-87d6-3f72a313ae3f,4,mdn,4,29
285,f21916d7-d541-4ce8-a39b-d7f0276da589,4,mdn,5,21
286,6e1d86b6-1249-4c44-a984-f1ea046d19b8,5,mdn,5,19
287,dd17fd3c-6723-465c-8b53-ce5998b51003,4,ars,4,20
288,fcf4ee65-4267-4b08-bb3d-1860d83cb6e0,3,mdn,5,29
289,5d8a1dd5-498e-47ba-8bfc-62763467a996,5,ars,5,27
290,6e77a16f-1fc0-43a6-bf10-ef592e2084ea,5,mf,4,28
291,a4272ae2-4e7e-4252-a49a-10445c387bc6,5,mfars,5,29
292,ba649e58-8a55-492c-bf39-5d660ebef5c7,5,mw,3,20
293,efee5412-be59-448d-9f6e-9a7dcf201113,5,ars,5,29
294,1bfa930d-cf1c-479b-87e4-bae0f9073321,4,mf,5,23
295,789055e5-3d0a-423a-bd82-c9fcfdf03bac,5,ars,5,30
296,b08e0cea-9237-4a5a-87d6-3f72a313ae3f,5,ars,4,29
297,eb698920-996b-4bbd-b8a5-7414f307aa42,5,mf,5,21
298,606ef552-6427-489e-aec2-43a4a17643e2,5,ars,4,20
299,ae0bc742-9002-4ac9-b183-a2041b84bc8b,5,mdn,5,28
300,65f9bddd-fe54-4b4a-b2fa-8104c5db89c0,4,mdn,4,30
301,ed9b6e30-d898-4452-97e1-ccbcff4a27bb,5,mf,4,18
302,afcb575e-c985-4e48-8663-6e73dd6dbe65,5,ars,5,29
303,49b93c8d-21cf-4307-90e1-12f87a2a75a4,4,mf,5,26
304,d13135a7-9a68-4169-815e-981149a54291,5,mdn,5,27
305,58326bf0-4f33-4c16-b328-cc206f87d423,5,ars,5,28
306,7c7aeed7-f005-426d-aafd-368700609ba0,4,ars,5,22
307,3d110c2c-e912-45ac-b49c-d55781dd00dd,5,mdn,4,26
308,49b93c8d-21cf-4307-90e1-12f87a2a75a4,5,mdn,5,26
309,9b87a188-a71f-4d7a-bb50-b7fae8022f80,5,mdn,5,27
310,9fd059e2-db33-4855-9374-7ccccc82e66e,5,ars,5,22
311,cbaaf4cd-85c3-4140-9033-acedf90fa1cb,5,mdn,5,22
312,0fe94c00-c05c-4d31-9f39-7d31012ea47a,5,mf,5,24
313,ca5c06a4-b01e-4e89-b6e0-507d13da74e9,5,ars,5,27
314,3957973a-682a-4959-b576-9a085c8a44ae,3,ars,5,28
315,90f03727-0a86-4f64-8828-9b8d6d2a0650,5,ars,4,28
316,0fe94c00-c05c-4d31-9f39-7d31012ea47a,5,ars,3,24
317,ae40a3a5-e900-4cbc-8955-280bd7529d92,5,mf,4,21
318,5febecf8-2d9f-471b-9303-cd8dd0f658af,5,mf,5,28
319,e835a550-12b8-48aa-84a8-7fc1c8b1e775,4,mdn,3,18
320,20d213ef-76bf-41bb-bc87-9ffcfa2127bc,5,ars,4,26
321,dfc7c753-24c4-4193-ae2b-2ee1af876a13,5,mdn,5,30
322,6b544598-bc17-4e6f-9cd4-987f46c83902,5,mdn,5,19
323,1efd7e76-acea-457d-b43c-d2c538c532b2,3,mdn,4,22
324,3957973a-682a-4959-b576-9a085c8a44ae,5,mf,5,28
325,9c190f0c-c070-4a52-946b-462086f30106,4,mdn,4,25
326,9a61b41c-a3e3-4ee1-b5d0-fd87681fe92a,4,mdn,5,21
327,1c8b2fc6-6dea-4184-9cb0-5dfbe49b73da,3,ars,4,30
328,e8cf2675-3727-4525-970c-77eff23acff5,3,ars,3,22
329,49b93c8d-21cf-4307-90e1-12f87a2a75a4,3,ars,4,26
330,ad7840ca-5f92-40dd-963a-5f8460b3a9dd,5,ars,5,18
331,c7cccd38-9e0f-4c94-acfb-557606e7aadf,5,ars,5,22
332,5e6e310e-6abc-4e1a-b8e6-75b0a5b991b2,4,ars,4,28
333,a133b00f-54e3-42c5-87db-f89de83c6874,4,ars,4,20
334,366c8261-243e-4eab-9695-6df81979597a,5,mw,5,18
335,c4cf804a-7759-4269-8562-c7141d2c18c7,5,je,3,24
336,be1f9c71-c6b8-48c6-84bb-6ef5174954aa,3,ars,5,20
337,7c032388-80b3-48e9-be91-56bf32f69e9c,5,mf,5,29
338,c7bf0ed5-820e-4544-920d-c50b944dec2c,3,mdn,4,26
339,df68b52d-88f5-4b15-9731-39301acac35b,5,mw,3,24
340,2af566fa-f86c-462b-b3cf-5868069d103e,4,-,4,21
341,26180c48-bfbb-4af5-b4ff-6a1aa15b9f84,4,mdn,5,28
342,8905a79c-4956-4918-b85f-f194e57c2e62,5,ars,3,24
343,1b06ccbe-4819-4c66-9629-77abef688416,3,ars,4,25
344,3ad458ed-6069-4907-a71e-efda23c5abff,5,ars,5,28
345,83cff052-3ad9-416d-b26e-4797eccc0f10,4,ars,5,25
346,4f727795-2eba-42fd-97a6-dd7a8a15282b,5,mw,5,19
347,50bc13c3-0c72-4cab-a0af-b1569c6608e6,5,mdn,5,30
348,34099491-cba6-4b79-9c62-38e83f1cf9db,4,mdn,4,22
349,a21eedda-983a-47dd-81fc-20e1b1f34d9e,5,mdn,4,26
350,663c3978-6013-4a55-9a58-5d538e435021,5,mdn,5,25
351,7428131a-f272-433f-b7ae-725af2ab628d,4,ars,3,29
352,66435fb2-4e78-43d7-952d-d83ed97c5590,4,ars,5,21
353,2af566fa-f86c-462b-b3cf-5868069d103e,3,mdn,5,21
354,899d5675-9fe8-4dde-af03-7b62ba95428c,4,ars,5,22
355,88c6509b-cbe2-47c6-ad02-97c92e300c48,5,ars,5,30
356,c4cf804a-7759-4269-8562-c7141d2c18c7,5,mdn,5,24
357,22b43ba7-0a64-49dd-bf2f-b6920e84a056,5,mf,5,18
358,792a10ac-a9bb-45ce-af93-7a2619ef61fe,4,ars,4,30
359,f59c8c41-7c50-4929-a64d-49cf2e587423,5,ars,3,24
360,c16dd75d-767f-4f05-a3cf-e3207ecb51a4,5,ars,5,19
361,fdf2851c-a685-4112-80fc-401747191dc3,5,mdn,5,26
362,23205395-678b-4b55-a150-3fc8227c3a18,5,mf,3,29
363,2d1a4ae6-c125-4238-ae47-5496c45d5d8c,4,mw,4,24
364,4ac5d5c7-fcf8-4d13-8384-5e452e3c04af,5,mdn,5,28
365,e696ca58-d61a-449b-8aae-30772b7d92e3,5,ars,5,24
366,3ebec66e-6765-4b6b-a97a-c0eb8314e327,5,ars,5,20
367,16b89a6a-1ce4-4a2d-b19e-8d37bc7c7c5e,3,mdn,4,21
368,651aa3c1-3bba-4b30-9471-e0f7857900f7,5,mdn,3,29
369,fe2ef5d1-e5b0-4c59-b553-8a14aa6485fd,4,mf,5,28
370,558a3ec4-7fbc-40e7-9553-f8cff87516c7,5,ars,5,29
371,b72ffd03-aef1-4d7f-896e-953964384583,3,mdn,5,24
372,483a2cf3-98f9-456d-81d9-022710423c23,5,ars,5,24
373,f6079976-5f69-482b-8b84-179dd5524bfa,5,mf,4,28
374,dbf069ee-b1dd-4b75-8b6e-73734ec2cb48,4,je,4,21
375,6be004f0-b701-4daa-b7e2-312b56f97129,5,mdn,4,23
376,f63a1efa-33c6-40c7-8688-ef9d34466284,4,mdn,5,24
377,709c8608-6cac-4147-9d6e-e8152ce6340c,5,ars,4,24
378,4ac5d5c7-fcf8-4d13-8384-5e452e3c04af,4,mdn,4,28
379,ae40a3a5-e900-4cbc-8955-280bd7529d92,3,mdn,5,21
380,88c6509b-cbe2-47c6-ad02-97c92e300c48,5,ars,4,30
381,342ea9ee-c313-48ec-9c3e-d11cc7614f54,4,mfars,4,29
382,5ea1e29a-d64c-4b9b-bf02-d7bb6e8b1156,5,ars,5,29
383,5fab557d-756e-44e7-8f28-2896570692b2,5,mdn,3,30
384,1a26488b-6cd0-47ce-a93f-a8b4c8da09e2,5,ars,4,19
385,a59fa924-4733-471c-8754-f6595cd0e6f1,3,ars,5,27
386,68808f5c-066f-4afa-b2fa-ae7abe1e6ba5,5,ars,5,19
387,d99430cc-3810-4660-823f-02144b19ea3d,5,ars,4,29
388,9b87a188-a71f-4d7a-bb50-b7fae8022f80,4,mdn,5,27
389,0b5bc2f8-6b6b-4cd8-abdd-7c9350676492,3,ars,4,26
390,2b9d541b-cc79-4e7a-8aca-958bed3b2c61,4,mdn,4,18
391,7f337d29-cfd2-4a03-bbb9-ec6196e1d34d,5,mf,4,30
392,789055e5-3d0a-423a-bd82-c9fcfdf03bac,5,ars,5,30
393,adc0ba52-ad0c-4888-9527-72d7900b42bd,5,ars,4,26
394,0fe94c00-c05c-4d31-9f39-7d31012ea47a,5,mdn,3,24
395,f9c4d67a-8176-4831-b098-8d866ed2dd52,5,ars,5,20
396,de26149b-380f-42c9-bdc1-a8584f2c5233,5,mw,5,29
397,9054ffc8-9df3-4b73-a700-17b228a19cba,5,je,4,29
398,8c8342e9-a790-4117-b607-5415d372b7f6,5,ars,3,29
399,1b8f176a-44b5-4b9f-b3aa-7fd66e2c5697,5,ars,5,20
400,3ebec66e-6765-4b6b-a97a-c0eb8314e327,5,mdn,5,20
401,1e22ce44-7a97-4f75-b7f5-d47bd96a8342,5,ars,4,22
402,d13135a7-9a68-4169-815e-981149a54291,5,ars,5,27
403,6b792bd6-6f66-4692-b446-832cc13edc39,5,mdn,5,25
404,ab3fe741-a432-4b93-97e7-ca7f86b14d56,4,mdn,4,21
405,9054ffc8-9df3-4b73-a700-17b228a19cba,5,mdn,5,29
406,9a72950d-597c-4488-8d80-702130f485ee,5,mdn,4,23
407,9cdeb8f3-f6ad-44fd-bccb-390c69038d0b,4,mdn,3,20
408,a07d4949-be64-47ce-b0d2-c4b3e775404e,4,mw,5,24
409,b7ba5486-611f-4ead-9e37-51de7d6961bb,5,ars,5,30
410,77a3f484-80a6-4184-b278-fc2ba7a9bc4d,4,ars,5,24
411,b166452a-784d-4789-941e-1c7b8b6229f6,4,ars,2,21
412,934eaca0-2d10-4419-8175-7812976e2931,5,mdn,5,21
413,0fe94c00-c05c-4d31-9f39-7d31012ea47a,4,je,5,24
414,2a205037-8c86-4372-a92d-d81ee9b38025,4,ars,4,21
415,0e321c7e-d2cf-4699-aa74-9544ab8f2090,5,mdn,3,26
416,40ef5c66-cc76-49a6-851d-1b58fe2953d7,5,mdn,3,29
417,e62e4b0c-e929-48f4-ad21-f172df57e747,4,mf,4,23
418,558a3ec4-7fbc-40e7-9553-f8cff87516c7,5,mdn,5,29
419,0aa927af-2e14-47b5-bb75-c1c700b13262,5,mdn,5,25
420,ce6e85c5-f384-4d46-b67e-a4ca72252a0a,5,mdn,5,30
421,d59a405f-f8b3-49e9-9ac2-88dc3e6a1e53,4,mfars,5,23
422,cb05f3e4-515e-4567-9ec2-b3d043b9f1e4,5,mdn,4,22
423,19d5ec55-7543-48c4-8fbc-f01f5a9b2c95,4,mdn,3,26
424,e876c637-3708-402f-9fc3-ed2a59c697c9,5,ars,4,27
425,b8d47eb3-c03a-46ae-9ccb-29bb9f61162b,5,mf,4,30
426,2d1a4ae6-c125-4238-ae47-5496c45d5d8c,5,mf,4,24
427,444bb96e-33b5-408b-8f36-792f40a9e402,3,mdn,5,20
428,c6843a46-7606-45f7-a642-7dfbe9bb61cf,4,ars,5,28
429,f29b1b86-ab96-4876-889d-70b5955a01c7,5,mf,4,27
430,5e454df6-a68f-4b76-b06a-f576ed27a11e,5,ars,5,22
431,37ff7521-e05d-4635-8d59-e3c6f852d77d,4,mfars,5,23
432,c233c56b-6f1a-4f53-9f27-e39f5220f9d3,5,mdn,5,26
433,5cd193d4-8ecf-4845-a463-61edf2b05ff3,5,ars,5,26
434,a137710a-0bfc-4d4e-be3b-2aa711ee0d7c,5,mf,5,19
435,f6079976-5f69-482b-8b84-179dd5524bfa,5,mdn,5,28
436,e7cb74f4-ab7a-4555-90a9-a9f5ecb3f9b6,4,mw,4,28
437,6e83b88a-84c4-4f8a-8fa9-9ff48e48fa49,4,ars,5,24
438,2d289025-ff1e-4ba7-a201-6b6053e593e8,3,ars,5,21
439,f064f333-666c-499f-bfcb-b71607e60de7,5,mdn,5,30
440,fb0fdb0e-a962-4fa1-8447-b5f52235ffe8,4,mfars,3,20
441,f63a1efa-33c6-40c7-8688-ef9d34466284,4,ars,3,24
442,bd3fa596-ba3b-4756-90a8-164d551c2b98,5,mdn,4,19
443,41ae8e3f-715e-4fe0-aa5f-75aca345731c,5,tam,5,28
444,9c2aadbd-036d-45e6-b130-7f3d98892dba,5,ars,4,20
445,0f1a02d0-badb-422e-a97f-76df0e23f581,5,mdn,4,26
446,3c24d078-c8f8-4f83-ab59-6d25c5b84bc2,4,j,5,30
447,ac1781e0-796b-4d94-a324-680e348fe2cb,5,mdn,5,22
448,34099491-cba6-4b79-9c62-38e83f1cf9db,3,mdn,4,22
449,5939bdfb-18e1-40ee-8654-d802e218a33f,5,mdn,5,29
450,927c3ada-c329-468f-8b53-036feb07b813,5,mdn,5,21
451,2c867a72-877a-4cfb-8d18-01990c6c4846,5,ars,3,19
452,1de40c3b-877b-48c2-be67-4021b5459754,5,mdn,5,22
453,0e354232-854f-43ec-944d-b120245eea4d,4,mf,5,21
454,e04076e5-3fab-4e6b-9f79-38c54336e47b,5,mdn,5,20
455,4afd54fc-f5e7-41c3-beaf-b9b1270a218c,3,ars,5,28
456,98101cf4-a26d-4e32-9f91-6f42993b3ea1,3,mdn,4,18
457,d6d28a99-70f3-4053-961c-029e34621e96,5,mw,5,21
458,6be004f0-b701-4daa-b7e2-312b56f97129,5,ars,4,23
459,94173ad0-5841-4719-9ae3-44e387b19633,5,k,4,28
460,9ac75f91-4f73-4df0-bb20-b7de3069baee,5,mf,5,25
461,44ca9a06-8b5d-42d1-a313-dfee18559727,4,mdn,5,28
462,eb698920-996b-4bbd-b8a5-7414f307aa42,4,ars,5,21
463,2384d785-bbf8-4c79-be46-5e56d3e5feee,5,mdn,4,19
464,0a986dd7-a658-40a9-9d1b-d3074e036e35,4,ars,5,30
465,ed2064be-7d40-4f59-9e7d-d7e7dd54b118,5,mw,4,28
466,a9c35b24-76a8-4b67-addd-81845fb390c7,3,fg,5,29
467,789b8d4b-a8d0-430d-9fd4-29d445b2f6f2,4,mw,3,29
468,ac1781e0-796b-4d94-a324-680e348fe2cb,5,j,5,22
469,37801059-5d8a-4bb8-ac44-c92f83dbfa3a,5,mf,3,19
470,ac687490-2263-42a4-b629-41f9cb808ec3,4,mw,4,28
471,792a10ac-a9bb-45ce-af93-7a2619ef61fe,5,ars,5,30
472,2f520f04-c2d9-4b9c-a029-6f9df9507b70,5,mdn,4,20
473,202f45d7-fcef-4cc2-8278-6cd8e89d01cd,4,ars,5,19
474,64272418-9b0a-406a-8bbe-e115bdbfc718,5,ars,5,25
475,8e3026d2-a977-4221-a6cc-c30fd3590962,5,mf,4,30
476,93cc8629-4757-4a91-acbe-cb586e385c66,5,mdn,5,18
477,37ff7521-e05d-4635-8d59-e3c6f852d77d,5,mdn,4,23
478,fdf2851c-a685-4112-80fc-401747191dc3,5,mdn,5,26
479,26180c48-bfbb-4af5-b4ff-6a1aa15b9f84,5,ars,4,28
480,37725a9e-f7e1-4803-ad03-e9be32e186d4,5,mdn,4,20
481,eb5ab705-64b5-4824-80b1-748c0c01560b,5,mdn,5,30
482,820fb470-45af-4458-a617-8ea1f9d8915d,4,mw,5,30
483,0e97a2f7-f21a-4142-b564-eac1d55150cb,5,k,4,28
484,6e77a16f-1fc0-43a6-bf10-ef592e2084ea,4,mdn,3,28
485,85c289f3-c492-4b55-91f1-25a199c58832,3,mf,4,25
486,8d2d94c5-8114-4962-a74e-d3f9ce3f36f5,4,mdn,5,18
487,8d2d94c5-8114-4962-a74e-d3f9ce3f36f5,5,k,5,18
488,8836f623-a6e4-442f-aa50-99c436187488,5,ars,5,24
489,a07d4949-be64-47ce-b0d2-c4b3e775404e,5,ars,4,24
490,18d72f16-5e3b-4cdd-ac63-6847f84789e2,5,ars,5,25
491,5d11e9c3-db2d-42ce-a4b2-676294bcab5c,4,mf,4,24
492,0a986dd7-a658-40a9-9d1b-d3074e036e35,5,mf,5,30
493,6b544598-bc17-4e6f-9cd4-987f46c83902,5,mdn,5,19
494,83da35e2-88ab-4562-9f43-c192ecdaed1e,5,mfarsmdn,5,18
495,a133b00f-54e3-42c5-87db-f89de83c6874,5,tam,4,20
496,c1133665-1bdf-4e34-ad54-083732118089,5,mf,5,18
497,cbaaf4cd-85c3-4140-9033-acedf90fa1cb,5,ars,4,22
498,1da45063-2dc1-41f2-88ea-7f61fe7f9a19,5,mdn,4,25
499,e98d0b49-dc22-4be4-89e6-38ba25d671b3,5,mw,5,21
500,789b8d4b-a8d0-430d-9fd4-29d445b2f6f2,5,mdn,4,29
501,3e262f96-1a3a-4620-a5cb-26350e9ead3e,5,mdn,5,22
502,4ac5d5c7-fcf8-4d13-8384-5e452e3c04af,5,ars,5,28
503,8e3026d2-a977-4221-a6cc-c30fd3590962,5,ars,5,30
504,e8cf2675-3727-4525-970c-77eff23acff5,3,ars,4,22
505,7c7aeed7-f005-426d-aafd-368700609ba0,4,k,5,22
506,c1133665-1bdf-4e34-ad54-083732118089,4,mdn,5,18
507,9a61b41c-a3e3-4ee1-b5d0-fd87681fe92a,3,ars,5,21
508,2f586764-da78-499d-9a41-eafd03844e80,5,ars,5,29
509,39acfef6-976a-4ca5-a481-e5d887907fad,5,ars,4,19
510,83cff052-3ad9-416d-b26e-4797eccc0f10,5,mdn,5,25
511,78cb70fb-cca0-4d6b-83e3-0ca440be5174,4,ars,5,27
512,d057bbf9-c5fa-420a-9bb9-1f6322853d1c,5,mdn,4,27
513,14d84dec-8ae5-46d1-aebd-b3aa52f097ff,4,k,5,30
514,fefb10d9-4247-4d30-b89d-9efd8c703bf1,4,mdn,4,23
515,202f45d7-fcef-4cc2-8278-6cd8e89d01cd,5,mf,5,19
516,c43a7404-eeeb-4714-9bc9-598b448da6f9,3,ars,5,30
517,cee38db4-d8fb-4876-affb-408d23f0c5fc,3,mw,5,20
518,2384d785-bbf8-4c79-be46-5e56d3e5feee,5,ars,4,19
519,53f8916f-1f81-4fd4-ba7e-b3574e6852eb,5,ars,5,19
520,44ca9a06-8b5d-42d1-a313-dfee18559727,5,ars,5,28
521,64f2a8ab-33f5-42c6-9ba5-54e65b6b5af4,5,ars,4,30
522,93515f8d-d789-46de-bb36-728e6b16625a,5,mf,5,20
523,f96dc1f6-d3a8-4cf6-a3ab-6a1182d41edd,5,ars,4,23
524,b8617d9b-d83b-4256-a87a-6edeaaedc6ba,3,mdn,4,24
525,9b6d950a-d667-4f0b-ac67-0d810b2feff6,3,j,3,22
526,59ad52ab-0325-4f71-bbf8-6d0eabc630ad,4,ars,4,30
527,0aa927af-2e14-47b5-bb75-c1c700b13262,5,je,4,25
528,9cdeb8f3-f6ad-44fd-bccb-390c69038d0b,5,mf,5,20
529,216de2aa-e0bf-41b4-92da-3ad50ab2af5e,3,ars,5,22
530,6682a9bf-56ba-4596-8da7-14e90a00dcd4,5,ars,4,29
531,3715dae0-d872-499f-8f0c-fabf940e2bc0,5,ars,5,25
532,acf94512-66a4-418e-98d7-dfc6c4691d80,5,ars,4,24
533,2f520f04-c2d9-4b9c-a029-6f9df9507b70,4,ars,3,20
534,2e276933-00b1-44a5-93f7-8327f3fcca83,4,mdn,4,25
535,38ba55a0-96fe-4f04-af03-fe2a75bf9968,5,ars,5,26
536,38f9af29-497a-49e7-b561-797d2a207cf0,5,mdn,3,30
537,be1f9c71-c6b8-48c6-84bb-6ef5174954aa,5,ars,5,20
538,17f173bf-52a2-4042-80ee-6d30d0217f4c,5,mdn,4,20
539,2f773992-bd33-499d-b4d8-9de663d61d09,5,mf,5,18
540,be1f9c71-c6b8-48c6-84bb-6ef5174954aa,5,mdn,5,20
541,f2359723-11a9-4415-8278-4adb624d9e6b,5,mdn,4,29
542,2f17238b-3151-4596-bd04-d55f4c80a066,3,ars,4,30
543,e6574fcd-b5fd-40b8-b94a-e3fdf1c887b6,3,mf,5,24
544,64f2a8ab-33f5-42c6-9ba5-54e65b6b5af4,5,ars,4,30
545,a04fce7c-b286-4d7c-a980-189ed10f7dcb,4,ars,4,28
546,1c8b2fc6-6dea-4184-9cb0-5dfbe49b73da,3,ars,4,30
547,493c0fa8-bb96-4b13-b9fb-93abb37b65e7,5,mf,3,29
548,afcb575e-c985-4e48-8663-6e73dd6dbe65,5,mdn,5,29
549,a4272ae2-4e7e-4252-a49a-10445c387bc6,4,mdn,3,29
550,9edfb2eb-d613-48d3-bce6-bc81bffc2ac7,4,mdn,5,25
551,24f641eb-913a-4416-84af-07ec8721940e,3,ars,5,20
552,1efd7e76-acea-457d-b43c-d2c538c532b2,5,mdn,3,22
553,5805dec2-b9a9-4314-9e19-729737c7a6c6,5,mdn,5,21
554,a93b4520-48eb-4201-afbf-b8d72d7eb56a,5,mdn,5,28
555,220cc7c6-0cef-413b-af2a-ec2208ceac65,5,k,5,20
556,927c3ada-c329-468f-8b53-036feb07b813,5,ars,3,21
557,daba59b7-3cb9-4533-b8a8-9e0562490dd2,3,mdn,5,23
558,e59739bb-d66f-479b-92f8-1a526fb5a428,4,mdn,5,22
559,18ef96e8-9a73-4678-8c6c-772ce127d7f9,4,mdn,3,30
560,94173ad0-5841-4719-9ae3-44e387b19633,5,ars,5,28
561,49e2e565-049d-4753-871a-2ec2587d386e,4,ars,3,30
562,b2120df0-7828-41fd-8a67-19bf1554d594,3,mdn,5,19
563,3d110c2c-e912-45ac-b49c-d55781dd00dd,5,ars,4,26
564,9c190f0c-c070-4a52-946b-462086f30106,4,ars,5,25
565,d1560a24-8c99-4ae8-85f9-c9bf80991ce4,5,je,5,26
566,5e6e310e-6abc-4e1a-b8e6-75b0a5b991b2,5,ars,4,28
567,eb5ab705-64b5-4824-80b1-748c0c01560b,5,ars,5,30
568,19d5ec55-7543-48c4-8fbc-f01f5a9b2c95,5,mdn,4,26
569,820fb470-45af-4458-a617-8ea1f9d8915d,5,mw,4,30
570,c44794ff-60de-42e8-9ac1-d221a8ab29c0,5,ars,5,30
571,59ad52ab-0325-4f71-bbf8-6d0eabc630ad,5,mdn,5,30
572,5d11e9c3-db2d-42ce-a4b2-676294bcab5c,5,k,3,24
573,9fdd2e9f-bbb9-4c36-ad62-91b8914dd0ea,5,ars,5,25
574,24e8d7e7-70e0-47f0-835c-f03045861de5,4,ars,5,25
575,4afd54fc-f5e7-41c3-beaf-b9b1270a218c,4,ars,5,28
576,8aef2d51-8022-4436-a3a6-8c80ea4e0d91,3,ars,5,29
577,af410c09-749d-4f0b-bdb1-f3d0e42a2b0f,5,mf,3,19
578,4ac5d5c7-fcf8-4d13-8384-5e452e3c04af,4,ars,4,28
579,f6079976-5f69-482b-8b84-179dd5524bfa,5,mdn,4,28
580,90f03727-0a86-4f64-8828-9b8d6d2a0650,4,mf,5,28
581,85c289f3-c492-4b55-91f1-25a199c58832,5,ars,5,25
582,a2509b39-af24-4703-842f-27c2dcd12475,5,ars,5,29
583,22c4015e-dc9e-4d9e-b7f2-3a69fe57a3b8,5,ars,5,22
584,0ef4cecc-887a-460d-b699-659969939b87,5,mw,5,24
585,b201d5cd-6e38-4c63-8347-e1dbd89720e9,5,mw,4,24
586,2d1a4ae6-c125-4238-ae47-5496c45d5d8c,5,mf,5,24
587,7aaf2ee9-a6f9-4256-8f6b-742a0ee1ac2e,5,mw,5,26
588,7a024b41-0a4e-41dd-ad47-121884fa8a11,5,mw,5,23
589,f9c4d67a-8176-4831-b098-8d866ed2dd52,5,mf,5,20
590,d1d66775-cc03-42ea-ad3c-681efafb3682,5,mdn,5,24
591,f0d0484f-f159-4fe0-8ed4-45dd77bc7cff,5,fg,4,22
592,670e36fe-2b5e-4426-919b-889ef9ae7dc9,5,mdn,4,26
593,3c24d078-c8f8-4f83-ab59-6d25c5b84bc2,3,ars,5,30
594,c0db802b-635c-4f93-b4cb-7d9883a43093,4,mdn,5,28
595,921eaf8b-9aee-46c9-8e43-76663964131c,3,mdn,3,21
596,66435fb2-4e78-43d7-952d-d83ed97c5590,5,ars,5,21
597,f96dc1f6-d3a8-4cf6-a3ab-6a1182d41edd,5,mdn,3,23
598,efee5412-be59-448d-9f6e-9a7dcf201113,5,ars,4,29
599,eb5ab705-64b5-4824-80b1-748c0c01560b,4,mw,5,30
600,e42c716f-8970-4881-89c6-3db8a37ccd35,2,ars,4,30
601,0b187bd8-2c9e-4c1a-ad95-1ac60fa3f39d,4,mdn,5,20
602,de511cef-1fc8-493b-bb99-d9ba30a042c9,5,ars,4,28
603,abeb14a7-d8db-429f-9acc-79ef8cdf9a02,5,ars,4,23
604,689f72f3-8a26-4eb9-abf2-c41108bc5bb6,5,ars,4,23
605,ca5c06a4-b01e-4e89-b6e0-507d13da74e9,4,ars,5,27
606,cdb366d6-e302-45aa-b61c-6bb4bd827c4f,4,ars,4,22
607,adc0ba52-ad0c-4888-9527-72d7900b42bd,4,ars,3,26
608,cbce132e-cb8f-4aac-a1c1-a776704aebef,5,mdn,5,27
609,0c2d68f2-4d17-4dab-b9a1-d0bdf4e10ce4,5,mw,5,22
610,9798eef8-20b9-4df4-a0de-81ed2227b9bf,5,ars,5,24
611,8cc0183c-f480-475a-a25b-559f3576b7c5,5,mdn,4,18
612,91753f65-ede6-4be5-b7a7-9e8b4da7cc42,5,ars,3,21
613,efee5412-be59-448d-9f6e-9a7dcf201113,4,mdn,5,29
614,eb5ab705-64b5-4824-80b1-748c0c01560b,3,mdn,4,30
615,9c190f0c-c070-4a52-946b-462086f30106,4,mdn,4,25
616,88f20ee0-e749-487f-a908-12f8ab47142b,5,mdn,4,22
617,c7bf0ed5-820e-4544-920d-c50b944dec2c,4,ars,4,26
618,ce6e85c5-f384-4d46-b67e-a4ca72252a0a,5,mw,4,30
619,d2def5be-4ed5-4735-ba73-d6a360f58a69,5,mdn,3,25
620,23205395-678b-4b55-a150-3fc8227c3a18,5,ars,5,29
621,64272418-9b0a-406a-8bbe-e115bdbfc718,4,ars,5,25
622,9c2aadbd-036d-45e6-b130-7f3d98892dba,5,mdn,5,20
623,c7bf0ed5-820e-4544-920d-c50b944dec2c,3,mw,5,26
624,d1f141a2-1152-4522-ac13-eb572de63737,4,ars,4,23
625,f2359723-11a9-4415-8278-4adb624d9e6b,4,mdn,5,29
626,9a61b41c-a3e3-4ee1-b5d0-fd87681fe92a,5,mdn,4,21
627,a8272db8-0e9f-4372-a757-661bd02f9051,4,ars,5,26
628,e62e4b0c-e929-48f4-ad21-f172df57e747,5,mdn,5,23
629,3418969d-5c13-46ee-8df0-794019e7a64f,5,mdn,5,30
630,9798eef8-20b9-4df4-a0de-81ed2227b9bf,2,ars,4,24
631,7828cf51-b3a0-48db-8231-70513625208a,4,je,4,18
632,4c39b0b9-c9d0-45ac-b545-190c3da984fa,4,mdn,5,21
633,83cff052-3ad9-416d-b26e-4797eccc0f10,4,mf,5,25
634,802f27c7-ea1a-4e42-97b3-8174f236e379,5,ars,5,29
635,0e97a2f7-f21a-4142-b564-eac1d55150cb,5,mdn,5,28
636,ba649e58-8a55-492c-bf39-5d660ebef5c7,3,ars,5,20
637,5c1e8c88-6c25-4e21-99e7-98f3140d754f,5,mdn,3,22
638,a59fa924-4733-471c-8754-f6595cd0e6f1,5,mdn,4,27
639,cae3f7d3-ef38-44cd-99ae-c2606063e41f,5,ars,4,22
640,1e22ce44-7a97-4f75-b7f5-d47bd96a8342,4,ars,4,22
641,4c618e0b-e52e-4b54-98ca-542b28fe4432,4,ars,2,18
642,e876c637-3708-402f-9fc3-ed2a59c697c9,4,ars,5,27
643,38f9af29-497a-49e7-b561-797d2a207cf0,5,mdn,5,30
644,4ff66c05-68eb-4bc1-9ed7-4ca15066eb3c,5,ars,3,20
645,6e83b88a-84c4-4f8a-8fa9-9ff48e48fa49,5,mf,5,24
646,51c428b4-c4a7-4da8-86e1-1fa640026086,3,mdn,5,28
647,4afd54fc-f5e7-41c3-beaf-b9b1270a218c,5,mw,5,28
648,28c21980-3720-4511-bec7-cc2e6275750a,3,mdn,3,28
649,dfac5d22-8882-4707-bbe8-9325b9ddc739,5,mdn,5,20
650,b1d1a983-98bc-441f-96bf-b92fd2c78493,5,mw,5,26
651,e490e589-c757-4a79-9fb9-b96dc034c08b,5,mdn,5,22
652,68808f5c-066f-4afa-b2fa-ae7abe1e6ba5,5,mdn,5,19
653,b201d5cd-6e38-4c63-8347-e1dbd89720e9,4,mf,3,24
654,a4272ae2-4e7e-4252-a49a-10445c387bc6,5,mf,5,29
655,91e4721c-9e62-45f6-874a-878f40489739,5,ars,5,21
656,c7bf0ed5-820e-4544-920d-c50b944dec2c,5,mdn,4,26
657,0bb3ee6a-85cc-4eb3-b648-e8c08e1364db,5,ars,5,24
658,220cc7c6-0cef-413b-af2a-ec2208ceac65,4,ars,5,20
659,e9877472-82b1-472c-8e62-929561e5e2e7,5,ars,5,30
660,d99430cc-3810-4660-823f-02144b19ea3d,5,ars,3,29
661,c34aed25-5a2c-400e-ba87-7168d634e3bd,5,mdn,5,30
662,9fdd2e9f-bbb9-4c36-ad62-91b8914dd0ea,3,ars,4,25
663,e9b443df-a15c-4c9f-b225-c44096cdcb9e,5,ars,5,19
664,640d60da-a441-4460-b386-d9613ee01d28,3,ars,5,29
665,fe2ef5d1-e5b0-4c59-b553-8a14aa6485fd,5,mdn,3,28
666,aafce93e-6e5f-46ad-b186-d642d5a456a1,5,mfars,5,30
667,5d6539ff-441b-46cc-af23-5b77ff05230e,4,mdn,5,25
668,0aa927af-2e14-47b5-bb75-c1c700b13262,5,mf,5,25
669,acf94512-66a4-418e-98d7-dfc6c4691d80,4,mdn,5,24
670,d057bbf9-c5fa-420a-9bb9-1f6322853d1c,5,ars,3,27
671,dfac5d22-8882-4707-bbe8-9325b9ddc739,5,mw,5,20
672,8aef2d51-8022-4436-a3a6-8c80ea4e0d91,5,ars,4,29
673,e11ba41b-805a-4223-afa6-67c773666985,4,ars,4,30
674,b8617d9b-d83b-4256-a87a-6edeaaedc6ba,4,ars,4,24
675,44ca9a06-8b5d-42d1-a313-dfee18559727,4,mdn,5,28
676,dceebdb5-1a91-4fa6-8072-aaa827868eb3,4,ars,4,26
677,78cb70fb-cca0-4d6b-83e3-0ca440be5174,5,ars,5,27
678,5805dec2-b9a9-4314-9e19-729737c7a6c6,5,ars,4,21
679,2d1a4ae6-c125-4238-ae47-5496c45d5d8c,5,fg,4,24
680,88c6509b-cbe2-47c6-ad02-97c92e300c48,5,mf,5,30
681,5e6e310e-6abc-4e1a-b8e6-75b0a5b991b2,5,mf,4,28
682,6b792bd6-6f66-4692-b446-832cc13edc39,5,mdn,5,25
683,2d289025-ff1e-4ba7-a201-6b6053e593e8,5,mdn,5,21
684,c6990f5b-cd7a-4dda-a877-6155653d134e,5,ars,4,19
685,20d213ef-76bf-41bb-bc87-9ffcfa2127bc,4,ars,5,26
686,b72ffd03-aef1-4d7f-896e-953964384583,4,ars,5,24
687,7c900363-ac5f-43a0-ae64-d5bb23688d88,5,ars,4,27
688,c43a7404-eeeb-4714-9bc9-598b448da6f9,3,ars,5,30
689,5e454df6-a68f-4b76-b06a-f576ed27a11e,3,ars,5,22
690,5d674651-5ef2-4f04-b0fd-1cb744d92488,5,mfars,4,18
691,aafce93e-6e5f-46ad-b186-d642d5a456a1,4,ars,4,30
692,38f9af29-497a-49e7-b561-797d2a207cf0,5,ars,5,30
693,d2def5be-4ed5-4735-ba73-d6a360f58a69,4,ars,5,25
694,38f9af29-497a-49e7-b561-797d2a207cf0,5,ars,4,30
695,5939bdfb-18e1-40ee-8654-d802e218a33f,3,mdn,5,29
696,1cb0d1bf-328c-48fc-ba36-d238bcf1b7f6,5,mdn,5,22
697,2f586764-da78-499d-9a41-eafd03844e80,5,k,5,29
698,e696ca58-d61a-449b-8aae-30772b7d92e3,5,ars,5,24
699,c1843817-41a0-4488-9c7a-5a537f4659b5,5,ars,5,29
700,ce6e85c5-f384-4d46-b67e-a4ca72252a0a,5,mdn,5,30
701,e70f6ce4-4606-4a3d-a5cb-3c22ac67b4ea,3,mf,5,18
702,d1f141a2-1152-4522-ac13-eb572de63737,4,mdn,5,23
703,c005b690-b142-4d65-85e4-6ae65a48024d,4,ars,5,27
704,d975480c-d90f-414e-a9e1-b1288c4fbd1c,5,ars,3,28
705,ff4a3b75-5599-4d90-95f0-8a1bf29c5849,5,mdn,5,27
706,651aa3c1-3bba-4b30-9471-e0f7857900f7,5,mw,5,29
707,0d5f41b7-3ab8-478c-836a-767823fd4c82,4,mdn,5,28
708,e876c637-3708-402f-9fc3-ed2a59c697c9,5,mdn,4,27
709,64f2a8ab-33f5-42c6-9ba5-54e65b6b5af4,4,mdn,4,30
710,5d6539ff-441b-46cc-af23-5b77ff05230e,4,ars,5,25
711,2c7871c7-4bd5-43a8-aa2c-3c65fc33736c,5,ars,5,26
712,b08e0cea-9237-4a5a-87d6-3f72a313ae3f,5,k,5,29
713,ae40a3a5-e900-4cbc-8955-280bd7529d92,4,mdn,5,21
714,934eaca0-2d10-4419-8175-7812976e2931,5,ars,5,21
715,8633ed8f-31e9-45be-8c95-1a50d1658229,5,mdn,5,27
716,e11ba41b-805a-4223-afa6-67c773666985,5,mw,4,30
717,7a0157cb-c6fc-4ec5-873e-fafdddf66174,4,ars,5,20
718,caa1cb22-fbe5-43dd-bba4-11dd60e108aa,5,mdn,5,26
719,e0c2a19b-d844-4f21-887c-a90f7c9b4346,5,mdn,4,28
720,9054ffc8-9df3-4b73-a700-17b228a19cba,4,mf,4,29
721,8aef2d51-8022-4436-a3a6-8c80ea4e0d91,4,mf,3,29
722,c81c0d30-be22-4d14-a328-3760bfd5e023,4,mw,5,20
723,ba649e58-8a55-492c-bf39-5d660ebef5c7,4,ars,5,20
724,d1adf242-5e1a-4a78-9c07-f0ba06758c42,4,mdn,5,19
725,38f9af29-497a-49e7-b561-797d2a207cf0,5,mw,5,30
726,7a024b41-0a4e-41dd-ad47-121884fa8a11,5,ars,5,23
727,44f5e566-7fef-484a-b881-c53d9249ae9b,5,mdn,5,28
728,15500f87-5d38-4e31-b34d-fe209c3a5de4,5,ars,5,18
729,dceebdb5-1a91-4fa6-8072-aaa827868eb3,4,-,5,26
730,c4cf804a-7759-4269-8562-c7141d2c18c7,4,ars,4,24
731,dda13a7f-e01e-4084-b353-9a7870744ff1,3,tam,5,26
732,50bc13c3-0c72-4cab-a0af-b1569c6608e6,5,ars,5,30
733,38f9af29-497a-49e7-b561-797d2a207cf0,3,ars,5,30
734,9dafb395-690f-4613-9aed-1761724d82c8,5,mf,5,22
735,342ea9ee-c313-48ec-9c3e-d11cc7614f54,4,mdn,5,29
736,a76629f6-fe9d-4e32-a4ab-46b9faf116a0,5,ars,3,25
737,84d29b44-26c6-4b05-8a67-31831d35be32,5,mf,5,28
738,f63a1efa-33c6-40c7-8688-ef9d34466284,5,ars,4,24
739,91753f65-ede6-4be5-b7a7-9e8b4da7cc42,5,mf,5,21
740,0bb3ee6a-85cc-4eb3-b648-e8c08e1364db,3,mdn,3,24
741,c6843a46-7606-45f7-a642-7dfbe9bb61cf,3,ars,4,28
742,aafce93e-6e5f-46ad-b186-d642d5a456a1,5,mf,5,30
743,a50dc3c0-5a19-4025-83eb-5812671c9480,5,mdn,5,20
744,7aaf2ee9-a6f9-4256-8f6b-742a0ee1ac2e,3,ars,4,26
745,273a109b-52b8-4925-8536-22ceb3b716dc,4,ars,5,30
746,6e83b88a-84c4-4f8a-8fa9-9ff48e48fa49,5,ars,3,24
747,9cdeb8f3-f6ad-44fd-bccb-390c69038d0b,5,j,5,20
748,2f773992-bd33-499d-b4d8-9de663d61d09,5,mdn,5,18
749,de511cef-1fc8-493b-bb99-d9ba30a042c9,4,mf,4,28
750,e6574fcd-b5fd-40b8-b94a-e3fdf1c887b6,5,ars,5,24
751,802f27c7-ea1a-4e42-97b3-8174f236e379,5,mdn,5,29
752,f6079976-5f69-482b-8b84-179dd5524bfa,5,mdn,5,28
753,11b7094b-b88a-4478-b067-09000dfe4062,5,je,5,25
754,38ba55a0-96fe-4f04-af03-fe2a75bf9968,5,mdn,5,26
755,d26cad8a-57db-41ec-9679-d73b30e718dc,4,mw,5,30
756,86677349-04ed-425a-b521-0389359ed54e,5,j,5,25
757,f6a23d22-7609-4675-b15a-07e2ac92d770,5,mw,5,27
758,6d494d2e-4ab9-4884-b620-e73214923863,5,ars,4,18
759,44f5e566-7fef-484a-b881-c53d9249ae9b,3,ars,3,28
760,a137710a-0bfc-4d4e-be3b-2aa711ee0d7c,4,mdn,5,19
761,9054ffc8-9df3-4b73-a700-17b228a19cba,5,mdn,4,29
762,efee5412-be59-448d-9f6e-9a7dcf201113,3,mdn,5,29
763,66435fb2-4e78-43d7-952d-d83ed97c5590,5,mdn,5,21
764,53f8916f-1f81-4fd4-ba7e-b3574e6852eb,3,mw,5,19
765,6182a456-4de8-43e2-b54f-5836017a532d,5,ars,3,19
766,4c618e0b-e52e-4b54-98ca-542b28fe4432,5,mdn,5,18
767,3dea5f61-f356-432f-b831-57df87d6b032,5,mdn,5,23
768,dfc7c753-24c4-4193-ae2b-2ee1af876a13,4,ars,4,30
769,558a3ec4-7fbc-40e7-9553-f8cff87516c7,4,ars,5,29
770,a137710a-0bfc-4d4e-be3b-2aa711ee0d7c,5,fg,4,19
771,a50dc3c0-5a19-4025-83eb-5812671c9480,5,ars,5,20
772,3418969d-5c13-46ee-8df0-794019e7a64f,5,mw,4,30
773,fb0fdb0e-a962-4fa1-8447-b5f52235ffe8,4,ars,5,20
774,c16dd75d-767f-4f05-a3cf-e3207ecb51a4,5,k,4,19
775,24e8d7e7-70e0-47f0-835c-f03045861de5,5,mdn,5,25
776,d59a405f-f8b3-49e9-9ac2-88dc3e6a1e53,4,mdn,4,23
777,11cb3da8-b076-4554-b86b-ad619773b101,5,mdn,5,27
778,80b41e1b-5190-447f-b409-c16b01162cf0,5,mw,5,22
779,6b792bd6-6f66-4692-b446-832cc13edc39,5,k,5,25
780,e10e6103-9fa7-4a16-bfe4-f437f8ccfdbc,5,ars,5,19
781,4ac5d5c7-fcf8-4d13-8384-5e452e3c04af,4,mdn,3,28
782,b8b1fa86-8f82-4898-a242-72dfdcfc0b75,5,mdn,5,25
783,3715dae0-d872-499f-8f0c-fabf940e2bc0,5,ars,5,25
784,b50df7ff-04f6-45b6-b3fd-0d96d4fbcd61,3,ars,3,18
785,9edfb2eb-d613-48d3-bce6-bc81bffc2ac7,4,ars,3,25
786,da651f2b-7264-419b-86f7-c68c199ab2eb,3,mdn,4,22
787,ff9d3a2b-707a-4274-9447-421946699738,5,mdn,5,25
788,7c7aeed7-f005-426d-aafd-368700609ba0,4,mdn,5,22
789,4c39b0b9-c9d0-45ac-b545-190c3da984fa,4,k,5,21
790,e10e6103-9fa7-4a16-bfe4-f437f8ccfdbc,5,mdn,5,19
791,37ff7521-e05d-4635-8d59-e3c6f852d77d,5,mdn,5,23
792,5805dec2-b9a9-4314-9e19-729737c7a6c6,4,mdn,4,21
793,85c289f3-c492-4b55-91f1-25a199c58832,3,ars,5,25
794,9ffb6093-07ab-4c59-8f50-d7b38b640c04,4,mdn,4,29
795,984f5641-df2b-40ba-83b2-61ba8eabc65c,3,ars,5,24
796,375b7df7-16cd-4376-965f-52dc0c4f3eb3,5,mf,4,23
797,9c2aadbd-036d-45e6-b130-7f3d98892dba,4,tam,5,20
798,5febecf8-2d9f-471b-9303-cd8dd0f658af,4,mdn,4,28
799,ed9b6e30-d898-4452-97e1-ccbcff4a27bb,5,mdn,5,18
800,80b41e1b-5190-447f-b409-c16b01162cf0,3,ars,5,22
801,78cb70fb-cca0-4d6b-83e3-0ca440be5174,3,ars,5,27
802,86677349-04ed-425a-b521-0389359ed54e,5,mf,5,25
803,4073acaa-d216-4e04-8729-bfadada4d095,5,ars,5,20
804,8bad8df3-fd1c-47eb-a830-cd085d8918f1,4,ars,5,20
805,5e6e310e-6abc-4e1a-b8e6-75b0a5b991b2,4,mdn,5,28
806,4afd54fc-f5e7-41c3-beaf-b9b1270a218c,5,mdn,4,28
807,3d110c2c-e912-45ac-b49c-d55781dd00dd,5,-,5,26
808,cee38db4-d8fb-4876-affb-408d23f0c5fc,5,mdn,5,20
809,637a2933-734a-4323-a7e9-7f9f79ad4dc4,5,mdn,5,23
810,9dafb395-690f-4613-9aed-1761724d82c8,5,ars,4,22
811,8cc0183c-f480-475a-a25b-559f3576b7c5,5,mf,4,18
812,f1242db3-e5af-4813-a6f1-4c9e531776bd,4,mdn,5,20
813,1efd7e76-acea-457d-b43c-d2c538c532b2,5,mf,5,22
814,f09830ac-90c9-4f96-82d2-30a969c28516,5,mdn,4,23
815,5fab557d-756e-44e7-8f28-2896570692b2,5,mw,5,30
816,6f2f152e-fe85-4611-857a-528266761927,4,mdn,5,20
817,5fab557d-756e-44e7-8f28-2896570692b2,5,mdn,5,30
818,91e4721c-9e62-45f6-874a-878f40489739,4,mf,4,21
819,b8711a0e-32ab-47db-aeb9-91be60b918a4,3,mdn,5,18
820,e835a550-12b8-48aa-84a8-7fc1c8b1e775,3,mdn,5,18
821,9edfb2eb-d613-48d3-bce6-bc81bffc2ac7,4,mw,5,25
822,cee38db4-d8fb-4876-affb-408d23f0c5fc,3,mdn,3,20
823,2384d785-bbf8-4c79-be46-5e56d3e5feee,5,mdn,3,19
824,6e77a16f-1fc0-43a6-bf10-ef592e2084ea,4,ars,3,28
825,2f773992-bd33-499d-b4d8-9de663d61d09,5,mdn,5,18
826,a59fa924-4733-471c-8754-f6595cd0e6f1,5,mw,5,27
827,2c867a72-877a-4cfb-8d18-01990c6c4846,5,ars,5,19
828,6b792bd6-6f66-4692-b446-832cc13edc39,5,mf,5,25
829,6975f225-5acc-48bb-a80d-6a3a5e442fae,4,mdn,5,28
830,d2def5be-4ed5-4735-ba73-d6a360f58a69,4,mdn,5,25
831,c43a7404-eeeb-4714-9bc9-598b448da6f9,5,mdn,4,30
832,c1843817-41a0-4488-9c7a-5a537f4659b5,5,mf,5,29
833,573f0cfc-29ec-4c96-b6fa-c4b9c5746ccf,4,fg,4,28
834,15500f87-5d38-4e31-b34d-fe209c3a5de4,5,mf,3,18
835,1bfa930d-cf1c-479b-87e4-bae0f9073321,5,ars,5,23
836,1105bd82-4df4-4116-be5a-0fc3f7506907,5,mf,4,18
837,357bbbdb-8186-4709-a792-2b49f743fad2,5,mfars,5,18
838,c43a7404-eeeb-4714-9bc9-598b448da6f9,4,ars,4,30
839,88c6509b-cbe2-47c6-ad02-97c92e300c48,5,mdn,5,30
840,a137710a-0bfc-4d4e-be3b-2aa711ee0d7c,3,mdn,5,19
841,e490e589-c757-4a79-9fb9-b96dc034c08b,5,ars,4,22
842,be4db01d-a7c7-4918-93df-7014dc077733,5,mdn,5,22
843,2e276933-00b1-44a5-93f7-8327f3fcca83,5,mdn,5,25
844,ceb7a529-86be-4dc4-b116-38797aabd2dd,5,mdn,4,29
845,f1242db3-e5af-4813-a6f1-4c9e531776bd,5,mf,5,20
846,6e83b88a-84c4-4f8a-8fa9-9ff48e48fa49,3,ars,5,24
847,220cc7c6-0cef-413b-af2a-ec2208ceac65,3,mdn,5,20
848,44f5e566-7fef-484a-b881-c53d9249ae9b,3,ars,4,28
849,0fe94c00-c05c-4d31-9f39-7d31012ea47a,5,mw,5,24
850,e696ca58-d61a-449b-8aae-30772b7d92e3,5,ars,4,24
851,a5a4ee5b-8385-4dfb-9185-a1deb1531cdb,3,mdn,5,28
852,7c900363-ac5f-43a0-ae64-d5bb23688d88,5,mfarsmdn,4,27
853,f443f8f7-c1f8-4b45-a91c-5a994f4c0ef6,5,ars,5,20
854,e7ec3fdb-639e-430f-978e-10c034fd3978,5,mw,5,21
855,b661cc43-3695-4a39-b0dc-21164ec6e199,4,ars,4,20
856,1f4653ef-22c9-4df4-acae-3ce6dcf43075,5,je,5,26
857,5d8a1dd5-498e-47ba-8bfc-62763467a996,5,mdn,5,27
858,573f0cfc-29ec-4c96-b6fa-c4b9c5746ccf,4,mf,5,28
859,c1843817-41a0-4488-9c7a-5a537f4659b5,4,mdn,5,29
860,be4db01d-a7c7-4918-93df-7014dc077733,5,ars,4,22
861,fdf2851c-a685-4112-80fc-401747191dc3,5,mw,5,26
862,3715dae0-d872-499f-8f0c-fabf940e2bc0,5,ars,5,25
863,89659f75-6600-40be-8c14-322a5ae87e24,5,ars,4,23
864,1b8f176a-44b5-4b9f-b3aa-7fd66e2c5697,5,ars,5,20
865,24e8d7e7-70e0-47f0-835c-f03045861de5,5,ars,5,25
866,670e36fe-2b5e-4426-919b-889ef9ae7dc9,5,j,4,26
867,d1adf242-5e1a-4a78-9c07-f0ba06758c42,3,ars,5,19
868,606ef552-6427-489e-aec2-43a4a17643e2,4,ars,5,20
869,6682a9bf-56ba-4596-8da7-14e90a00dcd4,4,mw,4,29
870,95914d89-1f22-4630-8d62-91f2d8d0ed88,3,mdn,4,19
871,9054ffc8-9df3-4b73-a700-17b228a19cba,4,mdn,4,29
872,86677349-04ed-425a-b521-0389359ed54e,4,mfarsmdn,5,25
873,b5bc6003-dc35-4ca6-b16c-1752ffb0d186,5,mf,5,20
874,b1d1a983-98bc-441f-96bf-b92fd2c78493,5,mdn,4,26
875,b08e0cea-9237-4a5a-87d6-3f72a313ae3f,3,mdn,5,29
876,ce6e85c5-f384-4d46-b67e-a4ca72252a0a,4,mf,5,30
877,0a986dd7-a658-40a9-9d1b-d3074e036e35,5,j,3,30
878,37ff7521-e05d-4635-8d59-e3c6f852d77d,5,mf,4,23
879,bcb872cd-f6f8-422c-8729-59be0b01e4c4,4,ars,5,27
880,8633ed8f-31e9-45be-8c95-1a50d1658229,3,mf,5,27
881,ca5c06a4-b01e-4e89-b6e0-507d13da74e9,5,ars,4,27
882,0ef4cecc-887a-460d-b699-659969939b87,4,mdn,5,24
883,c34aed25-5a2c-400e-ba87-7168d634e3bd,5,mdn,4,30
884,637a2933-734a-4323-a7e9-7f9f79ad4dc4,5,mdn,4,23
885,5cb0e54b-ec8d-46d8-8d81-eaa3e0687114,4,mdn,5,18
886,7fab4381-0d58-4c87-890a-00f892c6b4d3,4,mdn,5,27
887,2c867a72-877a-4cfb-8d18-01990c6c4846,3,mf,5,19
888,6f680a58-6e7f-4b24-ab2a-8f615cd14a21,3,mw,4,27
889,be1f9c71-c6b8-48c6-84bb-6ef5174954aa,5,mdn,5,20
890,cee74a0a-0b19-443e-93ff-152112089c51,3,mdn,5,24
891,2a205037-8c86-4372-a92d-d81ee9b38025,5,ars,3,21
892,2c867a72-877a-4cfb-8d18-01990c6c4846,5,ars,5,19
893,0d5f41b7-3ab8-478c-836a-767823fd4c82,5,ars,5,28
894,d056ef76-a2d5-4e81-9a82-0a5190a878e8,5,mf,4,28
895,efee5412-be59-448d-9f6e-9a7dcf201113,5,mdn,4,29
896,747f065e-55d2-47c9-ab2b-c349fcbc001d,5,ars,4,23
897,98101cf4-a26d-4e32-9f91-6f42993b3ea1,2,mdn,3,18
898,38f9af29-497a-49e7-b561-797d2a207cf0,5,mdn,5,30
899,2b46b282-1df9-4423-9625-2c6743a25144,4,ars,4,25
900,5ef119b1-883b-4964-8400-341414ee551a,4,ars,5,22
901,4073acaa-d216-4e04-8729-bfadada4d095,5,mdn,5,20
902,78cb70fb-cca0-4d6b-83e3-0ca440be5174,5,mw,5,27
903,ed2064be-7d40-4f59-9e7d-d7e7dd54b118,5,mdn,4,28
904,11b7094b-b88a-4478-b067-09000dfe4062,5,fg,5,25
905,40ef5c66-cc76-49a6-851d-1b58fe2953d7,5,mdn,4,29
906,5d674651-5ef2-4f04-b0fd-1cb744d92488,5,ars,4,18
907,375b7df7-16cd-4376-965f-52dc0c4f3eb3,2,mdn,3,23
908,7c900363-ac5f-43a0-ae64-d5bb23688d88,5,mdn,5,27
909,a51ce71d-9acf-4e2f-b3bb-2d456a3de7ec,5,mf,5,22
910,573f0cfc-29ec-4c96-b6fa-c4b9c5746ccf,5,mfars,5,28
911,b661cc43-3695-4a39-b0dc-21164ec6e199,5,ars,5,20
912,6e65b841-848c-46e7-a8b3-15ca81055f6a,4,mdn,3,26
913,9272dcff-3d6f-401f-9f68-7c06df177b96,5,mw,5,20
914,6e83b88a-84c4-4f8a-8fa9-9ff48e48fa49,5,mw,5,24
915,5cf62f0f-9b68-4dd7-9dd1-78727e147558,4,k,4,19
916,c44794ff-60de-42e8-9ac1-d221a8ab29c0,4,ars,5,30
917,3957973a-682a-4959-b576-9a085c8a44ae,5,mdn,4,28
918,73ae6177-466a-40ab-833a-67f5a7eedc79,3,fg,5,26
919,a2509b39-af24-4703-842f-27c2dcd12475,4,ars,5,29
920,e70f6ce4-4606-4a3d-a5cb-3c22ac67b4ea,5,mdn,4,18
921,da651f2b-7264-419b-86f7-c68c199ab2eb,5,ars,4,22
922,53204bad-4011-4a1a-b4d1-cee62543e32e,5,mw,5,20
923,789055e5-3d0a-423a-bd82-c9fcfdf03bac,3,ars,5,30
924,d13135a7-9a68-4169-815e-981149a54291,5,mw,5,27
925,a9c35b24-76a8-4b67-addd-81845fb390c7,5,mf,5,29
926,64272418-9b0a-406a-8bbe-e115bdbfc718,5,mdn,5,25
927,47ab6a24-9a36-4af9-b4a4-651bfa037130,4,mdn,5,19
928,86677349-04ed-425a-b521-0389359ed54e,4,mfmw,5,25
929,9798eef8-20b9-4df4-a0de-81ed2227b9bf,5,mdn,4,24
930,c3199038-0991-484e-bfee-899557351e13,5,mdn,4,25
931,96491651-a46d-4fae-84ea-64c3c00a3071,4,mdn,5,19
932,ed2064be-7d40-4f59-9e7d-d7e7dd54b118,5,mdn,4,28
933,921eaf8b-9aee-46c9-8e43-76663964131c,5,mdn,3,21
934,7c900363-ac5f-43a0-ae64-d5bb23688d88,5,mf,5,27
935,8f526ed2-d369-4494-ac76-83d6b718337f,5,ars,5,21
936,5febecf8-2d9f-471b-9303-cd8dd0f658af,5,mdn,5,28
937,55284c4b-b914-4e5d-9551-79d8f5b4eb5d,5,mdn,5,26
938,f21916d7-d541-4ce8-a39b-d7f0276da589,5,mdn,5,21
939,5cb0e54b-ec8d-46d8-8d81-eaa3e0687114,4,mf,4,18
940,d975480c-d90f-414e-a9e1-b1288c4fbd1c,5,mdn,5,28
941,e6574fcd-b5fd-40b8-b94a-e3fdf1c887b6,4,mdn,5,24
942,391319c2-41bc-4213-ba51-0e06718e1803,5,ars,5,26
943,44f5e566-7fef-484a-b881-c53d9249ae9b,5,mdn,4,28
944,5d6539ff-441b-46cc-af23-5b77ff05230e,3,ars,4,25
945,19d5ec55-7543-48c4-8fbc-f01f5a9b2c95,5,ars,4,26
946,ae0bc742-9002-4ac9-b183-a2041b84bc8b,5,mf,5,28
947,9e679f83-7105-4a2c-b9d2-82964ea88b4f,3,ars,5,25
948,40ef5c66-cc76-49a6-851d-1b58fe2953d7,4,mdn,4,29
949,cdb366d6-e302-45aa-b61c-6bb4bd827c4f,3,ars,4,22
950,5d674651-5ef2-4f04-b0fd-1cb744d92488,5,mdn,5,18
951,dd17fd3c-6723-465c-8b53-ce5998b51003,5,mdn,3,20
952,f63a1efa-33c6-40c7-8688-ef9d34466284,5,mdn,4,24
953,5fab557d-756e-44e7-8f28-2896570692b2,5,mdn,5,30
954,5939bdfb-18e1-40ee-8654-d802e218a33f,5,ars,5,29
955,14d84dec-8ae5-46d1-aebd-b3aa52f097ff,5,mf,5,30
956,6d494d2e-4ab9-4884-b620-e73214923863,5,mdn,4,18
957,87fe0f9e-2ee2-4524-895b-5cb68e7b55ab,5,mdn,5,21
958,b94abf88-995e-47ac-9dae-0fc713c19fd9,5,mdn,3,27
959,2d1a4ae6-c125-4238-ae47-5496c45d5d8c,5,ars,3,24
960,e7ec3fdb-639e-430f-978e-10c034fd3978,3,mdn,5,21
961,d5bb291b-06cc-4dec-968a-ce7db7529f77,5,k,4,28
962,9493905e-b65c-40ce-b799-c350ed3e1f18,3,ars,5,23
963,4c39b0b9-c9d0-45ac-b545-190c3da984fa,5,ars,5,21
964,6e83b88a-84c4-4f8a-8fa9-9ff48e48fa49,5,mdn,5,24
965,5ea1e29a-d64c-4b9b-bf02-d7bb6e8b1156,5,mdn,5,29
966,5fb096ef-d891-4c20-aabc-80216c7d0ac6,4,mdn,5,22
967,581e0c61-097c-43a1-807a-d1f21bf13e0c,3,k,5,28
968,ac687490-2263-42a4-b629-41f9cb808ec3,4,ars,5,28
969,709c8608-6cac-4147-9d6e-e8152ce6340c,4,ars,5,24
970,f79501bb-dbe6-4ba4-8439-e4740856c51a,5,ars,4,25
971,26321a8a-0e7d-451e-a0f3-787a7432d9cb,3,mdn,3,28
972,8c8342e9-a790-4117-b607-5415d372b7f6,5,ars,4,29
973,f6c33008-5144-41d8-b2a5-a570e9f1561b,3,ars,5,21
974,8c8342e9-a790-4117-b607-5415d372b7f6,4,mf,5,29
975,9347de8d-7c8f-4fe7-bb9d-ccf63c729d89,5,ars,5,26
976,dd17fd3c-6723-465c-8b53-ce5998b51003,5,mf,4,20
977,4e5e83e4-af3a-4513-ae2d-281f7991fdb7,5,mw,3,25
978,5805dec2-b9a9-4314-9e19-729737c7a6c6,5,mdn,4,21
979,d057bbf9-c5fa-420a-9bb9-1f6322853d1c,4,mdn,4,27
980,d99430cc-3810-4660-823f-02144b19ea3d,5,ars,4,29
981,e6167931-7dcd-40cb-a065-3804a08ae841,5,ars,3,30
982,9cdeb8f3-f6ad-44fd-bccb-390c69038d0b,5,ars,5,20
983,a5a4ee5b-8385-4dfb-9185-a1deb1531cdb,5,ars,5,28
984,207a3175-fda0-43fb-8b30-c257bf055847,5,ars,4,29
985,0e321c7e-d2cf-4699-aa74-9544ab8f2090,5,mf,5,26
986,53292fdb-b353-457a-8482-81bdab16d44f,5,j,5,30
987,2d1a4ae6-c125-4238-ae47-5496c45d5d8c,5,ars,5,24
988,24e8d7e7-70e0-47f0-835c-f03045861de5,5,ars,4,25
989,d8eb4bf2-57a4-4a6a-8865-4ce0bf2c9e12,5,mdn,5,29
990,c34aed25-5a2c-400e-ba87-7168d634e3bd,5,ars,5,30
991,f8a5ac4a-6f9a-4356-a9d7-142b91a4c9a4,5,mdn,5,21
992,689f72f3-8a26-4eb9-abf2-c41108bc5bb6,5,mw,5,23
993,2eebf90c-68dc-4631-a827-b59638b7ad52,5,mw,5,26
994,a8272db8-0e9f-4372-a757-661bd02f9051,5,ars,5,26
995,73ae6177-466a-40ab-833a-67f5a7eedc79,4,ars,5,26
996,cae3f7d3-ef38-44cd-99ae-c2606063e41f,5,ars,5,22
997,22b43ba7-0a64-49dd-bf2f-b6920e84a056,5,ars,4,18
998,e62e4b0c-e929-48f4-ad21-f172df57e747,5,ars,5,23
999,b52aa66d-49b6-4823-b15d-19817ab072ab,5,mf,5,24
1000,98101cf4-a26d-4e32-9f91-6f42993b3ea1,3,mw,5,18
1001,bf94eb8d-5d4f-43d3-9528-ff5ef9009951,5,mdn,5,24
1002,a76629f6-fe9d-4e32-a4ab-46b9faf116a0,5,mdn,4,25
1003,eb698920-996b-4bbd-b8a5-7414f307aa42,3,ars,5,21
1004,391319c2-41bc-4213-ba51-0e06718e1803,5,ars,5,26
1005,ad7840ca-5f92-40dd-963a-5f8460b3a9dd,4,ars,3,18
1006,b72ffd03-aef1-4d7f-896e-953964384583,4,ars,4,24
1007,2b7f0ba7-166f-43e5-9c60-056b72b479a4,5,mdn,5,27
1008,b5bc6003-dc35-4ca6-b16c-1752ffb0d186,5,mf,4,20
1009,7f337d29-cfd2-4a03-bbb9-ec6196e1d34d,5,ars,5,30
1010,cb05f3e4-515e-4567-9ec2-b3d043b9f1e4,5,mdn,5,22
1011,f8a5ac4a-6f9a-4356-a9d7-142b91a4c9a4,5,ars,5,21
1012,cae3f7d3-ef38-44cd-99ae-c2606063e41f,5,mdn,4,22
1013,2ae01d22-116d-44c0-84be-cfad96fb519c,5,ars,4,20
1014,24f641eb-913a-4416-84af-07ec8721940e,5,ars,5,20
1015,2f17238b-3151-4596-bd04-d55f4c80a066,5,ars,5,30
1016,11cb3da8-b076-4554-b86b-ad619773b101,5,mdn,5,27
1017,4f727795-2eba-42fd-97a6-dd7a8a15282b,5,mdn,4,19
1018,2d1a4ae6-c125-4238-ae47-5496c45d5d8c,5,mw,5,24
1019,20c3a3f4-11c6-43d4-a63d-88f54b3b8096,5,mdn,5,30
1020,78cb70fb-cca0-4d6b-83e3-0ca440be5174,5,ars,3,27
1021,fea9deb6-7320-4e71-8c81-a5529ccdd68c,5,ars,5,23
1022,daba59b7-3cb9-4533-b8a8-9e0562490dd2,5,j,3,23
1023,802f27c7-ea1a-4e42-97b3-8174f236e379,4,k,4,29
1024,45d72ac3-0209-493e-9d5a-8a966d562845,3,mdn,5,23
1025,5fb096ef-d891-4c20-aabc-80216c7d0ac6,5,mf,4,22
1026,44f5e566-7fef-484a-b881-c53d9249ae9b,4,mdn,2,28
1027,4f727795-2eba-42fd-97a6-dd7a8a15282b,5,mfars,5,19
1028,4cf82814-1d7e-430c-bba3-247af2552306,5,ars,5,19
1029,e835a550-12b8-48aa-84a8-7fc1c8b1e775,4,mdn,3,18
1030,5fab557d-756e-44e7-8f28-2896570692b2,5,mdn,4,30
1031,1b06ccbe-4819-4c66-9629-77abef688416,5,ars,5,25
1032,20c3a3f4-11c6-43d4-a63d-88f54b3b8096,5,k,5,30
1033,c3199038-0991-484e-bfee-899557351e13,5,ars,4,25
1034,802f27c7-ea1a-4e42-97b3-8174f236e379,3,mdn,4,29
1035,1fb37a6e-bfb4-48da-b71f-d813fb59ef1c,5,ars,5,30
1036,cec079b7-5691-4cd0-9092-3b0388c25d4a,3,ars,5,22
1037,651aa3c1-3bba-4b30-9471-e0f7857900f7,5,mdn,4,29
1038,fb0fdb0e-a962-4fa1-8447-b5f52235ffe8,5,ars,3,20
1039,b50df7ff-04f6-45b6-b3fd-0d96d4fbcd61,5,mdn,3,18
1040,e876c637-3708-402f-9fc3-ed2a59c697c9,5,ars,3,27
1041,77a3f484-80a6-4184-b278-fc2ba7a9bc4d,4,ars,5,24
1042,a76629f6-fe9d-4e32-a4ab-46b9faf116a0,4,mdn,4,25
1043,5ea1e29a-d64c-4b9b-bf02-d7bb6e8b1156,5,mf,5,29
1044,6e65b841-848c-46e7-a8b3-15ca81055f6a,5,ars,4,26
1045,a04fce7c-b286-4d7c-a980-189ed10f7dcb,5,mf,5,28
1046,1da45063-2dc1-41f2-88ea-7f61fe7f9a19,5,mdn,5,25
1047,e0c2a19b-d844-4f21-887c-a90f7c9b4346,4,mf,5,28
1048,4afd54fc-f5e7-41c3-beaf-b9b1270a218c,4,mf,3,28
1049,a137710a-0bfc-4d4e-be3b-2aa711ee0d7c,3,mw,4,19
1050,9272dcff-3d6f-401f-9f68-7c06df177b96,4,ars,3,20
1051,71dfef48-bb94-46ba-9eb5-66c917e928c7,4,mw,5,18
1052,d13135a7-9a68-4169-815e-981149a54291,5,je,3,27
1053,581e0c61-097c-43a1-807a-d1f21bf13e0c,4,je,3,28
1054,fe2ef5d1-e5b0-4c59-b553-8a14aa6485fd,4,mw,5,28
1055,7aaf2ee9-a6f9-4256-8f6b-742a0ee1ac2e,5,ars,3,26
1056,caa1cb22-fbe5-43dd-bba4-11dd60e108aa,5,ars,5,26
1057,4f727795-2eba-42fd-97a6-dd7a8a15282b,4,mw,4,19
1058,4c39b0b9-c9d0-45ac-b545-190c3da984fa,5,mf,5,21
1059,b5ed5b65-c1bf-4b2f-b650-e60a5139f1bc,5,mf,5,20
1060,2d289025-ff1e-4ba7-a201-6b6053e593e8,4,ars,5,21
1061,34099491-cba6-4b79-9c62-38e83f1cf9db,5,mw,5,22
1062,640d60da-a441-4460-b386-d9613ee01d28,5,fg,4,29
1063,af8a0613-364e-42b4-903f-c2ea6ed41cea,5,ars,4,26
1064,7428131a-f272-433f-b7ae-725af2ab628d,5,mw,5,29
1065,3c24d078-c8f8-4f83-ab59-6d25c5b84bc2,5,mdn,4,30
1066,5ef119b1-883b-4964-8400-341414ee551a,4,mdn,5,22
1067,eeebd242-3df2-464c-9aa3-cd5781da8039,5,-,5,20
1068,4cf82814-1d7e-430c-bba3-247af2552306,5,ars,3,19
1069,3dea5f61-f356-432f-b831-57df87d6b032,4,mdn,4,23
1070,51c428b4-c4a7-4da8-86e1-1fa640026086,5,ars,5,28
1071,24e8d7e7-70e0-47f0-835c-f03045861de5,5,ars,4,25
1072,5ef1e3ae-45e5-41e7-956b-4cef7dcf95b5,5,mw,5,21
1073,5febecf8-2d9f-471b-9303-cd8dd0f658af,4,mdn,4,28
1074,f29b1b86-ab96-4876-889d-70b5955a01c7,5,mf,5,27
1075,2b7f0ba7-166f-43e5-9c60-056b72b479a4,5,ars,5,27
1076,1f4653ef-22c9-4df4-acae-3ce6dcf43075,5,ars,4,26
1077,26180c48-bfbb-4af5-b4ff-6a1aa15b9f84,5,mfmw,5,28
1078,8aef2d51-8022-4436-a3a6-8c80ea4e0d91,5,ars,5,29
1079,d9196f86-a4c4-48aa-89e6-1f61947b8201,5,mdn,5,24
1080,3aa83f6f-e363-4f12-9770-8902a51fbfbc,5,mf,5,27
1081,e18562d7-a549-49e1-ade6-2373fed3787d,5,mdn,4,22
1082,6e65b841-848c-46e7-a8b3-15ca81055f6a,5,mf,5,26
1083,3715dae0-d872-499f-8f0c-fabf940e2bc0,5,mdn,4,25
1084,88c6509b-cbe2-47c6-ad02-97c92e300c48,5,mdn,5,30
1085,483a2cf3-98f9-456d-81d9-022710423c23,5,mw,5,24
1086,aac4a278-e82f-40cc-9662-861f6b2ac634,5,mdn,4,18
1087,6e1d86b6-1249-4c44-a984-f1ea046d19b8,4,mdn,5,19
1088,3c24d078-c8f8-4f83-ab59-6d25c5b84bc2,5,mdn,3,30
1089,c16dd75d-767f-4f05-a3cf-e3207ecb51a4,4,ars,3,19
1090,9a72950d-597c-4488-8d80-702130f485ee,5,mfars,3,23
1091,0fe94c00-c05c-4d31-9f39-7d31012ea47a,5,mw,5,24
1092,bd3c3d70-fe18-477c-bdc3-51c106bd41b5,4,ars,5,24
1093,be1f9c71-c6b8-48c6-84bb-6ef5174954aa,5,mfars,4,20
1094,0e321c7e-d2cf-4699-aa74-9544ab8f2090,5,mdn,3,26
1095,c393b545-0428-4a31-927b-e603aa307049,5,k,3,18
1096,41ae8e3f-715e-4fe0-aa5f-75aca345731c,4,mfarsmdn,5,28
1097,e7d7ce10-2049-4fbe-8a69-710eb0c0b707,5,ars,5,18
1098,cbce132e-cb8f-4aac-a1c1-a776704aebef,4,mw,5,27
1099,83cff052-3ad9-416d-b26e-4797eccc0f10,4,mf,5,25
1100,c1843817-41a0-4488-9c7a-5a537f4659b5,5,mdn,5,29
1101,ff9d3a2b-707a-4274-9447-421946699738,5,mw,5,25
1102,a2b117e7-ab57-476e-831c-33f7ceb1aa35,5,mdn,3,29
1103,c0f96359-1d50-4ea2-b4d2-98cffcc461bf,4,mf,3,18
1104,ae40a3a5-e900-4cbc-8955-280bd7529d92,5,mdn,4,21
1105,820fb470-45af-4458-a617-8ea1f9d8915d,5,ars,5,30
1106,d1560a24-8c99-4ae8-85f9-c9bf80991ce4,4,mdn,4,26
1107,9a72950d-597c-4488-8d80-702130f485ee,4,mdn,4,23
1108,0d81df22-243d-48a5-829e-9b4954d5cd5b,5,mdn,5,20
1109,e04076e5-3fab-4e6b-9f79-38c54336e47b,4,ars,5,20
1110,3ad458ed-6069-4907-a71e-efda23c5abff,5,ars,5,28
1111,927c3ada-c329-468f-8b53-036feb07b813,4,mw,5,21
1112,49e2e565-049d-4753-871a-2ec2587d386e,5,ars,5,30
1113,93515f8d-d789-46de-bb36-728e6b16625a,4,mf,4,20
1114,20d213ef-76bf-41bb-bc87-9ffcfa2127bc,3,ars,4,26
1115,ceb7a529-86be-4dc4-b116-38797aabd2dd,5,mf,5,29
1116,6be004f0-b701-4daa-b7e2-312b56f97129,3,ars,4,23
1117,483a2cf3-98f9-456d-81d9-022710423c23,5,ars,4,24
1118,b19d51d1-cbaf-4d83-948a-e8f634e3ca48,4,mf,5,21
1119,c005b690-b142-4d65-85e4-6ae65a48024d,4,mf,4,27
1120,c0f96359-1d50-4ea2-b4d2-98cffcc461bf,4,mdn,3,18
1121,9c190f0c-c070-4a52-946b-462086f30106,5,mdn,5,25
1122,41c2499e-4649-4cd4-8476-d435c6166c58,2,mf,5,22
1123,c34aed25-5a2c-400e-ba87-7168d634e3bd,4,mdn,4,30
1124,747f065e-55d2-47c9-ab2b-c349fcbc001d,5,ars,5,23
1125,d9196f86-a4c4-48aa-89e6-1f61947b8201,3,mdn,5,24
1126,6e65b841-848c-46e7-a8b3-15ca81055f6a,5,mdn,5,26
1127,79ce6eb0-d1d0-42fe-b157-1bb64abf5596,5,ars,5,23
1128,c1843817-41a0-4488-9c7a-5a537f4659b5,5,ars,5,29
1129,9bb07206-a24d-488b-91d9-853f606d5fd4,5,ars,5,19
1130,26180c48-bfbb-4af5-b4ff-6a1aa15b9f84,5,mdn,5,28
1131,223e96b7-dfbe-442b-9b28-7fef065a6044,5,mf,5,19
1132,1cb0d1bf-328c-48fc-ba36-d238bcf1b7f6,3,mdn,5,22
1133,95914d89-1f22-4630-8d62-91f2d8d0ed88,5,mfars,5,19
1134,1fb37a6e-bfb4-48da-b71f-d813fb59ef1c,5,mw,5,30
1135,7f337d29-cfd2-4a03-bbb9-ec6196e1d34d,3,ars,5,30
1136,573f0cfc-29ec-4c96-b6fa-c4b9c5746ccf,4,mf,5,28
1137,df68b52d-88f5-4b15-9731-39301acac35b,5,mw,5,24
1138,899d5675-9fe8-4dde-af03-7b62ba95428c,3,ars,5,22
1139,bcb872cd-f6f8-422c-8729-59be0b01e4c4,4,mf,4,27
1140,dfc7c753-24c4-4193-ae2b-2ee1af876a13,3,mdn,5,30
1141,9c7b2243-d03e-419c-babb-f8b3ea3c8400,3,ars,5,19
1142,a93b4520-48eb-4201-afbf-b8d72d7eb56a,4,mdn,5,28
1143,26180c48-bfbb-4af5-b4ff-6a1aa15b9f84,4,mdn,5,28
1144,da0a8407-c3fa-42bc-bd2b-23e1c7cde8a9,4,ars,5,30
1145,0e321c7e-d2cf-4699-aa74-9544ab8f2090,5,mf,4,26
1146,752ccf1a-c3a9-463a-af5a-ee8a0815ddad,3,ars,5,18
1147,e0766991-32fc-4294-b1e2-a0dff52c64f2,3,mf,5,23
1148,a997b75b-15b5-4973-bd5c-0372fd8cb344,5,mdn,4,22
1149,0aa927af-2e14-47b5-bb75-c1c700b13262,3,ars,3,25
1150,7aaf2ee9-a6f9-4256-8f6b-742a0ee1ac2e,5,mf,3,26
1151,b8711a0e-32ab-47db-aeb9-91be60b918a4,5,je,5,18
1152,6b792bd6-6f66-4692-b446-832cc13edc39,4,-,5,25
1153,e7ec3fdb-639e-430f-978e-10c034fd3978,5,ars,4,21
1154,0e97a2f7-f21a-4142-b564-eac1d55150cb,5,mdn,3,28
1155,c44794ff-60de-42e8-9ac1-d221a8ab29c0,5,ars,4,30
1156,49b93c8d-21cf-4307-90e1-12f87a2a75a4,5,ars,3,26
1157,9347de8d-7c8f-4fe7-bb9d-ccf63c729d89,5,ars,5,26
1158,9c7b2243-d03e-419c-babb-f8b3ea3c8400,3,ars,5,19
1159,24e8d7e7-70e0-47f0-835c-f03045861de5,4,ars,5,25
1160,273a109b-52b8-4925-8536-22ceb3b716dc,5,mdn,4,30
1161,5febecf8-2d9f-471b-9303-cd8dd0f658af,4,mdn,3,28
1162,bd3c3d70-fe18-477c-bdc3-51c106bd41b5,4,je,5,24
1163,f29b1b86-ab96-4876-889d-70b5955a01c7,4,ars,5,27
1164,88f20ee0-e749-487f-a908-12f8ab47142b,5,mw,3,22
1165,aafce93e-6e5f-46ad-b186-d642d5a456a1,5,k,4,30
1166,c44b54b6-297d-4d1f-a5cc-1fbf039d492b,5,ars,5,27
1167,c1133665-1bdf-4e34-ad54-083732118089,5,mdn,4,18
1168,f29b1b86-ab96-4876-889d-70b5955a01c7,5,ars,4,27
1169,fcf4ee65-4267-4b08-bb3d-1860d83cb6e0,4,mdn,3,29
1170,3418969d-5c13-46ee-8df0-794019e7a64f,5,mdn,3,30
1171,53204bad-4011-4a1a-b4d1-cee62543e32e,4,ars,5,20
1172,a14d25d1-f7f8-4220-8946-96cf6b19cae9,5,mf,3,24
1173,44ca9a06-8b5d-42d1-a313-dfee18559727,5,mdn,5,28
1174,0ee3780f-36f5-4ce7-af65-420a0d0b528c,5,ars,5,27
1175,5939bdfb-18e1-40ee-8654-d802e218a33f,5,mw,4,29
1176,d99430cc-3810-4660-823f-02144b19ea3d,5,mf,5,29
1177,2f17238b-3151-4596-bd04-d55f4c80a066,4,ars,5,30
1178,fea9deb6-7320-4e71-8c81-a5529ccdd68c,5,mdn,5,23
1179,558a3ec4-7fbc-40e7-9553-f8cff87516c7,5,mf,3,29
1180,e11ba41b-805a-4223-afa6-67c773666985,4,mf,5,30
1181,9bb07206-a24d-488b-91d9-853f606d5fd4,5,mf,5,19
1182,d1d66775-cc03-42ea-ad3c-681efafb3682,5,mf,5,24
1183,663c3978-6013-4a55-9a58-5d538e435021,4,mf,4,25
1184,b8b1fa86-8f82-4898-a242-72dfdcfc0b75,5,mdn,5,25
1185,e9877472-82b1-472c-8e62-929561e5e2e7,5,mdn,5,30
1186,709c8608-6cac-4147-9d6e-e8152ce6340c,5,mdn,5,24
1187,8e0fa808-9c9f-47f2-aaa1-6fd29a3c638d,4,ars,4,19
1188,fdf2851c-a685-4112-80fc-401747191dc3,4,ars,5,26
1189,202f45d7-fcef-4cc2-8278-6cd8e89d01cd,4,mf,4,19
1190,2f586764-da78-499d-9a41-eafd03844e80,4,mdn,4,29
1191,b166452a-784d-4789-941e-1c7b8b6229f6,5,mdn,5,21
1192,d1adf242-5e1a-4a78-9c07-f0ba06758c42,3,mw,5,19
1193,eb90a88d-20c0-4c51-98f1-a67bc873c84d,3,mf,5,20
1194,9ac75f91-4f73-4df0-bb20-b7de3069baee,4,ars,5,25
1195,6cfc3694-9d16-4d0e-be7d-e717b3e39ea9,3,mf,5,19
1196,e7d7ce10-2049-4fbe-8a69-710eb0c0b707,5,k,4,18
1197,0f1a02d0-badb-422e-a97f-76df0e23f581,4,ars,5,26
1198,7fab4381-0d58-4c87-890a-00f892c6b4d3,4,mdn,5,27
1199,d4024ed1-cddb-4e3c-aea5-6616191d699f,5,mdn,5,29
1200,5cf62f0f-9b68-4dd7-9dd1-78727e147558,4,mw,5,19
1201,3ad458ed-6069-4907-a71e-efda23c5abff,4,ars,4,28
1202,39acfef6-976a-4ca5-a481-e5d887907fad,5,ars,4,19
1203,ce6e85c5-f384-4d46-b67e-a4ca72252a0a,4,ars,5,30
1204,de26149b-380f-42c9-bdc1-a8584f2c5233,5,mw,5,29
1205,23f67700-5b2a-4ebb-a7a6-2b6bd78cea75,5,ars,5,21
1206,f6079976-5f69-482b-8b84-179dd5524bfa,4,mf,5,28
1207,a4272ae2-4e7e-4252-a49a-10445c387bc6,5,mdn,5,29
1208,9c190f0c-c070-4a52-946b-462086f30106,4,mf,5,25
1209,7c032388-80b3-48e9-be91-56bf32f69e9c,4,ars,4,29
1210,df68b52d-88f5-4b15-9731-39301acac35b,5,ars,5,24
1211,b8d47eb3-c03a-46ae-9ccb-29bb9f61162b,4,ars,4,30
1212,5cd193d4-8ecf-4845-a463-61edf2b05ff3,5,mf,5,26
1213,9edfb2eb-d613-48d3-bce6-bc81bffc2ac7,5,mf,5,25
1214,0f1a02d0-badb-422e-a97f-76df0e23f581,3,mf,5,26
1215,3ebec66e-6765-4b6b-a97a-c0eb8314e327,5,mdn,4,20
1216,83cff052-3ad9-416d-b26e-4797eccc0f10,5,mdn,4,25
1217,19d5ec55-7543-48c4-8fbc-f01f5a9b2c95,5,mdn,5,26
1218,1b8f176a-44b5-4b9f-b3aa-7fd66e2c5697,5,mdn,4,20
1219,eb90a88d-20c0-4c51-98f1-a67bc873c84d,4,fg,4,20
1220,9b6d950a-d667-4f0b-ac67-0d810b2feff6,5,mdn,5,22
1221,802f27c7-ea1a-4e42-97b3-8174f236e379,5,ars,4,29
1222,1a26488b-6cd0-47ce-a93f-a8b4c8da09e2,3,mdn,5,19
1223,60a29855-f1ba-4d16-a0e5-45fdc18d8780,5,ars,5,28
1224,77a3f484-80a6-4184-b278-fc2ba7a9bc4d,5,ars,5,24
1225,375b7df7-16cd-4376-965f-52dc0c4f3eb3,5,mf,4,23
1226,e98d0b49-dc22-4be4-89e6-38ba25d671b3,3,mf,5,21
1227,53292fdb-b353-457a-8482-81bdab16d44f,4,mf,5,30
1228,802f27c7-ea1a-4e42-97b3-8174f236e379,5,mdn,4,29
1229,87fe0f9e-2ee2-4524-895b-5cb68e7b55ab,5,ars,5,21
1230,be4db01d-a7c7-4918-93df-7014dc077733,5,ars,5,22
1231,b5bc6003-dc35-4ca6-b16c-1752ffb0d186,4,mdn,5,20
1232,9b87a188-a71f-4d7a-bb50-b7fae8022f80,3,ars,5,27
1233,c44b54b6-297d-4d1f-a5cc-1fbf039d492b,5,mf,4,27
1234,96491651-a46d-4fae-84ea-64c3c00a3071,5,mdn,4,19
1235,b57fcc40-677a-40da-9faa-265af0fca89d,3,mdn,3,19
1236,b661cc43-3695-4a39-b0dc-21164ec6e199,5,mf,5,20
1237,22b43ba7-0a64-49dd-bf2f-b6920e84a056,5,ars,5,18
1238,d1adf242-5e1a-4a78-9c07-f0ba06758c42,4,mdn,4,19
1239,b8b1fa86-8f82-4898-a242-72dfdcfc0b75,4,ars,4,25
1240,4ac5d5c7-fcf8-4d13-8384-5e452e3c04af,4,mf,5,28
1241,93515f8d-d789-46de-bb36-728e6b16625a,4,mdn,5,20
1242,8e3026d2-a977-4221-a6cc-c30fd3590962,5,ars,5,30
1243,89659f75-6600-40be-8c14-322a5ae87e24,4,ars,4,23
1244,393c8d69-3a0e-414a-8b81-6b069e1d3432,5,mdn,5,19
1245,40c6a39c-67fc-4202-b18e-ef0e0185bdd3,5,mdn,5,23
1246,9b6d950a-d667-4f0b-ac67-0d810b2feff6,3,mdn,4,22
1247,86677349-04ed-425a-b521-0389359ed54e,3,mf,5,25
1248,ed2064be-7d40-4f59-9e7d-d7e7dd54b118,4,mdn,3,28
1249,4c39b0b9-c9d0-45ac-b545-190c3da984fa,5,mf,5,21
1250,c43a7404-eeeb-4714-9bc9-598b448da6f9,4,ars,3,30
1251,f2359723-11a9-4415-8278-4adb624d9e6b,5,ars,3,29
1252,14d84dec-8ae5-46d1-aebd-b3aa52f097ff,5,mw,4,30
1253,d056ef76-a2d5-4e81-9a82-0a5190a878e8,5,tam,4,28
1254,4c39b0b9-c9d0-45ac-b545-190c3da984fa,5,mdn,5,21
1255,4cf82814-1d7e-430c-bba3-247af2552306,5,mdn,5,19
1256,0d5f41b7-3ab8-478c-836a-767823fd4c82,4,mdn,3,28
1257,6e77a16f-1fc0-43a6-bf10-ef592e2084ea,5,mdn,5,28
1258,3aa83f6f-e363-4f12-9770-8902a51fbfbc,5,ars,5,27
1259,afcb575e-c985-4e48-8663-6e73dd6dbe65,5,ars,4,29
1260,65f9bddd-fe54-4b4a-b2fa-8104c5db89c0,5,mf,4,30
1261,60a29855-f1ba-4d16-a0e5-45fdc18d8780,5,mdn,5,28
1262,f10cf3ff-f51e-442d-bee4-d1c0099c264c,4,ars,4,29
1263,49e2e565-049d-4753-871a-2ec2587d386e,4,ars,5,30
1264,0c2d68f2-4d17-4dab-b9a1-d0bdf4e10ce4,5,mdn,5,22
1265,96491651-a46d-4fae-84ea-64c3c00a3071,5,mdn,5,19
1266,94173ad0-5841-4719-9ae3-44e387b19633,5,mdn,4,28
1267,8f526ed2-d369-4494-ac76-83d6b718337f,5,mf,5,21
1268,58d13a75-2efb-4254-85fa-13bdb2ac2156,3,mdn,5,19
1269,bf94eb8d-5d4f-43d3-9528-ff5ef9009951,5,k,5,24
1270,709c8608-6cac-4147-9d6e-e8152ce6340c,4,mf,4,24
1271,789b8d4b-a8d0-430d-9fd4-29d445b2f6f2,3,ars,3,29
1272,2d1a4ae6-c125-4238-ae47-5496c45d5d8c,5,ars,5,24
1273,0bb3ee6a-85cc-4eb3-b648-e8c08e1364db,5,mdn,5,24
1274,ae40a3a5-e900-4cbc-8955-280bd7529d92,4,mf,5,21
1275,8c8342e9-a790-4117-b607-5415d372b7f6,3,ars,3,29
1276,77a3f484-80a6-4184-b278-fc2ba7a9bc4d,4,mf,5,24
1277,0e58e77d-a18e-44d2-9fb8-522685cc2b76,4,mdn,4,21
1278,78cb70fb-cca0-4d6b-83e3-0ca440be5174,5,mw,4,27
1279,c6990f5b-cd7a-4dda-a877-6155653d134e,4,ars,4,19
1280,9493905e-b65c-40ce-b799-c350ed3e1f18,5,ars,5,23
1281,9ffb6093-07ab-4c59-8f50-d7b38b640c04,5,mdn,5,29
1282,c34aed25-5a2c-400e-ba87-7168d634e3bd,5,mdn,5,30
1283,e469cc62-5dfe-42a1-be57-e686c98e01c6,5,mdn,5,25
1284,7aaf2ee9-a6f9-4256-8f6b-742a0ee1ac2e,5,mdn,5,26
1285,ce6e85c5-f384-4d46-b67e-a4ca72252a0a,5,mdn,5,30
1286,38ba55a0-96fe-4f04-af03-fe2a75bf9968,5,mdn,5,26
1287,c1133665-1bdf-4e34-ad54-083732118089,5,ars,4,18
1288,9c7b2243-d03e-419c-babb-f8b3ea3c8400,5,ars,5,19
1289,651aa3c1-3bba-4b30-9471-e0f7857900f7,5,mdn,3,29
1290,11b7094b-b88a-4478-b067-09000dfe4062,5,mf,5,25
1291,59ad52ab-0325-4f71-bbf8-6d0eabc630ad,3,mf,5,30
1292,88f20ee0-e749-487f-a908-12f8ab47142b,5,mdn,4,22
1293,18d72f16-5e3b-4cdd-ac63-6847f84789e2,5,mw,5,25
1294,f0d0484f-f159-4fe0-8ed4-45dd77bc7cff,5,mdn,5,22
1295,273a109b-52b8-4925-8536-22ceb3b716dc,5,ars,4,30
1296,de26149b-380f-42c9-bdc1-a8584f2c5233,4,mdn,5,29
1297,357a2790-e856-4dd3-a0f5-8f6e14d0267f,5,ars,3,26
1298,9ffb6093-07ab-4c59-8f50-d7b38b640c04,5,mdn,4,29
1299,8633ed8f-31e9-45be-8c95-1a50d1658229,5,mf,4,27
1300,c44794ff-60de-42e8-9ac1-d221a8ab29c0,5,mdn,5,30
1301,e6574fcd-b5fd-40b8-b94a-e3fdf1c887b6,5,mw,5,24
1302,a59fa924-4733-471c-8754-f6595cd0e6f1,4,mdn,5,27
1303,dceebdb5-1a91-4fa6-8072-aaa827868eb3,5,mdn,5,26
1304,83cff052-3ad9-416d-b26e-4797eccc0f10,5,ars,5,25
1305,d1560a24-8c99-4ae8-85f9-c9bf80991ce4,4,ars,5,26
1306,fdf2851c-a685-4112-80fc-401747191dc3,4,mdn,4,26
1307,5e6e310e-6abc-4e1a-b8e6-75b0a5b991b2,4,ars,4,28
1308,f5d4a203-e308-452c-86e4-9412e871f2e8,4,mw,5,19
1309,c1133665-1bdf-4e34-ad54-083732118089,3,mdn,5,18
1310,fb0fdb0e-a962-4fa1-8447-b5f52235ffe8,5,mdn,5,20
1311,e6574fcd-b5fd-40b8-b94a-e3fdf1c887b6,5,ars,5,24
1312,1b8f176a-44b5-4b9f-b3aa-7fd66e2c5697,3,mdn,4,20
1313,a4272ae2-4e7e-4252-a49a-10445c387bc6,5,mdn,5,29
1314,f064f333-666c-499f-bfcb-b71607e60de7,5,mdn,5,30
1315,79ce6eb0-d1d0-42fe-b157-1bb64abf5596,5,ars,5,23
1316,b1d1a983-98bc-441f-96bf-b92fd2c78493,5,mdn,4,26
1317,dda13a7f-e01e-4084-b353-9a7870744ff1,5,mdn,5,26
1318,f2708137-31a5-416c-bbff-7155fb5aa25c,5,ars,5,19
1319,3418969d-5c13-46ee-8df0-794019e7a64f,5,mdn,5,30
1320,9347de8d-7c8f-4fe7-bb9d-ccf63c729d89,5,mf,4,26
1321,77a3f484-80a6-4184-b278-fc2ba7a9bc4d,3,mfarsmdn,3,24
1322,357a2790-e856-4dd3-a0f5-8f6e14d0267f,5,mdn,5,26
1323,3e262f96-1a3a-4620-a5cb-26350e9ead3e,5,mdn,3,22
1324,2e276933-00b1-44a5-93f7-8327f3fcca83,5,mdn,5,25
1325,a76629f6-fe9d-4e32-a4ab-46b9faf116a0,5,mdn,4,25
1326,d5fbe51e-866a-4bc6-acd4-65604d50f3e6,5,mf,3,22
1327,7b2398e5-7c99-4ccd-aa73-5c987b82858f,4,ars,5,19
1328,e469cc62-5dfe-42a1-be57-e686c98e01c6,5,ars,5,25
1329,61dbc7bb-5997-4446-a7eb-5b0cd4ea98db,3,ars,5,24
1330,709c8608-6cac-4147-9d6e-e8152ce6340c,5,ars,5,24
1331,e9877472-82b1-472c-8e62-929561e5e2e7,5,mw,5,30
1332,3cd61aab-db88-4ef9-8be4-5f94ff9698e7,5,je,5,20
1333,11cb3da8-b076-4554-b86b-ad619773b101,3,ars,4,27
1334,640d60da-a441-4460-b386-d9613ee01d28,4,ars,5,29
1335,8905a79c-4956-4918-b85f-f194e57c2e62,5,mdn,5,24
1336,c16dd75d-767f-4f05-a3cf-e3207ecb51a4,4,mw,4,19
1337,f29b1b86-ab96-4876-889d-70b5955a01c7,5,ars,5,27
1338,b661cc43-3695-4a39-b0dc-21164ec6e199,3,mdn,5,20
1339,2f773992-bd33-499d-b4d8-9de663d61d09,5,mf,4,18
1340,8e3026d2-a977-4221-a6cc-c30fd3590962,5,mdn,4,30
1341,9f60f579-c330-400e-a75a-6d0d289424c1,3,je,5,19
1342,5d8a1dd5-498e-47ba-8bfc-62763467a996,2,mf,5,27
1343,3715dae0-d872-499f-8f0c-fabf940e2bc0,5,ars,5,25
1344,0abe9114-4d57-4368-9b74-8ff8d5ab22cf,4,mdn,5,18
1345,357a2790-e856-4dd3-a0f5-8f6e14d0267f,4,ars,4,26
1346,41ae8e3f-715e-4fe0-aa5f-75aca345731c,5,ars,4,28
1347,71dfef48-bb94-46ba-9eb5-66c917e928c7,5,ars,5,18
1348,fcf4ee65-4267-4b08-bb3d-1860d83cb6e0,5,tam,5,29
1349,5febecf8-2d9f-471b-9303-cd8dd0f658af,5,mdn,5,28
1350,a9c35b24-76a8-4b67-addd-81845fb390c7,4,mdn,5,29
1351,52a42141-4b24-488f-8631-7ef301b1c14c,3,ars,4,27
1352,b201d5cd-6e38-4c63-8347-e1dbd89720e9,5,ars,4,24
1353,3aa83f6f-e363-4f12-9770-8902a51fbfbc,5,k,5,27
1354,c1133665-1bdf-4e34-ad54-083732118089,5,mdn,4,18
1355,b08e0cea-9237-4a5a-87d6-3f72a313ae3f,5,mf,5,29
1356,2e276933-00b1-44a5-93f7-8327f3fcca83,5,mf,3,25
1357,9f60f579-c330-400e-a75a-6d0d289424c1,5,mf,5,19
1358,5fb096ef-d891-4c20-aabc-80216c7d0ac6,5,mdn,4,22
1359,9272dcff-3d6f-401f-9f68-7c06df177b96,4,ars,5,20
1360,df68b52d-88f5-4b15-9731-39301acac35b,5,mf,5,24
1361,717bbe10-f11f-4197-820a-cc03420e2016,4,mf,4,18
1362,c44794ff-60de-42e8-9ac1-d221a8ab29c0,5,ars,4,30
1363,1efd7e76-acea-457d-b43c-d2c538c532b2,5,ars,5,22
1364,45d72ac3-0209-493e-9d5a-8a966d562845,4,mdn,5,23
1365,670e36fe-2b5e-4426-919b-889ef9ae7dc9,5,mdn,4,26
1366,79ce6eb0-d1d0-42fe-b157-1bb64abf5596,5,ars,5,23
1367,14d84dec-8ae5-46d1-aebd-b3aa52f097ff,5,mdn,5,30
1368,2b7f0ba7-166f-43e5-9c60-056b72b479a4,5,mdn,5,27
1369,3ad458ed-6069-4907-a71e-efda23c5abff,5,ars,5,28
1370,c44b54b6-297d-4d1f-a5cc-1fbf039d492b,5,ars,5,27
1371,b94abf88-995e-47ac-9dae-0fc713c19fd9,5,mdn,3,27
1372,0aa927af-2e14-47b5-bb75-c1c700b13262,5,ars,4,25
1373,0aa927af-2e14-47b5-bb75-c1c700b13262,5,mw,5,25
1374,9272dcff-3d6f-401f-9f68-7c06df177b96,4,mdn,2,20
1375,ceb7a529-86be-4dc4-b116-38797aabd2dd,5,mdn,5,29
1376,6ec72b3a-0222-42ca-a3fe-bc17e019a32f,5,ars,5,24
1377,1e22ce44-7a97-4f75-b7f5-d47bd96a8342,4,k,5,22
1378,8aef2d51-8022-4436-a3a6-8c80ea4e0d91,5,mf,4,29
1379,a2509b39-af24-4703-842f-27c2dcd12475,5,mdn,4,29
1380,5ea1e29a-d64c-4b9b-bf02-d7bb6e8b1156,5,mdn,5,29
1381,e33fe1f5-796c-4c1d-84c4-32eb396f9837,5,ars,4,24
1382,a2b117e7-ab57-476e-831c-33f7ceb1aa35,5,k,5,29
1383,e7ec3fdb-639e-430f-978e-10c034fd3978,5,mf,5,21
1384,dab9d52e-ee1a-4508-a4d6-5dd373bb25f6,5,mdn,4,19
1385,afcb575e-c985-4e48-8663-6e73dd6dbe65,4,mf,5,29
1386,e04076e5-3fab-4e6b-9f79-38c54336e47b,4,ars,5,20
1387,b72ffd03-aef1-4d7f-896e-953964384583,5,mf,4,24
1388,b8b1fa86-8f82-4898-a242-72dfdcfc0b75,5,ars,4,25
1389,ad7840ca-5f92-40dd-963a-5f8460b3a9dd,5,mdn,4,18
1390,0d81df22-243d-48a5-829e-9b4954d5cd5b,4,ars,5,20
1391,4ff66c05-68eb-4bc1-9ed7-4ca15066eb3c,5,ars,4,20
1392,3d0ea613-5462-4785-91d0-04f2331473f5,4,mdn,4,19
1393,637a2933-734a-4323-a7e9-7f9f79ad4dc4,3,mdn,5,23
1394,34099491-cba6-4b79-9c62-38e83f1cf9db,5,mdn,5,22
1395,78cb70fb-cca0-4d6b-83e3-0ca440be5174,5,mdn,4,27
1396,6f680a58-6e7f-4b24-ab2a-8f615cd14a21,3,mw,5,27
1397,9edfb2eb-d613-48d3-bce6-bc81bffc2ac7,5,mf,5,25
1398,7fab4381-0d58-4c87-890a-00f892c6b4d3,5,mf,5,27
1399,2f520f04-c2d9-4b9c-a029-6f9df9507b70,4,ars,5,20
1400,2f17238b-3151-4596-bd04-d55f4c80a066,4,mdn,5,30
1401,1f4653ef-22c9-4df4-acae-3ce6dcf43075,4,mf,4,26
1402,19d5ec55-7543-48c4-8fbc-f01f5a9b2c95,5,ars,3,26
1403,e9877472-82b1-472c-8e62-929561e5e2e7,4,-,4,30
1404,e7cb74f4-ab7a-4555-90a9-a9f5ecb3f9b6,5,mf,4,28
1405,a133b00f-54e3-42c5-87db-f89de83c6874,5,tam,4,20
1406,dd17fd3c-6723-465c-8b53-ce5998b51003,4,ars,5,20
1407,789b8d4b-a8d0-430d-9fd4-29d445b2f6f2,4,ars,5,29
1408,eeebd242-3df2-464c-9aa3-cd5781da8039,5,ars,5,20
1409,aa994a1c-055e-4751-b4cf-ddc08d3a5f8c,3,mdn,5,18
1410,d5bb291b-06cc-4dec-968a-ce7db7529f77,4,mdn,5,28
1411,20d213ef-76bf-41bb-bc87-9ffcfa2127bc,5,ars,4,26
1412,f96dc1f6-d3a8-4cf6-a3ab-6a1182d41edd,5,mf,4,23
1413,c4cf804a-7759-4269-8562-c7141d2c18c7,5,mf,4,24
1414,af8a0613-364e-42b4-903f-c2ea6ed41cea,5,mw,5,26
1415,f4470d04-89ee-4c8e-99d8-4ed12535524b,4,mdn,5,23
1416,71dfef48-bb94-46ba-9eb5-66c917e928c7,4,ars,5,18
1417,0aa927af-2e14-47b5-bb75-c1c700b13262,5,ars,5,25
1418,4f727795-2eba-42fd-97a6-dd7a8a15282b,5,mdn,4,19
1419,bd3c3d70-fe18-477c-bdc3-51c106bd41b5,5,mdn,5,24
1420,a9c35b24-76a8-4b67-addd-81845fb390c7,4,mf,4,29
1421,19d5ec55-7543-48c4-8fbc-f01f5a9b2c95,5,ars,4,26
1422,7c900363-ac5f-43a0-ae64-d5bb23688d88,5,mdn,5,27
1423,91e4721c-9e62-45f6-874a-878f40489739,5,mdn,4,21
1424,c1843817-41a0-4488-9c7a-5a537f4659b5,3,mw,5,29
1425,73ae6177-466a-40ab-833a-67f5a7eedc79,5,mdn,4,26
1426,f8a5ac4a-6f9a-4356-a9d7-142b91a4c9a4,5,mdn,5,21
1427,bd3fa596-ba3b-4756-90a8-164d551c2b98,5,ars,5,19
1428,ca5c06a4-b01e-4e89-b6e0-507d13da74e9,5,ars,5,27
1429,802f27c7-ea1a-4e42-97b3-8174f236e379,5,mdn,5,29
1430,a07d4949-be64-47ce-b0d2-c4b3e775404e,5,mdn,4,24
1431,e7ec3fdb-639e-430f-978e-10c034fd3978,4,mdn,5,21
1432,3cd61aab-db88-4ef9-8be4-5f94ff9698e7,5,mdn,4,20
1433,0e58e77d-a18e-44d2-9fb8-522685cc2b76,5,mdn,5,21
1434,3aa83f6f-e363-4f12-9770-8902a51fbfbc,5,mdn,5,27
1435,d1d66775-cc03-42ea-ad3c-681efafb3682,5,mw,5,24
1436,927c3ada-c329-468f-8b53-036feb07b813,5,mdn,5,21
1437,dfac5d22-8882-4707-bbe8-9325b9ddc739,5,ars,4,20
1438,be4db01d-a7c7-4918-93df-7014dc077733,5,mfmw,5,22
1439,20d213ef-76bf-41bb-bc87-9ffcfa2127bc,3,mdn,3,26
1440,11a3f0b6-30be-4055-bd52-045a04e860fe,4,ars,5,25
1441,1bbd002a-73c0-4f38-8e36-76560bba1f49,5,mdn,5,19
1442,66435fb2-4e78-43d7-952d-d83ed97c5590,4,mdn,5,21
1443,0aa927af-2e14-47b5-bb75-c1c700b13262,5,mdn,5,25
1444,a47a4348-5295-48e9-aea3-acb821b95f11,5,ars,5,23
1445,d1953b54-615a-4056-af44-817e8a0c4b40,5,mw,5,20
1446,aa994a1c-055e-4751-b4cf-ddc08d3a5f8c,5,mdn,4,18
1447,c0f96359-1d50-4ea2-b4d2-98cffcc461bf,5,mdn,5,18
1448,6f2f152e-fe85-4611-857a-528266761927,5,mf,5,20
1449,207a3175-fda0-43fb-8b30-c257bf055847,3,mf,4,29
1450,83da35e2-88ab-4562-9f43-c192ecdaed1e,4,mdn,4,18
1451,c81c0d30-be22-4d14-a328-3760bfd5e023,5,ars,5,20
1452,b8b1fa86-8f82-4898-a242-72dfdcfc0b75,5,mdn,5,25
1453,2eebf90c-68dc-4631-a827-b59638b7ad52,5,mw,4,26
1454,b7ba5486-611f-4ead-9e37-51de7d6961bb,5,ars,4,30
1455,558a3ec4-7fbc-40e7-9553-f8cff87516c7,4,mw,5,29
1456,984f5641-df2b-40ba-83b2-61ba8eabc65c,4,mfarsmdn,4,24
1457,4c618e0b-e52e-4b54-98ca-542b28fe4432,3,mdn,3,18
1458,90f03727-0a86-4f64-8828-9b8d6d2a0650,5,mf,5,28
1459,53204bad-4011-4a1a-b4d1-cee62543e32e,5,ars,3,20
1460,9c190f0c-c070-4a52-946b-462086f30106,4,mdn,5,25
1461,0aa927af-2e14-47b5-bb75-c1c700b13262,5,mw,4,25
1462,3aa83f6f-e363-4f12-9770-8902a51fbfbc,5,ars,4,27
1463,88f20ee0-e749-487f-a908-12f8ab47142b,5,ars,4,22
1464,b8d47eb3-c03a-46ae-9ccb-29bb9f61162b,5,mf,5,30
1465,7f337d29-cfd2-4a03-bbb9-ec6196e1d34d,3,ars,5,30
1466,0bb3ee6a-85cc-4eb3-b648-e8c08e1364db,4,mdn,5,24
1467,8d2d94c5-8114-4962-a74e-d3f9ce3f36f5,4,mf,5,18
1468,afcb575e-c985-4e48-8663-6e73dd6dbe65,5,ars,3,29
1469,8f526ed2-d369-4494-ac76-83d6b718337f,5,ars,5,21
1470,5ea1e29a-d64c-4b9b-bf02-d7bb6e8b1156,3,ars,5,29
1471,fcf4ee65-4267-4b08-bb3d-1860d83cb6e0,5,ars,4,29
1472,9c190f0c-c070-4a52-946b-462086f30106,5,mdn,5,25
1473,58326bf0-4f33-4c16-b328-cc206f87d423,5,mdn,4,28
1474,50bc13c3-0c72-4cab-a0af-b1569c6608e6,5,ars,4,30
1475,9dafb395-690f-4613-9aed-1761724d82c8,5,ars,5,22
1476,fefb10d9-4247-4d30-b89d-9efd8c703bf1,4,k,5,23
1477,38ba55a0-96fe-4f04-af03-fe2a75bf9968,3,mw,5,26
1478,aafce93e-6e5f-46ad-b186-d642d5a456a1,4,mdn,4,30
1479,2af566fa-f86c-462b-b3cf-5868069d103e,5,mdn,5,21
1480,58326bf0-4f33-4c16-b328-cc206f87d423,5,ars,5,28
1481,9a72950d-597c-4488-8d80-702130f485ee,5,mdn,5,23
1482,3d110c2c-e912-45ac-b49c-d55781dd00dd,5,ars,4,26
1483,342ea9ee-c313-48ec-9c3e-d11cc7614f54,5,tam,2,29
1484,40ef5c66-cc76-49a6-851d-1b58fe2953d7,4,mf,5,29
1485,20d213ef-76bf-41bb-bc87-9ffcfa2127bc,5,ars,5,26
1486,e696ca58-d61a-449b-8aae-30772b7d92e3,3,ars,5,24
1487,66435fb2-4e78-43d7-952d-d83ed97c5590,4,mdn,5,21
1488,b19d51d1-cbaf-4d83-948a-e8f634e3ca48,4,mw,5,21
1489,5c1e8c88-6c25-4e21-99e7-98f3140d754f,5,ars,5,22
1490,38f9af29-497a-49e7-b561-797d2a207cf0,4,mdn,4,30
1491,637a2933-734a-4323-a7e9-7f9f79ad4dc4,4,mdn,5,23
1492,2d1a4ae6-c125-4238-ae47-5496c45d5d8c,4,mdn,5,24
1493,91e4721c-9e62-45f6-874a-878f40489739,5,ars,5,21
1494,cdb366d6-e302-45aa-b61c-6bb4bd827c4f,5,mdn,5,22
1495,670e36fe-2b5e-4426-919b-889ef9ae7dc9,5,mdn,4,26
1496,e9877472-82b1-472c-8e62-929561e5e2e7,5,mdn,5,30
1497,d8eb4bf2-57a4-4a6a-8865-4ce0bf2c9e12,5,mdn,5,29
1498,d1d66775-cc03-42ea-ad3c-681efafb3682,5,mfarsmdn,5,24
1499,f59c8c41-7c50-4929-a64d-49cf2e587423,5,ars,4,24
1500,c0db802b-635c-4f93-b4cb-7d9883a43093,5,mdn,5,28
1501,6e77a16f-1fc0-43a6-bf10-ef592e2084ea,5,ars,5,28
1502,de26149b-380f-42c9-bdc1-a8584f2c5233,5,mdn,5,29
1503,6182a456-4de8-43e2-b54f-5836017a532d,5,mdn,5,19
1504,2eebf90c-68dc-4631-a827-b59638b7ad52,5,mdn,5,26
1505,9fd059e2-db33-4855-9374-7ccccc82e66e,5,ars,4,22
1506,a50dc3c0-5a19-4025-83eb-5812671c9480,4,tam,5,20
1507,223e96b7-dfbe-442b-9b28-7fef065a6044,5,mdn,4,19
1508,7d446322-1542-4988-929c-6542663cfe0c,5,mdn,4,19
1509,1bfa930d-cf1c-479b-87e4-bae0f9073321,5,mdn,5,23
1510,93cc8629-4757-4a91-acbe-cb586e385c66,5,mf,5,18
1511,1a26488b-6cd0-47ce-a93f-a8b4c8da09e2,3,mdn,5,19
1512,357a2790-e856-4dd3-a0f5-8f6e14d0267f,3,mdn,5,26
1513,77a3f484-80a6-4184-b278-fc2ba7a9bc4d,4,ars,5,24
1514,0ee3780f-36f5-4ce7-af65-420a0d0b528c,4,mf,4,27
1515,e6167931-7dcd-40cb-a065-3804a08ae841,5,ars,4,30
1516,fe2ef5d1-e5b0-4c59-b553-8a14aa6485fd,4,mdn,5,28
1517,ebcfc29b-0f9a-4a12-88c4-66d907cc65c9,4,mdn,5,18
1518,caa1cb22-fbe5-43dd-bba4-11dd60e108aa,5,mdn,5,26
1519,aafce93e-6e5f-46ad-b186-d642d5a456a1,5,mdn,4,30
1520,b94abf88-995e-47ac-9dae-0fc713c19fd9,4,ars,5,27
1521,be4db01d-a7c7-4918-93df-7014dc077733,5,k,5,22
1522,65f9bddd-fe54-4b4a-b2fa-8104c5db89c0,4,ars,5,30
1523,0a986dd7-a658-40a9-9d1b-d3074e036e35,5,mdn,4,30
1524,1d9c5351-1850-448d-a113-86faf797165f,5,mdn,5,20
1525,8e3026d2-a977-4221-a6cc-c30fd3590962,5,ars,5,30
1526,5d11e9c3-db2d-42ce-a4b2-676294bcab5c,5,ars,5,24
1527,78cb70fb-cca0-4d6b-83e3-0ca440be5174,4,mf,4,27
1528,fefb10d9-4247-4d30-b89d-9efd8c703bf1,4,ars,5,23
1529,a2b117e7-ab57-476e-831c-33f7ceb1aa35,5,ars,5,29
1530,f6a23d22-7609-4675-b15a-07e2ac92d770,5,mdn,5,27
1531,50bc13c3-0c72-4cab-a0af-b1569c6608e6,5,mdn,5,30
1532,670e36fe-2b5e-4426-919b-889ef9ae7dc9,3,mdn,4,26
1533,fcf4ee65-4267-4b08-bb3d-1860d83cb6e0,4,mdn,5,29
1534,c16dd75d-767f-4f05-a3cf-e3207ecb51a4,4,ars,4,19
1535,663c3978-6013-4a55-9a58-5d538e435021,3,ars,5,25
1536,0ef4cecc-887a-460d-b699-659969939b87,5,mw,5,24
1537,573f0cfc-29ec-4c96-b6fa-c4b9c5746ccf,5,mdn,4,28
1538,28c21980-3720-4511-bec7-cc2e6275750a,5,ars,4,28
1539,83cff052-3ad9-416d-b26e-4797eccc0f10,5,ars,5,25
1540,73ae6177-466a-40ab-833a-67f5a7eedc79,5,mdn,5,26
1541,ae40a3a5-e900-4cbc-8955-280bd7529d92,5,mdn,5,21
1542,273a109b-52b8-4925-8536-22ceb3b716dc,3,-,5,30
1543,f05a9269-3068-486a-b87d-fda9d757275c,5,mdn,5,28
1544,b5bc6003-dc35-4ca6-b16c-1752ffb0d186,4,mdn,3,20
1545,f9c4d67a-8176-4831-b098-8d866ed2dd52,5,mdn,5,20
1546,792a10ac-a9bb-45ce-af93-7a2619ef61fe,4,ars,4,30
1547,0f1a02d0-badb-422e-a97f-76df0e23f581,5,mf,4,26
1548,1bfa930d-cf1c-479b-87e4-bae0f9073321,5,mdn,4,23
1549,af410c09-749d-4f0b-bdb1-f3d0e42a2b0f,5,mdn,3,19
1550,4afd54fc-f5e7-41c3-beaf-b9b1270a218c,4,ars,3,28
1551,d975480c-d90f-414e-a9e1-b1288c4fbd1c,5,mf,4,28
1552,49e2e565-049d-4753-871a-2ec2587d386e,5,ars,3,30
1553,f09830ac-90c9-4f96-82d2-30a969c28516,3,mdn,5,23
1554,c34aed25-5a2c-400e-ba87-7168d634e3bd,5,mw,4,30
1555,357bbbdb-8186-4709-a792-2b49f743fad2,5,ars,5,18
1556,9edfb2eb-d613-48d3-bce6-bc81bffc2ac7,5,mdn,5,25
1557,ff9d3a2b-707a-4274-9447-421946699738,5,ars,4,25
1558,adc0ba52-ad0c-4888-9527-72d7900b42bd,5,mdn,5,26
1559,8905a79c-4956-4918-b85f-f194e57c2e62,5,mdn,5,24
1560,5ef119b1-883b-4964-8400-341414ee551a,5,ars,4,22
1561,a51ce71d-9acf-4e2f-b3bb-2d456a3de7ec,4,mf,5,22
1562,e18562d7-a549-49e1-ade6-2373fed3787d,5,ars,5,22
1563,b57fcc40-677a-40da-9faa-265af0fca89d,4,ars,4,19
1564,5939bdfb-18e1-40ee-8654-d802e218a33f,5,ars,5,29
1565,fea9deb6-7320-4e71-8c81-a5529ccdd68c,5,ars,5,23
1566,5cf62f0f-9b68-4dd7-9dd1-78727e147558,5,ars,5,19
1567,0e321c7e-d2cf-4699-aa74-9544ab8f2090,5,mf,5,26
1568,9ac75f91-4f73-4df0-bb20-b7de3069baee,4,ars,4,25
1569,4cab344d-1770-4c38-a71f-6d51e8f3b5cc,5,tam,5,18
1570,6e65b841-848c-46e7-a8b3-15ca81055f6a,5,ars,5,26
1571,e70f6ce4-4606-4a3d-a5cb-3c22ac67b4ea,4,ars,5,18
1572,ec3f623a-65f2-4b0d-937b-d0d1c4325976,5,mdn,5,30
1573,6e1d86b6-1249-4c44-a984-f1ea046d19b8,5,mdn,5,19
1574,792a10ac-a9bb-45ce-af93-7a2619ef61fe,4,mfmw,5,30
1575,5939bdfb-18e1-40ee-8654-d802e218a33f,3,mdn,5,29
1576,2d289025-ff1e-4ba7-a201-6b6053e593e8,5,j,5,21
1577,d5bb291b-06cc-4dec-968a-ce7db7529f77,4,mw,5,28
1578,e62e4b0c-e929-48f4-ad21-f172df57e747,3,ars,5,23
1579,f8a5ac4a-6f9a-4356-a9d7-142b91a4c9a4,4,ars,5,21
1580,68808f5c-066f-4afa-b2fa-ae7abe1e6ba5,5,ars,5,19
1581,50fe2f3d-7fa4-43b4-b182-6ff9a0371dd4,5,ars,4,25
1582,4ac5d5c7-fcf8-4d13-8384-5e452e3c04af,5,ars,5,28
1583,22c4015e-dc9e-4d9e-b7f2-3a69fe57a3b8,4,ars,4,22
1584,6be004f0-b701-4daa-b7e2-312b56f97129,5,mw,4,23
1585,48a6d994-4f5b-468f-a96b-9ebe47e8e279,5,mw,5,18
1586,3715dae0-d872-499f-8f0c-fabf940e2bc0,5,ars,5,25
1587,ed9b6e30-d898-4452-97e1-ccbcff4a27bb,5,mw,5,18
1588,acf94512-66a4-418e-98d7-dfc6c4691d80,4,mdn,5,24
1589,dfc7c753-24c4-4193-ae2b-2ee1af876a13,5,mdn,5,30
1590,9798eef8-20b9-4df4-a0de-81ed2227b9bf,3,mdn,3,24
1591,c7cccd38-9e0f-4c94-acfb-557606e7aadf,5,mf,3,22
1592,bd3c3d70-fe18-477c-bdc3-51c106bd41b5,3,ars,5,24
1593,cbaaf4cd-85c3-4140-9033-acedf90fa1cb,4,ars,5,22
1594,48a6d994-4f5b-468f-a96b-9ebe47e8e279,5,mdn,3,18
1595,5cb0e54b-ec8d-46d8-8d81-eaa3e0687114,5,mfars,5,18
1596,85c289f3-c492-4b55-91f1-25a199c58832,5,mw,5,25
1597,15500f87-5d38-4e31-b34d-fe209c3a5de4,5,mdn,5,18
1598,d13135a7-9a68-4169-815e-981149a54291,5,mfmw,5,27
1599,11cb3da8-b076-4554-b86b-ad619773b101,4,ars,5,27
1600,45d72ac3-0209-493e-9d5a-8a966d562845,4,ars,5,23
1601,8e3026d2-a977-4221-a6cc-c30fd3590962,4,ars,5,30
1602,93cc8629-4757-4a91-acbe-cb586e385c66,5,ars,5,18
1603,da0a8407-c3fa-42bc-bd2b-23e1c7cde8a9,4,k,5,30
1604,6975f225-5acc-48bb-a80d-6a3a5e442fae,3,mdn,5,28
1605,53f8916f-1f81-4fd4-ba7e-b3574e6852eb,5,ars,2,19
1606,9b87a188-a71f-4d7a-bb50-b7fae8022f80,5,mf,5,27
1607,e6574fcd-b5fd-40b8-b94a-e3fdf1c887b6,4,mf,5,24
1608,eeebd242-3df2-464c-9aa3-cd5781da8039,5,mdn,5,20
1609,366c8261-243e-4eab-9695-6df81979597a,5,fg,5,18
1610,11b7094b-b88a-4478-b067-09000dfe4062,4,mdn,5,25
1611,83cff052-3ad9-416d-b26e-4797eccc0f10,4,mdn,4,25
1612,87fe0f9e-2ee2-4524-895b-5cb68e7b55ab,5,mw,4,21
1613,3c24d078-c8f8-4f83-ab59-6d25c5b84bc2,5,ars,4,30
1614,3aa83f6f-e363-4f12-9770-8902a51fbfbc,5,mdn,4,27
1615,c6843a46-7606-45f7-a642-7dfbe9bb61cf,5,mf,5,28
1616,ff9d3a2b-707a-4274-9447-421946699738,5,ars,5,25
1617,60a29855-f1ba-4d16-a0e5-45fdc18d8780,5,ars,5,28
1618,ed9b6e30-d898-4452-97e1-ccbcff4a27bb,5,mdn,5,18
1619,61dbc7bb-5997-4446-a7eb-5b0cd4ea98db,5,ars,5,24
1620,4ff66c05-68eb-4bc1-9ed7-4ca15066eb3c,4,mw,5,20
1621,b07938ae-0ab3-44a5-9009-465521064ed4,4,mdn,3,18
1622,f6a23d22-7609-4675-b15a-07e2ac92d770,5,mdn,5,27
1623,be1f9c71-c6b8-48c6-84bb-6ef5174954aa,5,je,5,20
1624,d26cad8a-57db-41ec-9679-d73b30e718dc,4,k,5,30
1625,f96dc1f6-d3a8-4cf6-a3ab-6a1182d41edd,5,mdn,3,23
1626,4ac5d5c7-fcf8-4d13-8384-5e452e3c04af,5,ars,5,28
1627,2f17238b-3151-4596-bd04-d55f4c80a066,5,ars,5,30
1628,41c2499e-4649-4cd4-8476-d435c6166c58,5,ars,4,22
1629,3d110c2c-e912-45ac-b49c-d55781dd00dd,4,mfmw,5,26
1630,444bb96e-33b5-408b-8f36-792f40a9e402,4,mfarsmdn,4,20
1631,899d5675-9fe8-4dde-af03-7b62ba95428c,5,mw,5,22
1632,50bc13c3-0c72-4cab-a0af-b1569c6608e6,5,mdn,4,30
1633,717bbe10-f11f-4197-820a-cc03420e2016,5,mf,5,18
1634,5febecf8-2d9f-471b-9303-cd8dd0f658af,5,mdn,4,28
1635,45d72ac3-0209-493e-9d5a-8a966d562845,5,mw,5,23
1636,ae0bc742-9002-4ac9-b183-a2041b84bc8b,4,ars,3,28
1637,5d674651-5ef2-4f04-b0fd-1cb744d92488,4,mdn,5,18
1638,ff9d3a2b-707a-4274-9447-421946699738,5,mfars,5,25
1639,f6079976-5f69-482b-8b84-179dd5524bfa,4,ars,5,28
1640,15500f87-5d38-4e31-b34d-fe209c3a5de4,3,ars,4,18
1641,60a29855-f1ba-4d16-a0e5-45fdc18d8780,5,mdn,5,28
1642,1cb0d1bf-328c-48fc-ba36-d238bcf1b7f6,5,ars,3,22
1643,b52aa66d-49b6-4823-b15d-19817ab072ab,4,ars,4,24
1644,c43a7404-eeeb-4714-9bc9-598b448da6f9,5,mdn,5,30
1645,73ae6177-466a-40ab-833a-67f5a7eedc79,5,ars,5,26
1646,789055e5-3d0a-423a-bd82-c9fcfdf03bac,3,mdn,4,30
1647,e469cc62-5dfe-42a1-be57-e686c98e01c6,5,mdn,5,25
1648,8836f623-a6e4-442f-aa50-99c436187488,5,mdn,5,24
1649,a8272db8-0e9f-4372-a757-661bd02f9051,5,mdn,5,26
1650,c43a7404-eeeb-4714-9bc9-598b448da6f9,4,mdn,3,30
1651,af8a0613-364e-42b4-903f-c2ea6ed41cea,5,mw,4,26
1652,5d8a1dd5-498e-47ba-8bfc-62763467a996,5,mdn,5,27
1653,ddd0d578-3230-498c-9471-c90132d0399a,5,mf,5,18
1654,7c900363-ac5f-43a0-ae64-d5bb23688d88,5,mdn,5,27
1655,d1560a24-8c99-4ae8-85f9-c9bf80991ce4,5,ars,5,26
1656,3ad458ed-6069-4907-a71e-efda23c5abff,4,mf,5,28
1657,d1f141a2-1152-4522-ac13-eb572de63737,4,ars,5,23
1658,558a3ec4-7fbc-40e7-9553-f8cff87516c7,4,ars,5,29
1659,b8b1fa86-8f82-4898-a242-72dfdcfc0b75,4,mdn,5,25
1660,8f526ed2-d369-4494-ac76-83d6b718337f,5,ars,5,21
1661,bf94eb8d-5d4f-43d3-9528-ff5ef9009951,5,mdn,5,24
1662,a9bdcbf6-4345-477c-a7a8-a7a09b29bd64,5,mdn,5,19
1663,84d29b44-26c6-4b05-8a67-31831d35be32,4,mf,5,28
1664,b94abf88-995e-47ac-9dae-0fc713c19fd9,5,ars,4,27
1665,cee38db4-d8fb-4876-affb-408d23f0c5fc,4,mf,5,20
1666,49e2e565-049d-4753-871a-2ec2587d386e,5,ars,3,30
1667,4073acaa-d216-4e04-8729-bfadada4d095,4,mdn,2,20
1668,f6c33008-5144-41d8-b2a5-a570e9f1561b,3,ars,5,21
1669,d1d66775-cc03-42ea-ad3c-681efafb3682,3,mdn,3,24
1670,a4272ae2-4e7e-4252-a49a-10445c387bc6,5,mdn,5,29
1671,581e0c61-097c-43a1-807a-d1f21bf13e0c,5,ars,5,28
1672,f05a9269-3068-486a-b87d-fda9d757275c,5,mw,5,28
1673,f79501bb-dbe6-4ba4-8439-e4740856c51a,5,ars,5,25
1674,91753f65-ede6-4be5-b7a7-9e8b4da7cc42,4,mdn,5,21
1675,709c8608-6cac-4147-9d6e-e8152ce6340c,3,mdn,4,24
1676,2f586764-da78-499d-9a41-eafd03844e80,5,mf,3,29
1677,2a205037-8c86-4372-a92d-d81ee9b38025,5,ars,4,21
1678,f6079976-5f69-482b-8b84-179dd5524bfa,5,mw,3,28
1679,d26cad8a-57db-41ec-9679-d73b30e718dc,5,ars,2,30
1680,9ffb6093-07ab-4c59-8f50-d7b38b640c04,3,ars,4,29
1681,9c7b2243-d03e-419c-babb-f8b3ea3c8400,3,mdn,5,19
1682,4cab344d-1770-4c38-a71f-6d51e8f3b5cc,4,tam,4,18
1683,f21916d7-d541-4ce8-a39b-d7f0276da589,5,mdn,3,21
1684,dd17fd3c-6723-465c-8b53-ce5998b51003,5,ars,3,20
1685,52a42141-4b24-488f-8631-7ef301b1c14c,5,ars,5,27
1686,a5a4ee5b-8385-4dfb-9185-a1deb1531cdb,5,ars,3,28
1687,3aa83f6f-e363-4f12-9770-8902a51fbfbc,5,mdn,4,27
1688,37ff7521-e05d-4635-8d59-e3c6f852d77d,3,mf,5,23
1689,5d8a1dd5-498e-47ba-8bfc-62763467a996,5,mdn,4,27
1690,65f9bddd-fe54-4b4a-b2fa-8104c5db89c0,5,mdn,4,30
1691,8c8342e9-a790-4117-b607-5415d372b7f6,5,ars,5,29
1692,78cb70fb-cca0-4d6b-83e3-0ca440be5174,5,mw,5,27
1693,357a2790-e856-4dd3-a0f5-8f6e14d0267f,5,ars,5,26
1694,606ef552-6427-489e-aec2-43a4a17643e2,5,ars,5,20
1695,ae0bc742-9002-4ac9-b183-a2041b84bc8b,5,mw,5,28
1696,38ba55a0-96fe-4f04-af03-fe2a75bf9968,5,mdn,3,26
1697,88c6509b-cbe2-47c6-ad02-97c92e300c48,5,mdn,4,30
1698,5d8a1dd5-498e-47ba-8bfc-62763467a996,5,mdn,3,27
1699,3ebec66e-6765-4b6b-a97a-c0eb8314e327,4,mdn,5,20
1700,9edfb2eb-d613-48d3-bce6-bc81bffc2ac7,4,mw,5,25
1701,3cd61aab-db88-4ef9-8be4-5f94ff9698e7,4,mdn,4,20
1702,5fb096ef-d891-4c20-aabc-80216c7d0ac6,5,mw,5,22
1703,223e96b7-dfbe-442b-9b28-7fef065a6044,4,mdn,5,19
1704,67313ce6-34e5-492a-ab7b-4e50acceb029,5,ars,4,28
1705,4cf82814-1d7e-430c-bba3-247af2552306,5,ars,3,19
1706,bcb872cd-f6f8-422c-8729-59be0b01e4c4,4,mdn,5,27
1707,7428131a-f272-433f-b7ae-725af2ab628d,5,ars,5,29
1708,637a2933-734a-4323-a7e9-7f9f79ad4dc4,5,mdn,5,23
1709,f4470d04-89ee-4c8e-99d8-4ed12535524b,5,ars,5,23
1710,22b43ba7-0a64-49dd-bf2f-b6920e84a056,5,ars,5,18
1711,f443f8f7-c1f8-4b45-a91c-5a994f4c0ef6,4,mf,5,20
1712,b8d47eb3-c03a-46ae-9ccb-29bb9f61162b,5,ars,5,30
1713,d4024ed1-cddb-4e3c-aea5-6616191d699f,3,ars,5,29
1714,0e354232-854f-43ec-944d-b120245eea4d,5,mfarsmdn,5,21
1715,9a72950d-597c-4488-8d80-702130f485ee,5,mdn,4,23
1716,b8d47eb3-c03a-46ae-9ccb-29bb9f61162b,5,mdn,5,30
1717,9a61b41c-a3e3-4ee1-b5d0-fd87681fe92a,5,je,4,21
1718,50fe2f3d-7fa4-43b4-b182-6ff9a0371dd4,5,mdn,3,25
1719,581e0c61-097c-43a1-807a-d1f21bf13e0c,4,ars,5,28
1720,5ef1e3ae-45e5-41e7-956b-4cef7dcf95b5,5,mfarsmdn,4,21
1721,dac33426-3c77-4e9c-807c-3ecdc261339f,5,ars,5,20
1722,0e97a2f7-f21a-4142-b564-eac1d55150cb,4,ars,3,28
1723,41c2499e-4649-4cd4-8476-d435c6166c58,5,mf,5,22
1724,5fb096ef-d891-4c20-aabc-80216c7d0ac6,5,ars,4,22
1725,e8cf2675-3727-4525-970c-77eff23acff5,5,ars,4,22
1726,50bc13c3-0c72-4cab-a0af-b1569c6608e6,5,mf,5,30
1727,b661cc43-3695-4a39-b0dc-21164ec6e199,3,fg,4,20
1728,5fab557d-756e-44e7-8f28-2896570692b2,4,ars,4,30
1729,c393b545-0428-4a31-927b-e603aa307049,3,k,5,18
1730,9ac75f91-4f73-4df0-bb20-b7de3069baee,5,ars,5,25
1731,ab3fe741-a432-4b93-97e7-ca7f86b14d56,4,mdn,5,21
1732,d056ef76-a2d5-4e81-9a82-0a5190a878e8,4,ars,4,28
1733,e18562d7-a549-49e1-ade6-2373fed3787d,5,mdn,4,22
1734,c16dd75d-767f-4f05-a3cf-e3207ecb51a4,5,ars,5,19
1735,6682a9bf-56ba-4596-8da7-14e90a00dcd4,5,ars,4,29
1736,ebcfc29b-0f9a-4a12-88c4-66d907cc65c9,4,mdn,4,18
1737,83cff052-3ad9-416d-b26e-4797eccc0f10,5,mf,5,25
1738,2b7f0ba7-166f-43e5-9c60-056b72b479a4,5,mdn,5,27
1739,ede1c719-13be-432a-958d-e5e220f7b972,4,mw,5,21
1740,1fb37a6e-bfb4-48da-b71f-d813fb59ef1c,4,mw,4,30
1741,b50df7ff-04f6-45b6-b3fd-0d96d4fbcd61,5,mdn,5,18
1742,48aeea0c-cfef-4b4a-b94f-415455a9d7af,5,ars,4,20
1743,9ffb6093-07ab-4c59-8f50-d7b38b640c04,5,ars,5,29
1744,ce6e85c5-f384-4d46-b67e-a4ca72252a0a,4,mdn,4,30
1745,2f586764-da78-499d-9a41-eafd03844e80,5,ars,4,29
1746,53f8916f-1f81-4fd4-ba7e-b3574e6852eb,5,mw,3,19
1747,a93b4520-48eb-4201-afbf-b8d72d7eb56a,4,mw,4,28
1748,79ce6eb0-d1d0-42fe-b157-1bb64abf5596,5,ars,4,23
1749,d26cad8a-57db-41ec-9679-d73b30e718dc,5,mdn,4,30
1750,ed2064be-7d40-4f59-9e7d-d7e7dd54b118,4,mdn,5,28
1751,a47a4348-5295-48e9-aea3-acb821b95f11,4,mdn,5,23
1752,d5bb291b-06cc-4dec-968a-ce7db7529f77,5,mf,5,28
1753,a21eedda-983a-47dd-81fc-20e1b1f34d9e,4,ars,5,26
1754,4cf82814-1d7e-430c-bba3-247af2552306,5,j,5,19
1755,49b93c8d-21cf-4307-90e1-12f87a2a75a4,5,mdn,5,26
1756,4c39b0b9-c9d0-45ac-b545-190c3da984fa,4,ars,5,21
1757,fe2ef5d1-e5b0-4c59-b553-8a14aa6485fd,3,ars,4,28
1758,1a26488b-6cd0-47ce-a93f-a8b4c8da09e2,3,mdn,5,19
1759,b57fcc40-677a-40da-9faa-265af0fca89d,5,ars,4,19
1760,0e58e77d-a18e-44d2-9fb8-522685cc2b76,5,ars,4,21
1761,44f5e566-7fef-484a-b881-c53d9249ae9b,5,ars,5,28
1762,3c24d078-c8f8-4f83-ab59-6d25c5b84bc2,3,ars,5,30
1763,6975f225-5acc-48bb-a80d-6a3a5e442fae,4,mdn,5,28
1764,d6d28a99-70f3-4053-961c-029e34621e96,4,ars,5,21
1765,a2b117e7-ab57-476e-831c-33f7ceb1aa35,5,mdn,5,29
1766,dceebdb5-1a91-4fa6-8072-aaa827868eb3,5,mfars,5,26
1767,0abe9114-4d57-4368-9b74-8ff8d5ab22cf,3,ars,5,18
1768,d8eb4bf2-57a4-4a6a-8865-4ce0bf2c9e12,3,mf,4,29
1769,f21916d7-d541-4ce8-a39b-d7f0276da589,5,mdn,4,21
1770,23f67700-5b2a-4ebb-a7a6-2b6bd78cea75,5,mw,4,21
1771,d2def5be-4ed5-4735-ba73-d6a360f58a69,5,mdn,5,25
1772,dceebdb5-1a91-4fa6-8072-aaa827868eb3,4,ars,3,26
1773,e6574fcd-b5fd-40b8-b94a-e3fdf1c887b6,4,mdn,5,24
1774,5cf62f0f-9b68-4dd7-9dd1-78727e147558,5,mfars,4,19
1775,0b187bd8-2c9e-4c1a-ad95-1ac60fa3f39d,5,k,5,20
1776,4ff66c05-68eb-4bc1-9ed7-4ca15066eb3c,5,ars,5,20
1777,d5b84e64-0316-493b-9d2d-3d5a49490e9c,5,mw,5,21
1778,6b544598-bc17-4e6f-9cd4-987f46c83902,4,mf,5,19
1779,1a26488b-6cd0-47ce-a93f-a8b4c8da09e2,5,ars,5,19
1780,c6990f5b-cd7a-4dda-a877-6155653d134e,3,k,4,19
1781,41c2499e-4649-4cd4-8476-d435c6166c58,5,mf,5,22
1782,c16dd75d-767f-4f05-a3cf-e3207ecb51a4,5,mdn,4,19
1783,391319c2-41bc-4213-ba51-0e06718e1803,5,mdn,5,26
1784,de511cef-1fc8-493b-bb99-d9ba30a042c9,3,ars,5,28
1785,9c190f0c-c070-4a52-946b-462086f30106,5,ars,4,25
1786,45d72ac3-0209-493e-9d5a-8a966d562845,4,-,5,23
1787,5e454df6-a68f-4b76-b06a-f576ed27a11e,5,ars,5,22
1788,f443f8f7-c1f8-4b45-a91c-5a994f4c0ef6,5,ars,5,20
1789,eb5ab705-64b5-4824-80b1-748c0c01560b,5,mdn,5,30
1790,ff4a3b75-5599-4d90-95f0-8a1bf29c5849,5,ars,5,27
1791,1105bd82-4df4-4116-be5a-0fc3f7506907,5,ars,4,18
1792,93cc8629-4757-4a91-acbe-cb586e385c66,5,ars,3,18
1793,d4024ed1-cddb-4e3c-aea5-6616191d699f,4,mdn,4,29
1794,670e36fe-2b5e-4426-919b-889ef9ae7dc9,5,ars,3,26
1795,95d5bb8d-2790-43d4-a0a3-970e5fe6ac19,4,mw,5,18
1796,9fd059e2-db33-4855-9374-7ccccc82e66e,4,mdn,4,22
1797,68808f5c-066f-4afa-b2fa-ae7abe1e6ba5,3,mw,5,19
1798,9a61b41c-a3e3-4ee1-b5d0-fd87681fe92a,5,mf,3,21
1799,e70f6ce4-4606-4a3d-a5cb-3c22ac67b4ea,5,mdn,5,18
1800,91e4721c-9e62-45f6-874a-878f40489739,5,ars,4,21
1801,d26cad8a-57db-41ec-9679-d73b30e718dc,5,ars,4,30
1802,3c24d078-c8f8-4f83-ab59-6d25c5b84bc2,5,mf,2,30
1803,d1f141a2-1152-4522-ac13-eb572de63737,3,mdn,3,23
1804,9fd059e2-db33-4855-9374-7ccccc82e66e,5,mdn,4,22
1805,3d0ea613-5462-4785-91d0-04f2331473f5,5,ars,5,19
1806,38ba55a0-96fe-4f04-af03-fe2a75bf9968,5,mdn,4,26
1807,11a3f0b6-30be-4055-bd52-045a04e860fe,4,ars,5,25
1808,e70f6ce4-4606-4a3d-a5cb-3c22ac67b4ea,5,k,5,18
1809,bf94eb8d-5d4f-43d3-9528-ff5ef9009951,5,mdn,4,24
1810,1cb0d1bf-328c-48fc-ba36-d238bcf1b7f6,5,ars,5,22
1811,934eaca0-2d10-4419-8175-7812976e2931,4,mw,4,21
1812,2c867a72-877a-4cfb-8d18-01990c6c4846,4,mw,4,19
1813,5cf62f0f-9b68-4dd7-9dd1-78727e147558,4,mdn,4,19
1814,8633ed8f-31e9-45be-8c95-1a50d1658229,5,ars,5,27
1815,daba59b7-3cb9-4533-b8a8-9e0562490dd2,5,mdn,4,23
1816,b2120df0-7828-41fd-8a67-19bf1554d594,4,ars,5,19
1817,9493905e-b65c-40ce-b799-c350ed3e1f18,5,mdn,2,23
1818,c43a7404-eeeb-4714-9bc9-598b448da6f9,4,ars,5,30
1819,b8d47eb3-c03a-46ae-9ccb-29bb9f61162b,4,ars,5,30
1820,abeb14a7-d8db-429f-9acc-79ef8cdf9a02,3,ars,5,23
1821,cee38db4-d8fb-4876-affb-408d23f0c5fc,3,ars,5,20
1822,71dfef48-bb94-46ba-9eb5-66c917e928c7,5,mdn,5,18
1823,eb5ab705-64b5-4824-80b1-748c0c01560b,5,ars,5,30
1824,f05a9269-3068-486a-b87d-fda9d757275c,3,ars,4,28
1825,e835a550-12b8-48aa-84a8-7fc1c8b1e775,5,ars,5,18
1826,bcb872cd-f6f8-422c-8729-59be0b01e4c4,4,ars,5,27
1827,fb0fdb0e-a962-4fa1-8447-b5f52235ffe8,3,-,5,20
1828,26321a8a-0e7d-451e-a0f3-787a7432d9cb,5,ars,4,28
1829,b94abf88-995e-47ac-9dae-0fc713c19fd9,4,ars,3,27
1830,ed9b6e30-d898-4452-97e1-ccbcff4a27bb,4,ars,5,18
1831,cb05f3e4-515e-4567-9ec2-b3d043b9f1e4,4,mf,5,22
1832,6f680a58-6e7f-4b24-ab2a-8f615cd14a21,5,ars,5,27
1833,efee5412-be59-448d-9f6e-9a7dcf201113,4,k,5,29
1834,52a42141-4b24-488f-8631-7ef301b1c14c,5,mdn,4,27
1835,1105bd82-4df4-4116-be5a-0fc3f7506907,3,mw,5,18
1836,e490e589-c757-4a79-9fb9-b96dc034c08b,5,mdn,5,22
1837,3e262f96-1a3a-4620-a5cb-26350e9ead3e,5,ars,5,22
1838,8836f623-a6e4-442f-aa50-99c436187488,5,mdn,4,24
1839,455e0529-272b-4550-95d5-a0bdb835ca9f,5,k,5,23
1840,640d60da-a441-4460-b386-d9613ee01d28,5,mdn,3,29
1841,0ef4cecc-887a-460d-b699-659969939b87,5,mdn,5,24
1842,5d11e9c3-db2d-42ce-a4b2-676294bcab5c,5,mf,4,24
1843,eeebd242-3df2-464c-9aa3-cd5781da8039,3,ars,5,20
1844,cee74a0a-0b19-443e-93ff-152112089c51,4,mdn,5,24
1845,8cc0183c-f480-475a-a25b-559f3576b7c5,4,ars,4,18
1846,7aaf2ee9-a6f9-4256-8f6b-742a0ee1ac2e,5,k,5,26
1847,e490e589-c757-4a79-9fb9-b96dc034c08b,5,mdn,5,22
1848,663c3978-6013-4a55-9a58-5d538e435021,5,ars,4,25
1849,f79501bb-dbe6-4ba4-8439-e4740856c51a,5,mf,5,25
1850,e42c716f-8970-4881-89c6-3db8a37ccd35,4,mdn,4,30
1851,e98d0b49-dc22-4be4-89e6-38ba25d671b3,5,ars,5,21
1852,fe2ef5d1-e5b0-4c59-b553-8a14aa6485fd,3,ars,4,28
1853,ca5c06a4-b01e-4e89-b6e0-507d13da74e9,5,ars,5,27
1854,9798eef8-20b9-4df4-a0de-81ed2227b9bf,3,mdn,5,24
1855,455e0529-272b-4550-95d5-a0bdb835ca9f,5,mw,5,23
1856,c7bf0ed5-820e-4544-920d-c50b944dec2c,5,mdn,3,26
1857,0a986dd7-a658-40a9-9d1b-d3074e036e35,5,mdn,5,30
1858,26321a8a-0e7d-451e-a0f3-787a7432d9cb,5,mdn,5,28
1859,0aa927af-2e14-47b5-bb75-c1c700b13262,4,mdn,4,25
1860,daba59b7-3cb9-4533-b8a8-9e0562490dd2,5,ars,5,23
1861,7a024b41-0a4e-41dd-ad47-121884fa8a11,5,ars,5,23
1862,dab9d52e-ee1a-4508-a4d6-5dd373bb25f6,5,ars,5,19
1863,e33fe1f5-796c-4c1d-84c4-32eb396f9837,4,mw,5,24
1864,ddd0d578-3230-498c-9471-c90132d0399a,4,ars,4,18
1865,1e22ce44-7a97-4f75-b7f5-d47bd96a8342,5,mf,4,22
1866,2eebf90c-68dc-4631-a827-b59638b7ad52,5,mf,5,26
1867,c1843817-41a0-4488-9c7a-5a537f4659b5,5,ars,5,29
1868,22c4015e-dc9e-4d9e-b7f2-3a69fe57a3b8,5,je,5,22
1869,2ae01d22-116d-44c0-84be-cfad96fb519c,4,mf,5,20
1870,3d0ea613-5462-4785-91d0-04f2331473f5,5,mdn,3,19
1871,d4024ed1-cddb-4e3c-aea5-6616191d699f,5,ars,5,29
1872,c6843a46-7606-45f7-a642-7dfbe9bb61cf,3,mw,5,28
1873,fb0fdb0e-a962-4fa1-8447-b5f52235ffe8,5,mf,4,20
1874,a07d4949-be64-47ce-b0d2-c4b3e775404e,5,ars,5,24
1875,1d9c5351-1850-448d-a113-86faf797165f,5,tam,4,20
1876,b7ba5486-611f-4ead-9e37-51de7d6961bb,5,ars,3,30
1877,d1f141a2-1152-4522-ac13-eb572de63737,3,mdn,5,23
1878,37725a9e-f7e1-4803-ad03-e9be32e186d4,4,mdn,5,20
1879,f064f333-666c-499f-bfcb-b71607e60de7,5,mf,5,30
1880,11a3f0b6-30be-4055-bd52-045a04e860fe,5,ars,5,25
1881,d8eb4bf2-57a4-4a6a-8865-4ce0bf2c9e12,5,mw,3,29
1882,a4272ae2-4e7e-4252-a49a-10445c387bc6,5,ars,4,29
1883,5febecf8-2d9f-471b-9303-cd8dd0f658af,5,mf,4,28
1884,6b544598-bc17-4e6f-9cd4-987f46c83902,3,ars,4,19
1885,caa1cb22-fbe5-43dd-bba4-11dd60e108aa,4,mdn,5,26
1886,1efd7e76-acea-457d-b43c-d2c538c532b2,5,k,5,22
1887,b5ed5b65-c1bf-4b2f-b650-e60a5139f1bc,5,ars,5,20
1888,f064f333-666c-499f-bfcb-b71607e60de7,4,mdn,5,30
1889,5ea1e29a-d64c-4b9b-bf02-d7bb6e8b1156,5,mf,5,29
1890,1bfa930d-cf1c-479b-87e4-bae0f9073321,4,mdn,5,23
1891,8e3026d2-a977-4221-a6cc-c30fd3590962,5,ars,5,30
1892,3957973a-682a-4959-b576-9a085c8a44ae,5,ars,5,28
1893,c7bf0ed5-820e-4544-920d-c50b944dec2c,5,ars,3,26
1894,60a29855-f1ba-4d16-a0e5-45fdc18d8780,4,ars,4,28
1895,f96dc1f6-d3a8-4cf6-a3ab-6a1182d41edd,5,ars,4,23
1896,ab9d4c1f-1773-4f12-88e1-ecd78f51e309,5,mw,5,30
1897,f627af83-24c8-4c96-a7fd-4e60eddea09e,5,-,5,24
1898,41ae8e3f-715e-4fe0-aa5f-75aca345731c,3,mdn,5,28
1899,84d29b44-26c6-4b05-8a67-31831d35be32,5,mf,5,28
1900,cae3f7d3-ef38-44cd-99ae-c2606063e41f,4,mf,5,22
1901,984f5641-df2b-40ba-83b2-61ba8eabc65c,5,mdn,3,24
1902,670e36fe-2b5e-4426-919b-889ef9ae7dc9,3,ars,5,26
1903,dfc7c753-24c4-4193-ae2b-2ee1af876a13,3,ars,4,30
1904,802f27c7-ea1a-4e42-97b3-8174f236e379,5,ars,5,29
1905,c44794ff-60de-42e8-9ac1-d221a8ab29c0,5,mf,4,30
1906,f2708137-31a5-416c-bbff-7155fb5aa25c,5,ars,5,19
1907,eb90a88d-20c0-4c51-98f1-a67bc873c84d,5,mf,4,20
1908,94173ad0-5841-4719-9ae3-44e387b19633,3,mf,5,28
1909,78cb70fb-cca0-4d6b-83e3-0ca440be5174,5,mw,4,27
1910,48aeea0c-cfef-4b4a-b94f-415455a9d7af,5,mdn,5,20
1911,eeebd242-3df2-464c-9aa3-cd5781da8039,3,mdn,4,20
1912,670e36fe-2b5e-4426-919b-889ef9ae7dc9,5,tam,5,26
1913,9054ffc8-9df3-4b73-a700-17b228a19cba,5,mdn,5,29
1914,3715dae0-d872-499f-8f0c-fabf940e2bc0,5,mdn,5,25
1915,b8617d9b-d83b-4256-a87a-6edeaaedc6ba,5,ars,5,24
1916,d975480c-d90f-414e-a9e1-b1288c4fbd1c,5,ars,4,28
1917,44ca9a06-8b5d-42d1-a313-dfee18559727,5,je,3,28
1918,40c6a39c-67fc-4202-b18e-ef0e0185bdd3,4,mf,5,23
1919,8836f623-a6e4-442f-aa50-99c436187488,3,mdn,4,24
1920,daba59b7-3cb9-4533-b8a8-9e0562490dd2,5,tam,5,23
1921,18ef96e8-9a73-4678-8c6c-772ce127d7f9,5,ars,5,30
1922,b5ed5b65-c1bf-4b2f-b650-e60a5139f1bc,4,mdn,5,20
1923,3dea5f61-f356-432f-b831-57df87d6b032,4,mdn,5,23
1924,4cab344d-1770-4c38-a71f-6d51e8f3b5cc,4,mdn,5,18
1925,9b6d950a-d667-4f0b-ac67-0d810b2feff6,4,mdn,4,22
1926,cb05f3e4-515e-4567-9ec2-b3d043b9f1e4,4,ars,5,22
1927,f443f8f7-c1f8-4b45-a91c-5a994f4c0ef6,5,ars,5,20
1928,d1f141a2-1152-4522-ac13-eb572de63737,2,mdn,5,23
1929,4f727795-2eba-42fd-97a6-dd7a8a15282b,3,mdn,5,19
1930,c7cccd38-9e0f-4c94-acfb-557606e7aadf,3,mdn,5,22
1931,444bb96e-33b5-408b-8f36-792f40a9e402,5,k,5,20
1932,adc0ba52-ad0c-4888-9527-72d7900b42bd,3,je,4,26
1933,8633ed8f-31e9-45be-8c95-1a50d1658229,4,mdn,4,27
1934,38ba55a0-96fe-4f04-af03-fe2a75bf9968,5,mf,4,26
1935,52a42141-4b24-488f-8631-7ef301b1c14c,3,ars,3,27
1936,be1f9c71-c6b8-48c6-84bb-6ef5174954aa,4,mw,3,20
1937,2e276933-00b1-44a5-93f7-8327f3fcca83,5,mdn,4,25
1938,b661cc43-3695-4a39-b0dc-21164ec6e199,5,ars,5,20
1939,eb698920-996b-4bbd-b8a5-7414f307aa42,5,mdn,5,21
1940,d1adf242-5e1a-4a78-9c07-f0ba06758c42,5,ars,5,19
1941,40c6a39c-67fc-4202-b18e-ef0e0185bdd3,4,ars,3,23
1942,5ef1e3ae-45e5-41e7-956b-4cef7dcf95b5,5,ars,4,21
1943,391319c2-41bc-4213-ba51-0e06718e1803,4,mdn,5,26
1944,0fe94c00-c05c-4d31-9f39-7d31012ea47a,5,mf,5,24
1945,f5d4a203-e308-452c-86e4-9412e871f2e8,5,mdn,4,19
1946,dbf069ee-b1dd-4b75-8b6e-73734ec2cb48,4,ars,5,21
1947,4073acaa-d216-4e04-8729-bfadada4d095,3,mdn,5,20
1948,a5a4ee5b-8385-4dfb-9185-a1deb1531cdb,4,mdn,5,28
1949,26180c48-bfbb-4af5-b4ff-6a1aa15b9f84,4,ars,5,28
1950,eb5ab705-64b5-4824-80b1-748c0c01560b,5,ars,5,30
1951,e9b443df-a15c-4c9f-b225-c44096cdcb9e,4,mf,5,19
1952,573f0cfc-29ec-4c96-b6fa-c4b9c5746ccf,4,je,5,28
1953,7f337d29-cfd2-4a03-bbb9-ec6196e1d34d,5,mdn,5,30
1954,cdb366d6-e302-45aa-b61c-6bb4bd827c4f,5,mdn,5,22
1955,39acfef6-976a-4ca5-a481-e5d887907fad,5,ars,5,19
1956,207a3175-fda0-43fb-8b30-c257bf055847,5,mfars,5,29
1957,67313ce6-34e5-492a-ab7b-4e50acceb029,5,mdn,4,28
1958,b08e0cea-9237-4a5a-87d6-3f72a313ae3f,5,ars,5,29
1959,afcb575e-c985-4e48-8663-6e73dd6dbe65,5,ars,5,29
1960,dfc7c753-24c4-4193-ae2b-2ee1af876a13,4,mf,4,30
1961,9ffb6093-07ab-4c59-8f50-d7b38b640c04,5,ars,5,29
1962,a1408643-a549-447c-b867-6886faa00fca,2,mdn,5,19
1963,67313ce6-34e5-492a-ab7b-4e50acceb029,5,ars,3,28
1964,ce6e85c5-f384-4d46-b67e-a4ca72252a0a,5,mf,4,30
1965,3cd61aab-db88-4ef9-8be4-5f94ff9698e7,5,ars,4,20
1966,16b89a6a-1ce4-4a2d-b19e-8d37bc7c7c5e,5,ars,4,21
1967,ad7840ca-5f92-40dd-963a-5f8460b3a9dd,5,mf,3,18
1968,38f9af29-497a-49e7-b561-797d2a207cf0,3,mdn,4,30
1969,9a72950d-597c-4488-8d80-702130f485ee,4,ars,5,23
1970,dd17fd3c-6723-465c-8b53-ce5998b51003,5,mfars,5,20
1971,94173ad0-5841-4719-9ae3-44e387b19633,3,mdn,4,28
1972,c4cf804a-7759-4269-8562-c7141d2c18c7,4,mf,5,24
1973,afcb575e-c985-4e48-8663-6e73dd6dbe65,5,ars,5,29
1974,e8cf2675-3727-4525-970c-77eff23acff5,4,mdn,4,22
1975,ba649e58-8a55-492c-bf39-5d660ebef5c7,5,ars,5,20
1976,5fb096ef-d891-4c20-aabc-80216c7d0ac6,3,ars,4,22
1977,c0f96359-1d50-4ea2-b4d2-98cffcc461bf,5,mf,5,18
1978,daba59b7-3cb9-4533-b8a8-9e0562490dd2,5,mdn,4,23
1979,6f9ed042-aee1-4527-9335-284bb7d27521,4,mdn,4,29
1980,1d9c5351-1850-448d-a113-86faf797165f,5,mdn,5,20
1981,8c45b709-a6d6-49b8-b996-e76dc0934213,5,mdn,3,23
1982,b52aa66d-49b6-4823-b15d-19817ab072ab,5,mf,5,24
1983,c3199038-0991-484e-bfee-899557351e13,5,mdn,3,25
1984,1de40c3b-877b-48c2-be67-4021b5459754,5,ars,5,22
1985,c34aed25-5a2c-400e-ba87-7168d634e3bd,3,ars,4,30
1986,9ac75f91-4f73-4df0-bb20-b7de3069baee,5,ars,5,25
1987,e835a550-12b8-48aa-84a8-7fc1c8b1e775,5,mdn,4,18
1988,e70f6ce4-4606-4a3d-a5cb-3c22ac67b4ea,4,ars,5,18
1989,f59c8c41-7c50-4929-a64d-49cf2e587423,4,mdn,5,24
1990,581e0c61-097c-43a1-807a-d1f21bf13e0c,5,ars,4,28
1991,e42c716f-8970-4881-89c6-3db8a37ccd35,3,ars,5,30
1992,3e262f96-1a3a-4620-a5cb-26350e9ead3e,4,mdn,5,22
1993,7a0157cb-c6fc-4ec5-873e-fafdddf66174,3,ars,4,20
1994,26180c48-bfbb-4af5-b4ff-6a1aa15b9f84,5,mfars,5,28
1995,d1560a24-8c99-4ae8-85f9-c9bf80991ce4,5,ars,4,26
1996,789055e5-3d0a-423a-bd82-c9fcfdf03bac,5,ars,4,30
1997,0e354232-854f-43ec-944d-b120245eea4d,4,ars,5,21
1998,e8cf2675-3727-4525-970c-77eff23acff5,5,ars,5,22
1999,e0c2a19b-d844-4f21-887c-a90f7c9b4346,4,mdn,5,28
2000,b201d5cd-6e38-4c63-8347-e1dbd89720e9,4,k,5,24
2001,3715dae0-d872-499f-8f0c-fabf940e2bc0,4,fg,4,25
2002,1105bd82-4df4-4116-be5a-0fc3f7506907,4,ars,4,18
2003,0e58e77d-a18e-44d2-9fb8-522685cc2b76,5,mw,5,21
2004,9bb07206-a24d-488b-91d9-853f606d5fd4,5,ars,3,19
2005,9272dcff-3d6f-401f-9f68-7c06df177b96,5,ars,5,20
2006,abeb14a7-d8db-429f-9acc-79ef8cdf9a02,5,mdn,4,23
2007,95d5bb8d-2790-43d4-a0a3-970e5fe6ac19,3,ars,4,18
2008,0e354232-854f-43ec-944d-b120245eea4d,5,ars,5,21
2009,ba649e58-8a55-492c-bf39-5d660ebef5c7,4,mf,4,20
2010,663c3978-6013-4a55-9a58-5d538e435021,5,mf,5,25
2011,18d72f16-5e3b-4cdd-ac63-6847f84789e2,5,ars,5,25
2012,f79501bb-dbe6-4ba4-8439-e4740856c51a,5,ars,5,25
2013,f09830ac-90c9-4f96-82d2-30a969c28516,4,mdn,4,23
2014,20c3a3f4-11c6-43d4-a63d-88f54b3b8096,5,mdn,5,30
2015,16b89a6a-1ce4-4a2d-b19e-8d37bc7c7c5e,5,ars,3,21
2016,0abe9114-4d57-4368-9b74-8ff8d5ab22cf,4,mdn,4,18
2017,0f1a02d0-badb-422e-a97f-76df0e23f581,5,mdn,3,26
2018,5ef119b1-883b-4964-8400-341414ee551a,5,mf,5,22
2019,53204bad-4011-4a1a-b4d1-cee62543e32e,3,mdn,4,20
2020,8e0fa808-9c9f-47f2-aaa1-6fd29a3c638d,5,ars,5,19
2021,abeb14a7-d8db-429f-9acc-79ef8cdf9a02,4,mdn,5,23
2022,9f60f579-c330-400e-a75a-6d0d289424c1,4,mdn,5,19
2023,6975f225-5acc-48bb-a80d-6a3a5e442fae,4,ars,4,28
2024,637a2933-734a-4323-a7e9-7f9f79ad4dc4,4,mdn,5,23
2025,927c3ada-c329-468f-8b53-036feb07b813,3,mdn,4,21
2026,0e321c7e-d2cf-4699-aa74-9544ab8f2090,4,mf,5,26
2027,53f8916f-1f81-4fd4-ba7e-b3574e6852eb,5,mdn,5,19
2028,d5bb291b-06cc-4dec-968a-ce7db7529f77,5,mdn,3,28
2029,3aa83f6f-e363-4f12-9770-8902a51fbfbc,5,mdn,5,27
2030,d975480c-d90f-414e-a9e1-b1288c4fbd1c,5,mdn,5,28
2031,18ef96e8-9a73-4678-8c6c-772ce127d7f9,4,mfars,4,30
2032,78cb70fb-cca0-4d6b-83e3-0ca440be5174,5,mdn,5,27
2033,eb5ab705-64b5-4824-80b1-748c0c01560b,4,mw,5,30
2034,357a2790-e856-4dd3-a0f5-8f6e14d0267f,5,mdn,5,26
2035,afcb575e-c985-4e48-8663-6e73dd6dbe65,5,mf,4,29
2036,ac687490-2263-42a4-b629-41f9cb808ec3,5,mdn,4,28
2037,64272418-9b0a-406a-8bbe-e115bdbfc718,4,ars,5,25
2038,94173ad0-5841-4719-9ae3-44e387b19633,5,mf,4,28
2039,40c6a39c-67fc-4202-b18e-ef0e0185bdd3,5,ars,5,23
2040,d2def5be-4ed5-4735-ba73-d6a360f58a69,4,mdn,3,25
2041,3ad458ed-6069-4907-a71e-efda23c5abff,5,mfars,4,28
2042,26321a8a-0e7d-451e-a0f3-787a7432d9cb,4,mw,5,28
2043,2b7f0ba7-166f-43e5-9c60-056b72b479a4,5,mdn,5,27
2044,91753f65-ede6-4be5-b7a7-9e8b4da7cc42,3,k,5,21
2045,64272418-9b0a-406a-8bbe-e115bdbfc718,5,ars,4,25
2046,aa994a1c-055e-4751-b4cf-ddc08d3a5f8c,4,mf,5,18
2047,9b87a188-a71f-4d7a-bb50-b7fae8022f80,4,k,5,27
2048,11b7094b-b88a-4478-b067-09000dfe4062,3,ars,5,25
2049,ed9b6e30-d898-4452-97e1-ccbcff4a27bb,4,ars,4,18
2050,c233c56b-6f1a-4f53-9f27-e39f5220f9d3,3,mf,4,26
2051,d9196f86-a4c4-48aa-89e6-1f61947b8201,5,mf,4,24
2052,c44b54b6-297d-4d1f-a5cc-1fbf039d492b,5,mdn,5,27
2053,e10e6103-9fa7-4a16-bfe4-f437f8ccfdbc,4,mdn,5,19
2054,6e77a16f-1fc0-43a6-bf10-ef592e2084ea,4,ars,3,28
2055,bcb872cd-f6f8-422c-8729-59be0b01e4c4,4,ars,5,27
2056,a4272ae2-4e7e-4252-a49a-10445c387bc6,5,ars,5,29
2057,6ec72b3a-0222-42ca-a3fe-bc17e019a32f,5,mdn,5,24
2058,2af566fa-f86c-462b-b3cf-5868069d103e,5,ars,5,21
2059,c43a7404-eeeb-4714-9bc9-598b448da6f9,4,mdn,5,30
2060,d13135a7-9a68-4169-815e-981149a54291,5,mdn,5,27
2061,6f2f152e-fe85-4611-857a-528266761927,5,mw,5,20
2062,f2708137-31a5-416c-bbff-7155fb5aa25c,5,mdn,3,19
2063,e835a550-12b8-48aa-84a8-7fc1c8b1e775,5,mf,5,18
2064,6d494d2e-4ab9-4884-b620-e73214923863,5,ars,4,18
2065,984f5641-df2b-40ba-83b2-61ba8eabc65c,4,ars,5,24
2066,f21916d7-d541-4ce8-a39b-d7f0276da589,4,ars,5,21
2067,f21916d7-d541-4ce8-a39b-d7f0276da589,5,ars,4,21
2068,8c8342e9-a790-4117-b607-5415d372b7f6,5,mdn,4,29
2069,7f337d29-cfd2-4a03-bbb9-ec6196e1d34d,4,mfarsmdn,5,30
2070,2b46b282-1df9-4423-9625-2c6743a25144,5,mw,5,25
2071,606ef552-6427-489e-aec2-43a4a17643e2,3,mdn,5,20
2072,747f065e-55d2-47c9-ab2b-c349fcbc001d,5,mdn,4,23
2073,c6990f5b-cd7a-4dda-a877-6155653d134e,4,mdn,5,19
2074,1f4653ef-22c9-4df4-acae-3ce6dcf43075,5,mdn,5,26
2075,0aa927af-2e14-47b5-bb75-c1c700b13262,5,mf,5,25
2076,41ae8e3f-715e-4fe0-aa5f-75aca345731c,4,mf,5,28
2077,0c2d68f2-4d17-4dab-b9a1-d0bdf4e10ce4,5,ars,5,22
2078,b57fcc40-677a-40da-9faa-265af0fca89d,5,ars,5,19
2079,acf94512-66a4-418e-98d7-dfc6c4691d80,5,ars,4,24
2080,ff4a3b75-5599-4d90-95f0-8a1bf29c5849,4,mdn,5,27
2081,e696ca58-d61a-449b-8aae-30772b7d92e3,4,mw,5,24
2082,44ca9a06-8b5d-42d1-a313-dfee18559727,4,mdn,4,28
2083,9a61b41c-a3e3-4ee1-b5d0-fd87681fe92a,5,ars,3,21
2084,c6843a46-7606-45f7-a642-7dfbe9bb61cf,5,mf,5,28
2085,cdb366d6-e302-45aa-b61c-6bb4bd827c4f,4,mfars,5,22
2086,11a3f0b6-30be-4055-bd52-045a04e860fe,4,mdn,5,25
2087,606ef552-6427-489e-aec2-43a4a17643e2,5,ars,5,20
2088,22b43ba7-0a64-49dd-bf2f-b6920e84a056,5,ars,5,18
2089,44f5e566-7fef-484a-b881-c53d9249ae9b,5,mdn,5,28
2090,66435fb2-4e78-43d7-952d-d83ed97c5590,5,k,5,21
2091,e876c637-3708-402f-9fc3-ed2a59c697c9,4,mdn,5,27
2092,e469cc62-5dfe-42a1-be57-e686c98e01c6,5,ars,5,25
2093,dfc7c753-24c4-4193-ae2b-2ee1af876a13,3,mf,4,30
2094,26321a8a-0e7d-451e-a0f3-787a7432d9cb,4,mdn,4,28
2095,adc0ba52-ad0c-4888-9527-72d7900b42bd,5,ars,5,26
2096,0e321c7e-d2cf-4699-aa74-9544ab8f2090,5,mfarsmdn,5,26
2097,393c8d69-3a0e-414a-8b81-6b069e1d3432,4,mdn,5,19
2098,cb05f3e4-515e-4567-9ec2-b3d043b9f1e4,5,mfmw,3,22
2099,1f4653ef-22c9-4df4-acae-3ce6dcf43075,5,mdn,5,26
2100,9c7b2243-d03e-419c-babb-f8b3ea3c8400,4,mf,5,19
2101,b661cc43-3695-4a39-b0dc-21164ec6e199,5,mdn,5,20
2102,3418969d-5c13-46ee-8df0-794019e7a64f,5,mf,4,30
2103,f1242db3-e5af-4813-a6f1-4c9e531776bd,5,mdn,5,20
2104,41c2499e-4649-4cd4-8476-d435c6166c58,4,fg,4,22
2105,5fab557d-756e-44e7-8f28-2896570692b2,3,ars,4,30
2106,f2359723-11a9-4415-8278-4adb624d9e6b,4,ars,4,29
2107,a8272db8-0e9f-4372-a757-661bd02f9051,5,mf,5,26
2108,6cfc3694-9d16-4d0e-be7d-e717b3e39ea9,3,ars,4,19
2109,26321a8a-0e7d-451e-a0f3-787a7432d9cb,5,ars,5,28
2110,c0db802b-635c-4f93-b4cb-7d9883a43093,5,mw,5,28
2111,48aeea0c-cfef-4b4a-b94f-415455a9d7af,5,ars,5,20
2112,73b6df25-7321-4250-8a5d-2d58573b14ec,5,mdn,4,24
2113,5805dec2-b9a9-4314-9e19-729737c7a6c6,4,mdn,5,21
2114,c34aed25-5a2c-400e-ba87-7168d634e3bd,4,ars,5,30
2115,e8cf2675-3727-4525-970c-77eff23acff5,5,mdn,3,22
2116,2b46b282-1df9-4423-9625-2c6743a25144,5,ars,5,25
2117,6f2f152e-fe85-4611-857a-528266761927,4,mw,5,20
2118,a76629f6-fe9d-4e32-a4ab-46b9faf116a0,5,k,5,25
2119,7a024b41-0a4e-41dd-ad47-121884fa8a11,4,ars,4,23
2120,5c1e8c88-6c25-4e21-99e7-98f3140d754f,5,mdn,5,22
2121,6f680a58-6e7f-4b24-ab2a-8f615cd14a21,5,mw,3,27
2122,ac687490-2263-42a4-b629-41f9cb808ec3,5,mdn,3,28
2123,6975f225-5acc-48bb-a80d-6a3a5e442fae,5,ars,5,28
2124,0d5f41b7-3ab8-478c-836a-767823fd4c82,5,ars,5,28
2125,f29b1b86-ab96-4876-889d-70b5955a01c7,4,mdn,5,27
2126,eb698920-996b-4bbd-b8a5-7414f307aa42,5,mdn,3,21
2127,d975480c-d90f-414e-a9e1-b1288c4fbd1c,4,mf,5,28
2128,f29b1b86-ab96-4876-889d-70b5955a01c7,5,ars,5,27
2129,23205395-678b-4b55-a150-3fc8227c3a18,4,ars,5,29
2130,9dafb395-690f-4613-9aed-1761724d82c8,5,mfarsmdn,5,22
2131,5d11e9c3-db2d-42ce-a4b2-676294bcab5c,5,mf,5,24
2132,2f520f04-c2d9-4b9c-a029-6f9df9507b70,5,mdn,5,20
2133,ae0bc742-9002-4ac9-b183-a2041b84bc8b,4,mdn,4,28
2134,cee38db4-d8fb-4876-affb-408d23f0c5fc,4,mdn,5,20
2135,6cfc3694-9d16-4d0e-be7d-e717b3e39ea9,5,ars,4,19
2136,b8b1fa86-8f82-4898-a242-72dfdcfc0b75,5,mdn,4,25
2137,11a3f0b6-30be-4055-bd52-045a04e860fe,5,mdn,5,25
2138,e469cc62-5dfe-42a1-be57-e686c98e01c6,5,mdn,5,25
2139,0f1a02d0-badb-422e-a97f-76df0e23f581,5,mf,5,26
2140,6b544598-bc17-4e6f-9cd4-987f46c83902,5,ars,5,19
2141,67313ce6-34e5-492a-ab7b-4e50acceb029,5,ars,4,28
2142,0e97a2f7-f21a-4142-b564-eac1d55150cb,5,mf,5,28
2143,de511cef-1fc8-493b-bb99-d9ba30a042c9,5,ars,4,28
2144,651aa3c1-3bba-4b30-9471-e0f7857900f7,4,ars,5,29
2145,b19d51d1-cbaf-4d83-948a-e8f634e3ca48,5,mf,5,21
2146,89659f75-6600-40be-8c14-322a5ae87e24,4,mw,4,23
2147,3ebec66e-6765-4b6b-a97a-c0eb8314e327,4,fg,3,20
2148,50fe2f3d-7fa4-43b4-b182-6ff9a0371dd4,5,ars,4,25
2149,ac687490-2263-42a4-b629-41f9cb808ec3,5,mf,3,28
2150,7a024b41-0a4e-41dd-ad47-121884fa8a11,5,ars,5,23
2151,78cb70fb-cca0-4d6b-83e3-0ca440be5174,5,ars,4,27
2152,b8617d9b-d83b-4256-a87a-6edeaaedc6ba,5,ars,4,24
2153,83da35e2-88ab-4562-9f43-c192ecdaed1e,5,ars,5,18
2154,dceebdb5-1a91-4fa6-8072-aaa827868eb3,5,ars,5,26
2155,f2708137-31a5-416c-bbff-7155fb5aa25c,3,ars,4,19
2156,6e65b841-848c-46e7-a8b3-15ca81055f6a,5,mf,5,26
2157,38f9af29-497a-49e7-b561-797d2a207cf0,4,mdn,5,30
2158,b201d5cd-6e38-4c63-8347-e1dbd89720e9,5,k,5,24
2159,4c39b0b9-c9d0-45ac-b545-190c3da984fa,5,ars,5,21
2160,c0db802b-635c-4f93-b4cb-7d9883a43093,4,ars,5,28
2161,44f5e566-7fef-484a-b881-c53d9249ae9b,3,mdn,5,28
2162,22c4015e-dc9e-4d9e-b7f2-3a69fe57a3b8,5,mdn,3,22
2163,da0a8407-c3fa-42bc-bd2b-23e1c7cde8a9,5,mfarsmdn,5,30
2164,a1408643-a549-447c-b867-6886faa00fca,5,mdn,4,19
2165,792a10ac-a9bb-45ce-af93-7a2619ef61fe,3,mdn,5,30
2166,5ef119b1-883b-4964-8400-341414ee551a,3,ars,3,22
2167,53292fdb-b353-457a-8482-81bdab16d44f,5,k,5,30
2168,e7cb74f4-ab7a-4555-90a9-a9f5ecb3f9b6,4,ars,5,28
2169,ebd78cae-0a5d-43ed-bf3e-b6c496bd4b64,5,mdn,5,26
2170,e9b443df-a15c-4c9f-b225-c44096cdcb9e,5,ars,5,19
2171,5e454df6-a68f-4b76-b06a-f576ed27a11e,5,ars,5,22
2172,6ec72b3a-0222-42ca-a3fe-bc17e019a32f,3,ars,5,24
2173,80b41e1b-5190-447f-b409-c16b01162cf0,5,mdn,5,22
2174,fcf4ee65-4267-4b08-bb3d-1860d83cb6e0,4,mdn,5,29
2175,cae3f7d3-ef38-44cd-99ae-c2606063e41f,5,ars,5,22
2176,a997b75b-15b5-4973-bd5c-0372fd8cb344,5,mw,5,22
2177,f2359723-11a9-4415-8278-4adb624d9e6b,5,mdn,4,29
2178,3dea5f61-f356-432f-b831-57df87d6b032,5,ars,5,23
2179,7c032388-80b3-48e9-be91-56bf32f69e9c,3,mf,5,29
2180,5939bdfb-18e1-40ee-8654-d802e218a33f,5,mdn,5,29
2181,90f03727-0a86-4f64-8828-9b8d6d2a0650,5,mdn,5,28
2182,e10e6103-9fa7-4a16-bfe4-f437f8ccfdbc,5,mdn,5,19
2183,6b792bd6-6f66-4692-b446-832cc13edc39,5,mdn,4,25
2184,94173ad0-5841-4719-9ae3-44e387b19633,5,mw,5,28
2185,8e3026d2-a977-4221-a6cc-c30fd3590962,5,ars,3,30
2186,ab3fe741-a432-4b93-97e7-ca7f86b14d56,5,ars,5,21
2187,f5d4a203-e308-452c-86e4-9412e871f2e8,5,mfarsmdn,5,19
2188,17f173bf-52a2-4042-80ee-6d30d0217f4c,5,mdn,4,20
2189,ceb7a529-86be-4dc4-b116-38797aabd2dd,5,mf,5,29
2190,3dea5f61-f356-432f-b831-57df87d6b032,5,ars,3,23
2191,606ef552-6427-489e-aec2-43a4a17643e2,3,mdn,5,20
2192,a51ce71d-9acf-4e2f-b3bb-2d456a3de7ec,5,ars,5,22
2193,9a72950d-597c-4488-8d80-702130f485ee,5,mfars,5,23
2194,d4024ed1-cddb-4e3c-aea5-6616191d699f,3,mdn,5,29
2195,5febecf8-2d9f-471b-9303-cd8dd0f658af,5,mdn,5,28
2196,cae3f7d3-ef38-44cd-99ae-c2606063e41f,4,ars,5,22
2197,c3199038-0991-484e-bfee-899557351e13,5,mdn,4,25
2198,dda13a7f-e01e-4084-b353-9a7870744ff1,4,ars,4,26
2199,ac687490-2263-42a4-b629-41f9cb808ec3,5,ars,5,28
2200,9fd059e2-db33-4855-9374-7ccccc82e66e,5,mw,4,22
2201,802f27c7-ea1a-4e42-97b3-8174f236e379,4,mf,4,29
2202,366c8261-243e-4eab-9695-6df81979597a,3,ars,3,18
2203,f21916d7-d541-4ce8-a39b-d7f0276da589,5,mfmw,5,21
2204,58326bf0-4f33-4c16-b328-cc206f87d423,5,mdn,5,28
2205,5fab557d-756e-44e7-8f28-2896570692b2,3,mdn,5,30
2206,37801059-5d8a-4bb8-ac44-c92f83dbfa3a,3,mdn,4,19
2207,e7ec3fdb-639e-430f-978e-10c034fd3978,3,mdn,4,21
2208,ba649e58-8a55-492c-bf39-5d660ebef5c7,4,ars,4,20
2209,202f45d7-fcef-4cc2-8278-6cd8e89d01cd,5,mdn,5,19
2210,9272dcff-3d6f-401f-9f68-7c06df177b96,4,mf,5,20
2211,adc0ba52-ad0c-4888-9527-72d7900b42bd,4,mw,3,26
2212,5febecf8-2d9f-471b-9303-cd8dd0f658af,5,ars,4,28
2213,1699c2dd-b2b5-4756-bc87-a4b933c25c01,5,mdn,4,29
2214,90f03727-0a86-4f64-8828-9b8d6d2a0650,5,ars,3,28
2215,6d494d2e-4ab9-4884-b620-e73214923863,5,je,5,18
2216,cee74a0a-0b19-443e-93ff-152112089c51,4,mdn,4,24
2217,bcb872cd-f6f8-422c-8729-59be0b01e4c4,5,ars,5,27
2218,9493905e-b65c-40ce-b799-c350ed3e1f18,3,ars,4,23
2219,921eaf8b-9aee-46c9-8e43-76663964131c,5,mw,5,21
2220,927c3ada-c329-468f-8b53-036feb07b813,5,ars,5,21
2221,c43a7404-eeeb-4714-9bc9-598b448da6f9,4,mf,5,30
2222,83cff052-3ad9-416d-b26e-4797eccc0f10,4,ars,3,25
2223,ebd78cae-0a5d-43ed-bf3e-b6c496bd4b64,4,mfmw,5,26
2224,91e4721c-9e62-45f6-874a-878f40489739,4,ars,5,21
2225,9b87a188-a71f-4d7a-bb50-b7fae8022f80,4,mf,4,27
2226,357a2790-e856-4dd3-a0f5-8f6e14d0267f,5,mdn,5,26
2227,5fb096ef-d891-4c20-aabc-80216c7d0ac6,4,mdn,5,22
2228,9fdd2e9f-bbb9-4c36-ad62-91b8914dd0ea,5,mdn,4,25
2229,9ac75f91-4f73-4df0-bb20-b7de3069baee,5,k,4,25
2230,0ee3780f-36f5-4ce7-af65-420a0d0b528c,3,mf,5,27
2231,9f60f579-c330-400e-a75a-6d0d289424c1,4,mfars,5,19
2232,9ac75f91-4f73-4df0-bb20-b7de3069baee,5,je,3,25
2233,a04fce7c-b286-4d7c-a980-189ed10f7dcb,5,ars,5,28
2234,1da45063-2dc1-41f2-88ea-7f61fe7f9a19,5,ars,3,25
2235,5e454df6-a68f-4b76-b06a-f576ed27a11e,4,mf,5,22
2236,dbf069ee-b1dd-4b75-8b6e-73734ec2cb48,4,mw,5,21
2237,391319c2-41bc-4213-ba51-0e06718e1803,4,mdn,5,26
2238,bf94eb8d-5d4f-43d3-9528-ff5ef9009951,4,ars,5,24
2239,51c428b4-c4a7-4da8-86e1-1fa640026086,5,ars,5,28
2240,85c289f3-c492-4b55-91f1-25a199c58832,4,mdn,5,25
2241,b166452a-784d-4789-941e-1c7b8b6229f6,4,mf,5,21
2242,2e276933-00b1-44a5-93f7-8327f3fcca83,4,ars,4,25
2243,a4272ae2-4e7e-4252-a49a-10445c387bc6,3,mw,5,29
2244,6cfc3694-9d16-4d0e-be7d-e717b3e39ea9,5,ars,3,19
2245,65f9bddd-fe54-4b4a-b2fa-8104c5db89c0,5,ars,5,30
2246,a59fa924-4733-471c-8754-f6595cd0e6f1,5,ars,5,27
2247,9fdd2e9f-bbb9-4c36-ad62-91b8914dd0ea,5,mf,5,25
2248,8c45b709-a6d6-49b8-b996-e76dc0934213,3,ars,5,23
2249,c005b690-b142-4d65-85e4-6ae65a48024d,3,mf,5,27
2250,9ac75f91-4f73-4df0-bb20-b7de3069baee,5,mdn,5,25
2251,7828cf51-b3a0-48db-8231-70513625208a,2,ars,5,18
2252,fe2ef5d1-e5b0-4c59-b553-8a14aa6485fd,5,mdn,4,28
2253,e11ba41b-805a-4223-afa6-67c773666985,5,mf,4,30
2254,8cc0183c-f480-475a-a25b-559f3576b7c5,5,ars,5,18
2255,e0766991-32fc-4294-b1e2-a0dff52c64f2,5,ars,3,23
2256,3ebec66e-6765-4b6b-a97a-c0eb8314e327,3,ars,3,20
2257,ac687490-2263-42a4-b629-41f9cb808ec3,4,mw,4,28
2258,b52aa66d-49b6-4823-b15d-19817ab072ab,4,mdn,5,24
2259,792a10ac-a9bb-45ce-af93-7a2619ef61fe,4,ars,4,30
2260,5ea1e29a-d64c-4b9b-bf02-d7bb6e8b1156,5,mdn,3,29
2261,5c1e8c88-6c25-4e21-99e7-98f3140d754f,4,je,5,22
2262,2b46b282-1df9-4423-9625-2c6743a25144,3,mw,5,25
2263,9cdeb8f3-f6ad-44fd-bccb-390c69038d0b,5,mdn,5,20
2264,53292fdb-b353-457a-8482-81bdab16d44f,5,ars,4,30
2265,20d213ef-76bf-41bb-bc87-9ffcfa2127bc,5,mf,5,26
2266,37ff7521-e05d-4635-8d59-e3c6f852d77d,5,mw,5,23
2267,ca5c06a4-b01e-4e89-b6e0-507d13da74e9,5,ars,4,27
2268,b72ffd03-aef1-4d7f-896e-953964384583,4,mf,4,24
2269,1cb0d1bf-328c-48fc-ba36-d238bcf1b7f6,5,ars,5,22
2270,adc0ba52-ad0c-4888-9527-72d7900b42bd,4,mdn,5,26
2271,b1d1a983-98bc-441f-96bf-b92fd2c78493,3,mdn,3,26
2272,1c8b2fc6-6dea-4184-9cb0-5dfbe49b73da,4,mdn,4,30
2273,64f2a8ab-33f5-42c6-9ba5-54e65b6b5af4,5,ars,3,30
2274,273a109b-52b8-4925-8536-22ceb3b716dc,3,ars,4,30
2275,3ad458ed-6069-4907-a71e-efda23c5abff,5,ars,5,28
2276,66435fb2-4e78-43d7-952d-d83ed97c5590,4,mdn,5,21
2277,5ea1e29a-d64c-4b9b-bf02-d7bb6e8b1156,4,mf,5,29
2278,9fd059e2-db33-4855-9374-7ccccc82e66e,5,mdn,5,22
2279,a93b4520-48eb-4201-afbf-b8d72d7eb56a,4,mw,5,28
2280,1de40c3b-877b-48c2-be67-4021b5459754,3,mw,4,22
2281,606ef552-6427-489e-aec2-43a4a17643e2,5,ars,5,20
2282,e7ec3fdb-639e-430f-978e-10c034fd3978,5,ars,5,21
2283,b57fcc40-677a-40da-9faa-265af0fca89d,3,tam,4,19
2284,e7d7ce10-2049-4fbe-8a69-710eb0c0b707,3,mdn,4,18
2285,eb5ab705-64b5-4824-80b1-748c0c01560b,3,ars,5,30
2286,7d446322-1542-4988-929c-6542663cfe0c,5,ars,5,19
2287,c393b545-0428-4a31-927b-e603aa307049,5,ars,5,18
2288,44ca9a06-8b5d-42d1-a313-dfee18559727,4,mdn,5,28
2289,366c8261-243e-4eab-9695-6df81979597a,5,mf,5,18
2290,0a986dd7-a658-40a9-9d1b-d3074e036e35,5,ars,5,30
2291,de26149b-380f-42c9-bdc1-a8584f2c5233,4,fg,4,29
2292,22573f4b-b316-4b08-8b75-d05541ea7fcd,5,mf,4,25
2293,e876c637-3708-402f-9fc3-ed2a59c697c9,5,ars,5,27
2294,b7ba5486-611f-4ead-9e37-51de7d6961bb,5,ars,5,30
2295,ef4ca2ea-04a0-43cb-b257-87ad0f4d14b0,5,mdn,5,29
2296,9bb07206-a24d-488b-91d9-853f606d5fd4,5,ars,5,19
2297,49e2e565-049d-4753-871a-2ec2587d386e,5,mdn,3,30
2298,caa1cb22-fbe5-43dd-bba4-11dd60e108aa,5,mf,4,26
2299,45d72ac3-0209-493e-9d5a-8a966d562845,5,mdn,5,23
2300,24f641eb-913a-4416-84af-07ec8721940e,5,mdn,5,20
2301,5d11e9c3-db2d-42ce-a4b2-676294bcab5c,5,ars,5,24
2302,3ebec66e-6765-4b6b-a97a-c0eb8314e327,3,mdn,3,20
2303,2eebf90c-68dc-4631-a827-b59638b7ad52,4,ars,5,26
2304,a2509b39-af24-4703-842f-27c2dcd12475,4,je,5,29
2305,9347de8d-7c8f-4fe7-bb9d-ccf63c729d89,4,mdn,5,26
2306,afcb575e-c985-4e48-8663-6e73dd6dbe65,3,mdn,5,29
2307,9798eef8-20b9-4df4-a0de-81ed2227b9bf,3,j,5,24
2308,e42c716f-8970-4881-89c6-3db8a37ccd35,5,ars,5,30
2309,eb90a88d-20c0-4c51-98f1-a67bc873c84d,5,ars,5,20
2310,11b7094b-b88a-4478-b067-09000dfe4062,3,mdn,4,25
2311,366c8261-243e-4eab-9695-6df81979597a,5,mfmw,5,18
2312,8e0fa808-9c9f-47f2-aaa1-6fd29a3c638d,5,mdn,3,19
2313,792a10ac-a9bb-45ce-af93-7a2619ef61fe,5,ars,5,30
2314,67313ce6-34e5-492a-ab7b-4e50acceb029,5,fg,4,28
2315,94173ad0-5841-4719-9ae3-44e387b19633,4,ars,5,28
2316,223e96b7-dfbe-442b-9b28-7fef065a6044,5,mf,4,19
2317,ceb7a529-86be-4dc4-b116-38797aabd2dd,4,ars,3,29
2318,c7cccd38-9e0f-4c94-acfb-557606e7aadf,4,mf,5,22
2319,95d5bb8d-2790-43d4-a0a3-970e5fe6ac19,5,ars,4,18
2320,1c8b2fc6-6dea-4184-9cb0-5dfbe49b73da,3,mw,3,30
2321,6d494d2e-4ab9-4884-b620-e73214923863,5,mf,5,18
2322,ca5c06a4-b01e-4e89-b6e0-507d13da74e9,4,mdn,4,27
2323,2c7871c7-4bd5-43a8-aa2c-3c65fc33736c,4,ars,5,26
2324,9b87a188-a71f-4d7a-bb50-b7fae8022f80,5,ars,5,27
2325,7fab4381-0d58-4c87-890a-00f892c6b4d3,5,mf,5,27
2326,7aaf2ee9-a6f9-4256-8f6b-742a0ee1ac2e,5,ars,5,26
2327,b8617d9b-d83b-4256-a87a-6edeaaedc6ba,5,ars,3,24
2328,3cd61aab-db88-4ef9-8be4-5f94ff9698e7,4,mw,5,20
2329,7f337d29-cfd2-4a03-bbb9-ec6196e1d34d,4,ars,4,30
2330,b8711a0e-32ab-47db-aeb9-91be60b918a4,5,mf,3,18
2331,a5a4ee5b-8385-4dfb-9185-a1deb1531cdb,4,ars,5,28
2332,1f4653ef-22c9-4df4-acae-3ce6dcf43075,5,ars,4,26
2333,0a986dd7-a658-40a9-9d1b-d3074e036e35,5,mdn,5,30
2334,dfc7c753-24c4-4193-ae2b-2ee1af876a13,4,ars,5,30
2335,ac1781e0-796b-4d94-a324-680e348fe2cb,5,ars,4,22
2336,c005b690-b142-4d65-85e4-6ae65a48024d,5,ars,5,27
2337,de511cef-1fc8-493b-bb99-d9ba30a042c9,5,mdn,5,28
2338,4f727795-2eba-42fd-97a6-dd7a8a15282b,5,mf,4,19
2339,a59fa924-4733-471c-8754-f6595cd0e6f1,5,mdn,5,27
2340,37725a9e-f7e1-4803-ad03-e9be32e186d4,3,mdn,5,20
2341,1699c2dd-b2b5-4756-bc87-a4b933c25c01,5,mw,5,29
2342,9edfb2eb-d613-48d3-bce6-bc81bffc2ac7,5,mw,4,25
2343,273a109b-52b8-4925-8536-22ceb3b716dc,5,mdn,5,30
2344,e18562d7-a549-49e1-ade6-2373fed3787d,5,ars,5,22
2345,e490e589-c757-4a79-9fb9-b96dc034c08b,5,ars,5,22
2346,0ee3780f-36f5-4ce7-af65-420a0d0b528c,4,mdn,5,27
2347,f6c33008-5144-41d8-b2a5-a570e9f1561b,5,ars,5,21
2348,d26cad8a-57db-41ec-9679-d73b30e718dc,5,ars,5,30
2349,0f1a02d0-badb-422e-a97f-76df0e23f581,3,je,3,26
2350,be5ec881-1245-4f55-9f25-8f76599294aa,4,mw,3,24
2351,d057bbf9-c5fa-420a-9bb9-1f6322853d1c,5,mdn,4,27
2352,40c6a39c-67fc-4202-b18e-ef0e0185bdd3,4,ars,5,23
2353,d1d66775-cc03-42ea-ad3c-681efafb3682,4,ars,5,24
2354,ef4ca2ea-04a0-43cb-b257-87ad0f4d14b0,5,mdn,5,29
2355,ed9b6e30-d898-4452-97e1-ccbcff4a27bb,5,ars,4,18
2356,6b544598-bc17-4e6f-9cd4-987f46c83902,5,ars,5,19
2357,f79501bb-dbe6-4ba4-8439-e4740856c51a,4,mdn,5,25
2358,0c2d68f2-4d17-4dab-b9a1-d0bdf4e10ce4,4,mdn,4,22
2359,1bfa930d-cf1c-479b-87e4-bae0f9073321,5,ars,3,23
2360,d13135a7-9a68-4169-815e-981149a54291,5,mdn,5,27
2361,ac687490-2263-42a4-b629-41f9cb808ec3,4,ars,4,28
2362,717bbe10-f11f-4197-820a-cc03420e2016,5,ars,5,18
2363,cee74a0a-0b19-443e-93ff-152112089c51,3,mdn,5,24
2364,cbce132e-cb8f-4aac-a1c1-a776704aebef,5,mw,4,27
2365,7a0157cb-c6fc-4ec5-873e-fafdddf66174,3,ars,5,20
2366,651aa3c1-3bba-4b30-9471-e0f7857900f7,5,mw,5,29
2367,ff4a3b75-5599-4d90-95f0-8a1bf29c5849,4,mfarsmdn,3,27
2368,3aa83f6f-e363-4f12-9770-8902a51fbfbc,5,mfars,4,27
2369,202f45d7-fcef-4cc2-8278-6cd8e89d01cd,4,mw,5,19
2370,3957973a-682a-4959-b576-9a085c8a44ae,5,mf,5,28
2371,1bfa930d-cf1c-479b-87e4-bae0f9073321,5,mdn,4,23
2372,60a29855-f1ba-4d16-a0e5-45fdc18d8780,5,mf,5,28
2373,be1f9c71-c6b8-48c6-84bb-6ef5174954aa,5,mdn,5,20
2374,7aaf2ee9-a6f9-4256-8f6b-742a0ee1ac2e,4,mdn,5,26
2375,38ba55a0-96fe-4f04-af03-fe2a75bf9968,5,mfars,5,26
2376,1a26488b-6cd0-47ce-a93f-a8b4c8da09e2,5,ars,5,19
2377,0aa927af-2e14-47b5-bb75-c1c700b13262,4,ars,5,25
2378,9ffb6093-07ab-4c59-8f50-d7b38b640c04,5,mdn,5,29
2379,18ef96e8-9a73-4678-8c6c-772ce127d7f9,5,mw,5,30
2380,8633ed8f-31e9-45be-8c95-1a50d1658229,4,ars,4,27
2381,d59a405f-f8b3-49e9-9ac2-88dc3e6a1e53,4,mf,4,23
2382,e7d7ce10-2049-4fbe-8a69-710eb0c0b707,5,mdn,5,18
2383,cee74a0a-0b19-443e-93ff-152112089c51,4,ars,4,24
2384,6d494d2e-4ab9-4884-b620-e73214923863,5,ars,5,18
2385,9c7b2243-d03e-419c-babb-f8b3ea3c8400,5,ars,5,19
2386,1cb0d1bf-328c-48fc-ba36-d238bcf1b7f6,4,ars,3,22
2387,e490e589-c757-4a79-9fb9-b96dc034c08b,5,mdn,5,22
2388,1b06ccbe-4819-4c66-9629-77abef688416,3,ars,4,25
2389,a04fce7c-b286-4d7c-a980-189ed10f7dcb,5,mfars,4,28
2390,7c7aeed7-f005-426d-aafd-368700609ba0,3,ars,5,22
2391,f6c33008-5144-41d8-b2a5-a570e9f1561b,5,mdn,5,21
2392,6182a456-4de8-43e2-b54f-5836017a532d,4,ars,4,19
2393,55284c4b-b914-4e5d-9551-79d8f5b4eb5d,4,ars,5,26
2394,789055e5-3d0a-423a-bd82-c9fcfdf03bac,4,ars,5,30
2395,2c7871c7-4bd5-43a8-aa2c-3c65fc33736c,3,mdn,4,26
2396,8905a79c-4956-4918-b85f-f194e57c2e62,3,ars,5,24
2397,d99430cc-3810-4660-823f-02144b19ea3d,2,mdn,4,29
2398,61dbc7bb-5997-4446-a7eb-5b0cd4ea98db,4,ars,5,24
2399,9b6d950a-d667-4f0b-ac67-0d810b2feff6,4,mw,5,22
2400,48a6d994-4f5b-468f-a96b-9ebe47e8e279,4,je,5,18
2401,90f03727-0a86-4f64-8828-9b8d6d2a0650,2,ars,4,28
2402,c81c0d30-be22-4d14-a328-3760bfd5e023,4,ars,5,20
2403,2f586764-da78-499d-9a41-eafd03844e80,5,ars,3,29
2404,5d674651-5ef2-4f04-b0fd-1cb744d92488,5,mdn,4,18
2405,52a42141-4b24-488f-8631-7ef301b1c14c,3,ars,5,27
2406,9ffb6093-07ab-4c59-8f50-d7b38b640c04,4,mdn,5,29
2407,5ea1e29a-d64c-4b9b-bf02-d7bb6e8b1156,4,mdn,5,29
2408,d5b84e64-0316-493b-9d2d-3d5a49490e9c,5,mdn,3,21
2409,90f03727-0a86-4f64-8828-9b8d6d2a0650,5,mdn,4,28
2410,9c190f0c-c070-4a52-946b-462086f30106,3,mf,2,25
2411,752ccf1a-c3a9-463a-af5a-ee8a0815ddad,4,mf,5,18
2412,5ea1e29a-d64c-4b9b-bf02-d7bb6e8b1156,5,mdn,5,29
2413,49b93c8d-21cf-4307-90e1-12f87a2a75a4,4,mfars,5,26
2414,9347de8d-7c8f-4fe7-bb9d-ccf63c729d89,4,mdn,4,26
2415,a14d25d1-f7f8-4220-8946-96cf6b19cae9,5,mdn,4,24
2416,2c867a72-877a-4cfb-8d18-01990c6c4846,3,mdn,4,19
2417,202f45d7-fcef-4cc2-8278-6cd8e89d01cd,4,mdn,5,19
2418,663c3978-6013-4a55-9a58-5d538e435021,5,mfars,5,25
2419,d4024ed1-cddb-4e3c-aea5-6616191d699f,5,mdn,3,29
2420,0aa927af-2e14-47b5-bb75-c1c700b13262,4,mdn,5,25
2421,ec3f623a-65f2-4b0d-937b-d0d1c4325976,3,ars,5,30
2422,11a3f0b6-30be-4055-bd52-045a04e860fe,4,ars,5,25
2423,4ac5d5c7-fcf8-4d13-8384-5e452e3c04af,5,-,4,28
2424,b94abf88-995e-47ac-9dae-0fc713c19fd9,4,ars,4,27
2425,3418969d-5c13-46ee-8df0-794019e7a64f,5,ars,5,30
2426,8905a79c-4956-4918-b85f-f194e57c2e62,4,mdn,5,24
2427,60a29855-f1ba-4d16-a0e5-45fdc18d8780,3,fg,5,28
2428,2b9d541b-cc79-4e7a-8aca-958bed3b2c61,5,ars,5,18
2429,e469cc62-5dfe-42a1-be57-e686c98e01c6,5,mf,5,25
2430,38ba55a0-96fe-4f04-af03-fe2a75bf9968,4,mf,4,26
2431,d8eb4bf2-57a4-4a6a-8865-4ce0bf2c9e12,4,mw,4,29
2432,a133b00f-54e3-42c5-87db-f89de83c6874,5,ars,4,20
2433,a04fce7c-b286-4d7c-a980-189ed10f7dcb,5,mdn,4,28
2434,24e8d7e7-70e0-47f0-835c-f03045861de5,4,ars,5,25
2435,e9b443df-a15c-4c9f-b225-c44096cdcb9e,5,mdn,5,19
2436,f1242db3-e5af-4813-a6f1-4c9e531776bd,5,mdn,4,20
2437,f05a9269-3068-486a-b87d-fda9d757275c,5,mdn,3,28
2438,50bc13c3-0c72-4cab-a0af-b1569c6608e6,4,mdn,5,30
2439,a133b00f-54e3-42c5-87db-f89de83c6874,3,mf,5,20
2440,1bfa930d-cf1c-479b-87e4-bae0f9073321,5,mdn,5,23
2441,7428131a-f272-433f-b7ae-725af2ab628d,3,mdn,5,29
2442,e9b443df-a15c-4c9f-b225-c44096cdcb9e,5,j,4,19
2443,55284c4b-b914-4e5d-9551-79d8f5b4eb5d,5,mdn,5,26
2444,5febecf8-2d9f-471b-9303-cd8dd0f658af,5,mdn,5,28
2445,c16dd75d-767f-4f05-a3cf-e3207ecb51a4,4,ars,5,19
2446,53204bad-4011-4a1a-b4d1-cee62543e32e,5,ars,5,20
2447,375b7df7-16cd-4376-965f-52dc0c4f3eb3,4,ars,5,23
2448,50fe2f3d-7fa4-43b4-b182-6ff9a0371dd4,5,mdn,5,25
2449,19d5ec55-7543-48c4-8fbc-f01f5a9b2c95,5,ars,5,26
2450,e18562d7-a549-49e1-ade6-2373fed3787d,5,ars,5,22
2451,73b6df25-7321-4250-8a5d-2d58573b14ec,5,mdn,4,24
2452,e490e589-c757-4a79-9fb9-b96dc034c08b,4,mfars,5,22
2453,23205395-678b-4b55-a150-3fc8227c3a18,5,mdn,4,29
2454,93cc8629-4757-4a91-acbe-cb586e385c66,5,ars,5,18
2455,c7bf0ed5-820e-4544-920d-c50b944dec2c,5,ars,5,26
2456,51c428b4-c4a7-4da8-86e1-1fa640026086,3,mf,5,28
2457,af410c09-749d-4f0b-bdb1-f3d0e42a2b0f,5,ars,5,19
2458,f6079976-5f69-482b-8b84-179dd5524bfa,4,mdn,5,28
2459,820fb470-45af-4458-a617-8ea1f9d8915d,3,mdn,5,30
2460,df68b52d-88f5-4b15-9731-39301acac35b,5,mdn,5,24
2461,689f72f3-8a26-4eb9-abf2-c41108bc5bb6,4,ars,4,23
2462,a93b4520-48eb-4201-afbf-b8d72d7eb56a,5,ars,4,28
2463,73b6df25-7321-4250-8a5d-2d58573b14ec,4,ars,5,24
2464,0e97a2f7-f21a-4142-b564-eac1d55150cb,4,mf,5,28
2465,23205395-678b-4b55-a150-3fc8227c3a18,5,ars,5,29
2466,0abe9114-4d57-4368-9b74-8ff8d5ab22cf,5,mdn,5,18
2467,357a2790-e856-4dd3-a0f5-8f6e14d0267f,4,ars,4,26
2468,0fe94c00-c05c-4d31-9f39-7d31012ea47a,5,mdn,5,24
2469,38f9af29-497a-49e7-b561-797d2a207cf0,5,ars,5,30
2470,ebd78cae-0a5d-43ed-bf3e-b6c496bd4b64,5,mdn,4,26
2471,95914d89-1f22-4630-8d62-91f2d8d0ed88,5,mf,5,19
2472,a137710a-0bfc-4d4e-be3b-2aa711ee0d7c,4,ars,5,19
2473,444bb96e-33b5-408b-8f36-792f40a9e402,5,mdn,4,20
2474,22573f4b-b316-4b08-8b75-d05541ea7fcd,5,mdn,4,25
2475,c44b54b6-297d-4d1f-a5cc-1fbf039d492b,5,mdn,3,27
2476,a50dc3c0-5a19-4025-83eb-5812671c9480,4,ars,5,20
2477,d056ef76-a2d5-4e81-9a82-0a5190a878e8,4,mdn,3,28
2478,daba59b7-3cb9-4533-b8a8-9e0562490dd2,5,mw,5,23
2479,ce6e85c5-f384-4d46-b67e-a4ca72252a0a,4,mdn,3,30
2480,58d13a75-2efb-4254-85fa-13bdb2ac2156,4,ars,5,19
2481,747f065e-55d2-47c9-ab2b-c349fcbc001d,4,ars,4,23
2482,e9877472-82b1-472c-8e62-929561e5e2e7,5,mw,5,30
2483,ca5c06a4-b01e-4e89-b6e0-507d13da74e9,5,ars,5,27
2484,8cc0183c-f480-475a-a25b-559f3576b7c5,4,mw,5,18
2485,6e83b88a-84c4-4f8a-8fa9-9ff48e48fa49,5,fg,5,24
2486,8f526ed2-d369-4494-ac76-83d6b718337f,2,mdn,3,21
2487,2a205037-8c86-4372-a92d-d81ee9b38025,4,mdn,5,21
2488,20d213ef-76bf-41bb-bc87-9ffcfa2127bc,5,ars,5,26
2489,6e65b841-848c-46e7-a8b3-15ca81055f6a,3,ars,5,26
2490,7f337d29-cfd2-4a03-bbb9-ec6196e1d34d,5,je,4,30
2491,8aef2d51-8022-4436-a3a6-8c80ea4e0d91,5,mdn,5,29
2492,921eaf8b-9aee-46c9-8e43-76663964131c,5,ars,2,21
2493,ab9d4c1f-1773-4f12-88e1-ecd78f51e309,5,ars,4,30
2494,ddd0d578-3230-498c-9471-c90132d0399a,4,mf,5,18
2495,455e0529-272b-4550-95d5-a0bdb835ca9f,3,ars,4,23
2496,e7ec3fdb-639e-430f-978e-10c034fd3978,3,mdn,5,21
2497,0bb3ee6a-85cc-4eb3-b648-e8c08e1364db,4,ars,5,24
2498,e0c2a19b-d844-4f21-887c-a90f7c9b4346,5,ars,5,28
2499,19d5ec55-7543-48c4-8fbc-f01f5a9b2c95,5,mw,4,26
2500,792a10ac-a9bb-45ce-af93-7a2619ef61fe,5,mf,5,30
2501,d59a405f-f8b3-49e9-9ac2-88dc3e6a1e53,3,mw,5,23
2502,5d11e9c3-db2d-42ce-a4b2-676294bcab5c,4,ars,5,24
2503,6682a9bf-56ba-4596-8da7-14e90a00dcd4,5,mdn,5,29
2504,1105bd82-4df4-4116-be5a-0fc3f7506907,2,mdn,5,18
2505,f4470d04-89ee-4c8e-99d8-4ed12535524b,5,ars,4,23
2506,dd17fd3c-6723-465c-8b53-ce5998b51003,5,mw,5,20
2507,d4024ed1-cddb-4e3c-aea5-6616191d699f,5,mw,3,29
2508,581e0c61-097c-43a1-807a-d1f21bf13e0c,4,mdn,4,28
2509,1f4653ef-22c9-4df4-acae-3ce6dcf43075,5,mf,5,26
2510,afcb575e-c985-4e48-8663-6e73dd6dbe65,5,mw,5,29
2511,79ce6eb0-d1d0-42fe-b157-1bb64abf5596,4,mfmw,4,23
2512,24e8d7e7-70e0-47f0-835c-f03045861de5,4,mf,5,25
2513,e70f6ce4-4606-4a3d-a5cb-3c22ac67b4ea,5,ars,5,18
2514,6e83b88a-84c4-4f8a-8fa9-9ff48e48fa49,5,mdn,5,24
2515,a137710a-0bfc-4d4e-be3b-2aa711ee0d7c,5,mdn,5,19
2516,e0c2a19b-d844-4f21-887c-a90f7c9b4346,3,mdn,5,28
2517,b1d1a983-98bc-441f-96bf-b92fd2c78493,5,mdn,5,26
2518,9dafb395-690f-4613-9aed-1761724d82c8,5,mdn,5,22
2519,9347de8d-7c8f-4fe7-bb9d-ccf63c729d89,4,ars,4,26
2520,789055e5-3d0a-423a-bd82-c9fcfdf03bac,4,mw,5,30
2521,0abe9114-4d57-4368-9b74-8ff8d5ab22cf,5,mf,5,18
2522,1fb37a6e-bfb4-48da-b71f-d813fb59ef1c,5,mdn,5,30
2523,44f5e566-7fef-484a-b881-c53d9249ae9b,5,mdn,5,28
2524,dfc7c753-24c4-4193-ae2b-2ee1af876a13,5,mf,5,30
2525,792a10ac-a9bb-45ce-af93-7a2619ef61fe,5,mf,5,30
2526,5febecf8-2d9f-471b-9303-cd8dd0f658af,4,mdn,5,28
2527,60a29855-f1ba-4d16-a0e5-45fdc18d8780,5,mdn,5,28
2528,3225e9ea-e884-40bd-a656-818e699d86ec,5,ars,4,25
2529,e98d0b49-dc22-4be4-89e6-38ba25d671b3,5,ars,5,21
2530,5cd193d4-8ecf-4845-a463-61edf2b05ff3,4,mw,3,26
2531,0d81df22-243d-48a5-829e-9b4954d5cd5b,4,ars,5,20
2532,fb0fdb0e-a962-4fa1-8447-b5f52235ffe8,5,mf,5,20
2533,86677349-04ed-425a-b521-0389359ed54e,4,ars,5,25
2534,77a3f484-80a6-4184-b278-fc2ba7a9bc4d,5,mdn,5,24
2535,7f337d29-cfd2-4a03-bbb9-ec6196e1d34d,5,ars,4,30
2536,f9c4d67a-8176-4831-b098-8d866ed2dd52,3,mdn,5,20
2537,393c8d69-3a0e-414a-8b81-6b069e1d3432,5,mdn,4,19
2538,ed2064be-7d40-4f59-9e7d-d7e7dd54b118,5,mdn,5,28
2539,273a109b-52b8-4925-8536-22ceb3b716dc,4,mdn,4,30
2540,bcb872cd-f6f8-422c-8729-59be0b01e4c4,5,mdn,5,27
2541,3ebec66e-6765-4b6b-a97a-c0eb8314e327,5,mw,5,20
2542,bf94eb8d-5d4f-43d3-9528-ff5ef9009951,4,mdn,3,24
2543,9bb07206-a24d-488b-91d9-853f606d5fd4,5,mdn,5,19
2544,e9b443df-a15c-4c9f-b225-c44096cdcb9e,5,mdn,5,19
2545,53292fdb-b353-457a-8482-81bdab16d44f,5,ars,5,30
2546,b5ed5b65-c1bf-4b2f-b650-e60a5139f1bc,5,mdn,4,20
2547,44ca9a06-8b5d-42d1-a313-dfee18559727,4,mf,5,28
2548,e7ec3fdb-639e-430f-978e-10c034fd3978,3,ars,5,21
2549,a76629f6-fe9d-4e32-a4ab-46b9faf116a0,5,ars,5,25
2550,dab9d52e-ee1a-4508-a4d6-5dd373bb25f6,4,mf,5,19
2551,1105bd82-4df4-4116-be5a-0fc3f7506907,5,j,4,18
2552,927c3ada-c329-468f-8b53-036feb07b813,4,ars,4,21
2553,202f45d7-fcef-4cc2-8278-6cd8e89d01cd,4,ars,5,19
2554,ac687490-2263-42a4-b629-41f9cb808ec3,4,ars,3,28
2555,b166452a-784d-4789-941e-1c7b8b6229f6,5,fg,5,21
2556,a997b75b-15b5-4973-bd5c-0372fd8cb344,5,mdn,5,22
2557,5d674651-5ef2-4f04-b0fd-1cb744d92488,5,mdn,5,18
2558,d9196f86-a4c4-48aa-89e6-1f61947b8201,4,ars,4,24
2559,e9b443df-a15c-4c9f-b225-c44096cdcb9e,4,ars,5,19
2560,e7cb74f4-ab7a-4555-90a9-a9f5ecb3f9b6,3,mdn,4,28
2561,927c3ada-c329-468f-8b53-036feb07b813,5,mw,5,21
2562,9bb07206-a24d-488b-91d9-853f606d5fd4,5,mf,5,19
2563,e98d0b49-dc22-4be4-89e6-38ba25d671b3,5,mdn,5,21
2564,9b87a188-a71f-4d7a-bb50-b7fae8022f80,5,mdn,5,27
2565,d1953b54-615a-4056-af44-817e8a0c4b40,5,mf,5,20
2566,9edfb2eb-d613-48d3-bce6-bc81bffc2ac7,4,mf,4,25
2567,eeebd242-3df2-464c-9aa3-cd5781da8039,5,mdn,5,20
2568,ef4ca2ea-04a0-43cb-b257-87ad0f4d14b0,5,mdn,5,29
2569,6182a456-4de8-43e2-b54f-5836017a532d,5,ars,5,19
2570,7fab4381-0d58-4c87-890a-00f892c6b4d3,5,ars,5,27
2571,e469cc62-5dfe-42a1-be57-e686c98e01c6,4,ars,4,25
2572,f0d0484f-f159-4fe0-8ed4-45dd77bc7cff,5,mf,5,22
2573,5cd193d4-8ecf-4845-a463-61edf2b05ff3,3,mdn,5,26
2574,5c1e8c88-6c25-4e21-99e7-98f3140d754f,3,mdn,5,22
2575,558a3ec4-7fbc-40e7-9553-f8cff87516c7,4,mdn,4,29
2576,a47a4348-5295-48e9-aea3-acb821b95f11,4,mf,5,23
2577,8c8342e9-a790-4117-b607-5415d372b7f6,5,mdn,5,29
2578,ec3f623a-65f2-4b0d-937b-d0d1c4325976,5,ars,5,30
2579,38f9af29-497a-49e7-b561-797d2a207cf0,5,mdn,4,30
2580,9fdd2e9f-bbb9-4c36-ad62-91b8914dd0ea,3,ars,5,25
2581,b8d47eb3-c03a-46ae-9ccb-29bb9f61162b,5,mf,5,30
2582,d2def5be-4ed5-4735-ba73-d6a360f58a69,4,ars,5,25
2583,a07d4949-be64-47ce-b0d2-c4b3e775404e,5,ars,5,24
2584,53f8916f-1f81-4fd4-ba7e-b3574e6852eb,3,mw,4,19
2585,a47a4348-5295-48e9-aea3-acb821b95f11,4,ars,4,23
2586,0ef4cecc-887a-460d-b699-659969939b87,5,mf,5,24
2587,3d110c2c-e912-45ac-b49c-d55781dd00dd,3,ars,5,26
2588,2a205037-8c86-4372-a92d-d81ee9b38025,5,ars,5,21
2589,689f72f3-8a26-4eb9-abf2-c41108bc5bb6,5,ars,4,23
2590,802f27c7-ea1a-4e42-97b3-8174f236e379,5,k,3,29
2591,e10e6103-9fa7-4a16-bfe4-f437f8ccfdbc,4,ars,4,19
2592,ef4ca2ea-04a0-43cb-b257-87ad0f4d14b0,5,mdn,4,29
2593,5e454df6-a68f-4b76-b06a-f576ed27a11e,4,ars,5,22
2594,ca5c06a4-b01e-4e89-b6e0-507d13da74e9,5,j,5,27
2595,eb698920-996b-4bbd-b8a5-7414f307aa42,4,ars,5,21
2596,5d8a1dd5-498e-47ba-8bfc-62763467a996,4,mf,5,27
2597,eb698920-996b-4bbd-b8a5-7414f307aa42,5,ars,4,21
2598,2f586764-da78-499d-9a41-eafd03844e80,5,mw,5,29
2599,6e83b88a-84c4-4f8a-8fa9-9ff48e48fa49,5,mdn,3,24
2600,493c0fa8-bb96-4b13-b9fb-93abb37b65e7,5,ars,5,29
2601,6b792bd6-6f66-4692-b446-832cc13edc39,5,mdn,5,25
2602,aa994a1c-055e-4751-b4cf-ddc08d3a5f8c,5,ars,5,18
2603,bf94eb8d-5d4f-43d3-9528-ff5ef9009951,3,k,4,24
2604,8836f623-a6e4-442f-aa50-99c436187488,4,ars,5,24
2605,c3199038-0991-484e-bfee-899557351e13,4,mdn,4,25
2606,9ac75f91-4f73-4df0-bb20-b7de3069baee,5,ars,4,25
2607,2a205037-8c86-4372-a92d-d81ee9b38025,5,mfars,5,21
2608,64f2a8ab-33f5-42c6-9ba5-54e65b6b5af4,5,mw,5,30
2609,eeebd242-3df2-464c-9aa3-cd5781da8039,5,mdn,3,20
2610,7b2398e5-7c99-4ccd-aa73-5c987b82858f,3,mdn,5,19
2611,a14d25d1-f7f8-4220-8946-96cf6b19cae9,5,mdn,5,24
2612,37801059-5d8a-4bb8-ac44-c92f83dbfa3a,5,ars,5,19
2613,d59a405f-f8b3-49e9-9ac2-88dc3e6a1e53,5,ars,3,23
2614,4afd54fc-f5e7-41c3-beaf-b9b1270a218c,4,mf,5,28
2615,a07d4949-be64-47ce-b0d2-c4b3e775404e,5,k,5,24
2616,f21916d7-d541-4ce8-a39b-d7f0276da589,5,ars,5,21
2617,c005b690-b142-4d65-85e4-6ae65a48024d,3,ars,5,27
2618,c44b54b6-297d-4d1f-a5cc-1fbf039d492b,5,ars,5,27
2619,71dfef48-bb94-46ba-9eb5-66c917e928c7,5,k,4,18
2620,f064f333-666c-499f-bfcb-b71607e60de7,5,mdn,5,30
2621,c0db802b-635c-4f93-b4cb-7d9883a43093,5,ars,5,28
2622,789055e5-3d0a-423a-bd82-c9fcfdf03bac,4,ars,4,30
2623,d4024ed1-cddb-4e3c-aea5-6616191d699f,5,ars,5,29
2624,e11ba41b-805a-4223-afa6-67c773666985,5,mdn,4,30
2625,d1953b54-615a-4056-af44-817e8a0c4b40,3,ars,5,20
2626,2b9d541b-cc79-4e7a-8aca-958bed3b2c61,5,mdn,3,18
2627,f627af83-24c8-4c96-a7fd-4e60eddea09e,5,mdn,4,24
2628,9c190f0c-c070-4a52-946b-462086f30106,5,ars,4,25
2629,ec3f623a-65f2-4b0d-937b-d0d1c4325976,3,mdn,5,30
2630,9ac75f91-4f73-4df0-bb20-b7de3069baee,5,mdn,4,25
2631,6182a456-4de8-43e2-b54f-5836017a532d,5,mdn,5,19
2632,a04fce7c-b286-4d7c-a980-189ed10f7dcb,4,mw,5,28
2633,18ef96e8-9a73-4678-8c6c-772ce127d7f9,3,mf,4,30
2634,8633ed8f-31e9-45be-8c95-1a50d1658229,5,ars,4,27
2635,90f03727-0a86-4f64-8828-9b8d6d2a0650,5,k,5,28
2636,6f2f152e-fe85-4611-857a-528266761927,5,ars,5,20
2637,d13135a7-9a68-4169-815e-981149a54291,5,ars,4,27
2638,5ea1e29a-d64c-4b9b-bf02-d7bb6e8b1156,4,mdn,5,29
2639,1bbd002a-73c0-4f38-8e36-76560bba1f49,5,ars,3,19
2640,8836f623-a6e4-442f-aa50-99c436187488,3,ars,5,24
2641,637a2933-734a-4323-a7e9-7f9f79ad4dc4,5,mw,3,23
2642,64f2a8ab-33f5-42c6-9ba5-54e65b6b5af4,4,mdn,5,30
2643,f63a1efa-33c6-40c7-8688-ef9d34466284,5,mw,5,24
2644,0d5f41b7-3ab8-478c-836a-767823fd4c82,5,ars,4,28
2645,ac1781e0-796b-4d94-a324-680e348fe2cb,4,mfars,5,22
2646,a137710a-0bfc-4d4e-be3b-2aa711ee0d7c,4,ars,5,19
2647,d13135a7-9a68-4169-815e-981149a54291,4,mw,3,27
2648,41ae8e3f-715e-4fe0-aa5f-75aca345731c,5,mdn,5,28
2649,3aa83f6f-e363-4f12-9770-8902a51fbfbc,5,mfarsmdn,5,27
2650,5d6539ff-441b-46cc-af23-5b77ff05230e,5,mdn,4,25
2651,a21eedda-983a-47dd-81fc-20e1b1f34d9e,5,ars,5,26
2652,d13135a7-9a68-4169-815e-981149a54291,5,mdn,4,27
2653,14d84dec-8ae5-46d1-aebd-b3aa52f097ff,5,mfars,5,30
2654,802f27c7-ea1a-4e42-97b3-8174f236e379,5,mdn,3,29
2655,b5bc6003-dc35-4ca6-b16c-1752ffb0d186,5,mfars,5,20
2656,9c2aadbd-036d-45e6-b130-7f3d98892dba,5,mdn,4,20
2657,67313ce6-34e5-492a-ab7b-4e50acceb029,4,mfars,5,28
2658,d59a405f-f8b3-49e9-9ac2-88dc3e6a1e53,5,mw,4,23
2659,ebcfc29b-0f9a-4a12-88c4-66d907cc65c9,4,mdn,5,18
2660,e8cf2675-3727-4525-970c-77eff23acff5,4,ars,5,22
2661,ef4ca2ea-04a0-43cb-b257-87ad0f4d14b0,5,mf,5,29
2662,9a61b41c-a3e3-4ee1-b5d0-fd87681fe92a,4,ars,4,21
2663,e469cc62-5dfe-42a1-be57-e686c98e01c6,5,ars,5,25
2664,e62e4b0c-e929-48f4-ad21-f172df57e747,3,ars,5,23
2665,20c3a3f4-11c6-43d4-a63d-88f54b3b8096,3,mdn,4,30
2666,87fe0f9e-2ee2-4524-895b-5cb68e7b55ab,5,mf,4,21
2667,be5ec881-1245-4f55-9f25-8f76599294aa,5,mdn,5,24
2668,94173ad0-5841-4719-9ae3-44e387b19633,5,ars,4,28
2669,7f337d29-cfd2-4a03-bbb9-ec6196e1d34d,5,mdn,5,30
2670,14d84dec-8ae5-46d1-aebd-b3aa52f097ff,5,mdn,5,30
2671,1f4653ef-22c9-4df4-acae-3ce6dcf43075,5,mdn,5,26
2672,2f17238b-3151-4596-bd04-d55f4c80a066,5,ars,2,30
2673,ebd78cae-0a5d-43ed-bf3e-b6c496bd4b64,4,mf,3,26
2674,f79501bb-dbe6-4ba4-8439-e4740856c51a,3,mf,5,25
2675,d2def5be-4ed5-4735-ba73-d6a360f58a69,4,mw,5,25
2676,e9877472-82b1-472c-8e62-929561e5e2e7,4,ars,4,30
2677,c44794ff-60de-42e8-9ac1-d221a8ab29c0,5,mdn,5,30
2678,5fab557d-756e-44e7-8f28-2896570692b2,4,ars,4,30
2679,16b89a6a-1ce4-4a2d-b19e-8d37bc7c7c5e,4,ars,4,21
2680,2f586764-da78-499d-9a41-eafd03844e80,4,k,4,29
2681,581e0c61-097c-43a1-807a-d1f21bf13e0c,5,ars,5,28
2682,7c032388-80b3-48e9-be91-56bf32f69e9c,5,ars,5,29
2683,366c8261-243e-4eab-9695-6df81979597a,5,mdn,5,18
2684,49e2e565-049d-4753-871a-2ec2587d386e,5,k,4,30
2685,38ba55a0-96fe-4f04-af03-fe2a75bf9968,5,mw,4,26
2686,16b89a6a-1ce4-4a2d-b19e-8d37bc7c7c5e,5,ars,5,21
2687,e10e6103-9fa7-4a16-bfe4-f437f8ccfdbc,5,mdn,4,19
2688,1e22ce44-7a97-4f75-b7f5-d47bd96a8342,4,mdn,5,22
2689,f63a1efa-33c6-40c7-8688-ef9d34466284,5,mw,5,24
2690,e835a550-12b8-48aa-84a8-7fc1c8b1e775,5,mdn,3,18
2691,6be004f0-b701-4daa-b7e2-312b56f97129,5,ars,4,23
2692,1f4653ef-22c9-4df4-acae-3ce6dcf43075,4,ars,4,26
2693,8f526ed2-d369-4494-ac76-83d6b718337f,4,mdn,5,21
2694,a07d4949-be64-47ce-b0d2-c4b3e775404e,5,mf,4,24
2695,ca5c06a4-b01e-4e89-b6e0-507d13da74e9,3,mdn,4,27
2696,e7cb74f4-ab7a-4555-90a9-a9f5ecb3f9b6,4,mdn,5,28
2697,1b06ccbe-4819-4c66-9629-77abef688416,5,ars,4,25
2698,6f9ed042-aee1-4527-9335-284bb7d27521,5,mf,3,29
2699,41ae8e3f-715e-4fe0-aa5f-75aca345731c,5,mw,4,28
2700,17f173bf-52a2-4042-80ee-6d30d0217f4c,5,mdn,5,20
2701,5c1e8c88-6c25-4e21-99e7-98f3140d754f,5,ars,5,22
2702,2c7871c7-4bd5-43a8-aa2c-3c65fc33736c,3,ars,4,26
2703,5e6e310e-6abc-4e1a-b8e6-75b0a5b991b2,5,mdn,5,28
2704,85c289f3-c492-4b55-91f1-25a199c58832,3,ars,4,25
2705,9edfb2eb-d613-48d3-bce6-bc81bffc2ac7,4,mf,4,25
2706,f63a1efa-33c6-40c7-8688-ef9d34466284,5,ars,3,24
2707,18d72f16-5e3b-4cdd-ac63-6847f84789e2,5,ars,5,25
2708,53f8916f-1f81-4fd4-ba7e-b3574e6852eb,5,mf,5,19
2709,0e97a2f7-f21a-4142-b564-eac1d55150cb,5,mdn,5,28
2710,50bc13c3-0c72-4cab-a0af-b1569c6608e6,5,mf,4,30
2711,c6843a46-7606-45f7-a642-7dfbe9bb61cf,4,ars,5,28
2712,0d5f41b7-3ab8-478c-836a-767823fd4c82,3,k,3,28
2713,4073acaa-d216-4e04-8729-bfadada4d095,5,ars,5,20
2714,afcb575e-c985-4e48-8663-6e73dd6dbe65,5,ars,5,29
2715,ab9d4c1f-1773-4f12-88e1-ecd78f51e309,4,mdn,5,30
2716,0ee3780f-36f5-4ce7-af65-420a0d0b528c,5,mdn,4,27
2717,45d72ac3-0209-493e-9d5a-8a966d562845,5,mdn,4,23
2718,e18562d7-a549-49e1-ade6-2373fed3787d,5,mdn,4,22
2719,f2359723-11a9-4415-8278-4adb624d9e6b,4,ars,5,29
2720,39acfef6-976a-4ca5-a481-e5d887907fad,4,ars,5,19
2721,83da35e2-88ab-4562-9f43-c192ecdaed1e,4,ars,5,18
2722,79ce6eb0-d1d0-42fe-b157-1bb64abf5596,4,mf,5,23
2723,a9bdcbf6-4345-477c-a7a8-a7a09b29bd64,5,mf,5,19
2724,b07938ae-0ab3-44a5-9009-465521064ed4,5,mdn,5,18
2725,9272dcff-3d6f-401f-9f68-7c06df177b96,5,ars,5,20
2726,11b7094b-b88a-4478-b067-09000dfe4062,5,ars,5,25
2727,2f586764-da78-499d-9a41-eafd03844e80,5,ars,5,29
2728,acf94512-66a4-418e-98d7-dfc6c4691d80,3,mdn,5,24
2729,b201d5cd-6e38-4c63-8347-e1dbd89720e9,5,mf,5,24
2730,f0d0484f-f159-4fe0-8ed4-45dd77bc7cff,5,je,5,22
2731,207a3175-fda0-43fb-8b30-c257bf055847,5,ars,5,29
2732,b08e0cea-9237-4a5a-87d6-3f72a313ae3f,5,mdn,5,29
2733,80b41e1b-5190-447f-b409-c16b01162cf0,4,mf,3,22
2734,ddd0d578-3230-498c-9471-c90132d0399a,5,ars,4,18
2735,53204bad-4011-4a1a-b4d1-cee62543e32e,5,mdn,5,20
2736,3d0ea613-5462-4785-91d0-04f2331473f5,4,mdn,5,19
2737,77a3f484-80a6-4184-b278-fc2ba7a9bc4d,4,ars,4,24
2738,5ea1e29a-d64c-4b9b-bf02-d7bb6e8b1156,5,ars,3,29
2739,66435fb2-4e78-43d7-952d-d83ed97c5590,5,ars,4,21
2740,50bc13c3-0c72-4cab-a0af-b1569c6608e6,3,mdn,5,30
2741,d8eb4bf2-57a4-4a6a-8865-4ce0bf2c9e12,4,ars,5,29
2742,0ef4cecc-887a-460d-b699-659969939b87,5,mdn,4,24
2743,2f586764-da78-499d-9a41-eafd03844e80,5,mf,4,29
2744,0ee3780f-36f5-4ce7-af65-420a0d0b528c,5,ars,5,27
2745,14d84dec-8ae5-46d1-aebd-b3aa52f097ff,3,ars,4,30
2746,dda13a7f-e01e-4084-b353-9a7870744ff1,5,mdn,3,26
2747,bcb872cd-f6f8-422c-8729-59be0b01e4c4,4,mdn,4,27
2748,ef4ca2ea-04a0-43cb-b257-87ad0f4d14b0,3,mdn,5,29
2749,ab3fe741-a432-4b93-97e7-ca7f86b14d56,3,k,5,21
2750,fefb10d9-4247-4d30-b89d-9efd8c703bf1,5,mdn,5,23
2751,f064f333-666c-499f-bfcb-b71607e60de7,3,mdn,5,30
2752,60a29855-f1ba-4d16-a0e5-45fdc18d8780,3,mdn,5,28
2753,11b7094b-b88a-4478-b067-09000dfe4062,5,mdn,5,25
2754,7c032388-80b3-48e9-be91-56bf32f69e9c,3,ars,4,29
2755,d59a405f-f8b3-49e9-9ac2-88dc3e6a1e53,4,ars,3,23
2756,899d5675-9fe8-4dde-af03-7b62ba95428c,4,mdn,5,22
2757,1c8b2fc6-6dea-4184-9cb0-5dfbe49b73da,5,ars,4,30
2758,ce6e85c5-f384-4d46-b67e-a4ca72252a0a,5,mdn,5,30
2759,ce6e85c5-f384-4d46-b67e-a4ca72252a0a,5,ars,3,30
2760,2af566fa-f86c-462b-b3cf-5868069d103e,5,mf,3,21
2761,38f9af29-497a-49e7-b561-797d2a207cf0,5,ars,5,30
2762,f96dc1f6-d3a8-4cf6-a3ab-6a1182d41edd,5,mdn,4,23
2763,c4cf804a-7759-4269-8562-c7141d2c18c7,3,mw,4,24
2764,e490e589-c757-4a79-9fb9-b96dc034c08b,5,mf,5,22
2765,1efd7e76-acea-457d-b43c-d2c538c532b2,5,ars,4,22
2766,7a024b41-0a4e-41dd-ad47-121884fa8a11,5,mf,5,23
2767,f29b1b86-ab96-4876-889d-70b5955a01c7,4,mdn,5,27
2768,60a29855-f1ba-4d16-a0e5-45fdc18d8780,4,mw,5,28
2769,eb5ab705-64b5-4824-80b1-748c0c01560b,5,ars,5,30
2770,a04fce7c-b286-4d7c-a980-189ed10f7dcb,3,ars,4,28
2771,273a109b-52b8-4925-8536-22ceb3b716dc,5,mdn,5,30
2772,9cdeb8f3-f6ad-44fd-bccb-390c69038d0b,3,ars,3,20
2773,d5bb291b-06cc-4dec-968a-ce7db7529f77,5,mdn,4,28
2774,88c6509b-cbe2-47c6-ad02-97c92e300c48,4,mdn,5,30
2775,ab3fe741-a432-4b93-97e7-ca7f86b14d56,4,mf,4,21
2776,b07938ae-0ab3-44a5-9009-465521064ed4,5,mf,4,18
2777,83cff052-3ad9-416d-b26e-4797eccc0f10,5,ars,5,25
2778,d99430cc-3810-4660-823f-02144b19ea3d,5,mdn,4,29
2779,e696ca58-d61a-449b-8aae-30772b7d92e3,5,mf,5,24
2780,1fb37a6e-bfb4-48da-b71f-d813fb59ef1c,5,mdn,4,30
2781,d1953b54-615a-4056-af44-817e8a0c4b40,5,mdn,5,20
2782,40c6a39c-67fc-4202-b18e-ef0e0185bdd3,5,mf,5,23
2783,e9877472-82b1-472c-8e62-929561e5e2e7,4,mdn,5,30
2784,73ae6177-466a-40ab-833a-67f5a7eedc79,5,mdn,5,26
2785,e70f6ce4-4606-4a3d-a5cb-3c22ac67b4ea,3,ars,5,18
2786,2c7871c7-4bd5-43a8-aa2c-3c65fc33736c,5,ars,3,26
2787,1d9c5351-1850-448d-a113-86faf797165f,5,mdn,4,20
2788,558a3ec4-7fbc-40e7-9553-f8cff87516c7,4,mdn,5,29
2789,e7cb74f4-ab7a-4555-90a9-a9f5ecb3f9b6,4,-,5,28
2790,0e97a2f7-f21a-4142-b564-eac1d55150cb,4,mf,4,28
2791,1c8b2fc6-6dea-4184-9cb0-5dfbe49b73da,5,mf,4,30
2792,e11ba41b-805a-4223-afa6-67c773666985,5,ars,4,30
2793,87fe0f9e-2ee2-4524-895b-5cb68e7b55ab,4,mdn,5,21
2794,50bc13c3-0c72-4cab-a0af-b1569c6608e6,5,mdn,4,30
2795,3957973a-682a-4959-b576-9a085c8a44ae,4,mw,4,28
2796,6ec72b3a-0222-42ca-a3fe-bc17e019a32f,4,ars,5,24
2797,2384d785-bbf8-4c79-be46-5e56d3e5feee,5,ars,4,19
2798,7a024b41-0a4e-41dd-ad47-121884fa8a11,5,mdn,4,23
2799,483a2cf3-98f9-456d-81d9-022710423c23,5,ars,5,24
2800,3c24d078-c8f8-4f83-ab59-6d25c5b84bc2,4,ars,5,30
2801,5e454df6-a68f-4b76-b06a-f576ed27a11e,3,mdn,5,22
2802,f10cf3ff-f51e-442d-bee4-d1c0099c264c,4,je,5,29
2803,899d5675-9fe8-4dde-af03-7b62ba95428c,4,mw,4,22
2804,79ce6eb0-d1d0-42fe-b157-1bb64abf5596,5,mdn,5,23
2805,e9877472-82b1-472c-8e62-929561e5e2e7,5,ars,5,30
2806,357bbbdb-8186-4709-a792-2b49f743fad2,3,mf,5,18
2807,9dafb395-690f-4613-9aed-1761724d82c8,5,ars,5,22
2808,0fe94c00-c05c-4d31-9f39-7d31012ea47a,5,mdn,5,24
2809,802f27c7-ea1a-4e42-97b3-8174f236e379,5,mdn,5,29
2810,3957973a-682a-4959-b576-9a085c8a44ae,5,ars,3,28
2811,4cf82814-1d7e-430c-bba3-247af2552306,5,ars,5,19
2812,26321a8a-0e7d-451e-a0f3-787a7432d9cb,5,ars,5,28
2813,be4db01d-a7c7-4918-93df-7014dc077733,5,ars,5,22
2814,66435fb2-4e78-43d7-952d-d83ed97c5590,5,mdn,5,21
2815,dda13a7f-e01e-4084-b353-9a7870744ff1,5,ars,4,26
2816,23205395-678b-4b55-a150-3fc8227c3a18,4,mf,5,29
2817,df68b52d-88f5-4b15-9731-39301acac35b,4,k,4,24
2818,0e58e77d-a18e-44d2-9fb8-522685cc2b76,5,mw,5,21
2819,8e3026d2-a977-4221-a6cc-c30fd3590962,5,k,5,30
2820,9edfb2eb-d613-48d3-bce6-bc81bffc2ac7,5,ars,4,25
2821,0e97a2f7-f21a-4142-b564-eac1d55150cb,3,mw,5,28
2822,f9c4d67a-8176-4831-b098-8d866ed2dd52,5,ars,5,20
2823,a133b00f-54e3-42c5-87db-f89de83c6874,3,ars,5,20
2824,df68b52d-88f5-4b15-9731-39301acac35b,4,mf,5,24
2825,ab9d4c1f-1773-4f12-88e1-ecd78f51e309,4,ars,5,30
2826,fb0fdb0e-a962-4fa1-8447-b5f52235ffe8,4,ars,4,20
2827,83da35e2-88ab-4562-9f43-c192ecdaed1e,4,mfars,5,18
2828,af8a0613-364e-42b4-903f-c2ea6ed41cea,5,mdn,4,26
2829,41ae8e3f-715e-4fe0-aa5f-75aca345731c,5,mf,5,28
2830,0e321c7e-d2cf-4699-aa74-9544ab8f2090,4,ars,4,26
2831,37801059-5d8a-4bb8-ac44-c92f83dbfa3a,5,ars,5,19
2832,651aa3c1-3bba-4b30-9471-e0f7857900f7,4,mw,5,29
2833,f6a23d22-7609-4675-b15a-07e2ac92d770,5,mf,4,27
2834,789055e5-3d0a-423a-bd82-c9fcfdf03bac,5,ars,4,30
2835,53292fdb-b353-457a-8482-81bdab16d44f,3,ars,4,30
2836,88f20ee0-e749-487f-a908-12f8ab47142b,5,ars,5,22
2837,8c8342e9-a790-4117-b607-5415d372b7f6,4,mdn,5,29
2838,1e22ce44-7a97-4f75-b7f5-d47bd96a8342,5,ars,3,22
2839,581e0c61-097c-43a1-807a-d1f21bf13e0c,5,ars,4,28
2840,1da45063-2dc1-41f2-88ea-7f61fe7f9a19,5,ars,5,25
2841,f09830ac-90c9-4f96-82d2-30a969c28516,4,mdn,5,23
2842,b8b1fa86-8f82-4898-a242-72dfdcfc0b75,5,mf,5,25
2843,a9c35b24-76a8-4b67-addd-81845fb390c7,3,ars,5,29
2844,37801059-5d8a-4bb8-ac44-c92f83dbfa3a,4,mw,5,19
2845,e18562d7-a549-49e1-ade6-2373fed3787d,5,mdn,5,22
2846,2f773992-bd33-499d-b4d8-9de663d61d09,4,mdn,4,18
2847,dfc7c753-24c4-4193-ae2b-2ee1af876a13,4,mf,5,30
2848,caa1cb22-fbe5-43dd-bba4-11dd60e108aa,5,ars,5,26
2849,df68b52d-88f5-4b15-9731-39301acac35b,5,mdn,5,24
2850,a59fa924-4733-471c-8754-f6595cd0e6f1,5,ars,5,27
2851,663c3978-6013-4a55-9a58-5d538e435021,5,mdn,4,25
2852,26321a8a-0e7d-451e-a0f3-787a7432d9cb,4,ars,5,28
2853,6e77a16f-1fc0-43a6-bf10-ef592e2084ea,3,mf,5,28
2854,c1843817-41a0-4488-9c7a-5a537f4659b5,5,mw,4,29
2855,3e262f96-1a3a-4620-a5cb-26350e9ead3e,5,ars,4,22
2856,ae0bc742-9002-4ac9-b183-a2041b84bc8b,3,ars,5,28
2857,95d5bb8d-2790-43d4-a0a3-970e5fe6ac19,5,ars,3,18
2858,0e97a2f7-f21a-4142-b564-eac1d55150cb,5,ars,4,28
2859,e10e6103-9fa7-4a16-bfe4-f437f8ccfdbc,5,mf,5,19
2860,11b7094b-b88a-4478-b067-09000dfe4062,5,ars,5,25
2861,cee38db4-d8fb-4876-affb-408d23f0c5fc,5,mw,5,20
2862,af410c09-749d-4f0b-bdb1-f3d0e42a2b0f,5,mdn,5,19
2863,59ad52ab-0325-4f71-bbf8-6d0eabc630ad,5,ars,5,30
2864,40c6a39c-67fc-4202-b18e-ef0e0185bdd3,5,mdn,3,23
2865,e7d7ce10-2049-4fbe-8a69-710eb0c0b707,5,mdn,5,18
2866,78cb70fb-cca0-4d6b-83e3-0ca440be5174,4,ars,5,27
2867,9c190f0c-c070-4a52-946b-462086f30106,5,ars,5,25
2868,0d81df22-243d-48a5-829e-9b4954d5cd5b,5,mdn,4,20
2869,7b2398e5-7c99-4ccd-aa73-5c987b82858f,4,ars,5,19
2870,c81c0d30-be22-4d14-a328-3760bfd5e023,4,mdn,5,20
2871,c393b545-0428-4a31-927b-e603aa307049,5,ars,3,18
2872,84d29b44-26c6-4b05-8a67-31831d35be32,5,mdn,4,28
2873,5d11e9c3-db2d-42ce-a4b2-676294bcab5c,5,mdn,4,24
2874,2b46b282-1df9-4423-9625-2c6743a25144,5,mf,4,25
2875,93515f8d-d789-46de-bb36-728e6b16625a,4,ars,4,20
2876,9272dcff-3d6f-401f-9f68-7c06df177b96,4,mdn,5,20
2877,9ffb6093-07ab-4c59-8f50-d7b38b640c04,5,mw,5,29
2878,18ef96e8-9a73-4678-8c6c-772ce127d7f9,3,mw,4,30
2879,e7d7ce10-2049-4fbe-8a69-710eb0c0b707,4,ars,5,18
2880,d99430cc-3810-4660-823f-02144b19ea3d,5,mdn,4,29
2881,637a2933-734a-4323-a7e9-7f9f79ad4dc4,5,ars,4,23
2882,2384d785-bbf8-4c79-be46-5e56d3e5feee,4,mdn,5,19
2883,6b792bd6-6f66-4692-b446-832cc13edc39,3,j,5,25
2884,2d1a4ae6-c125-4238-ae47-5496c45d5d8c,5,mf,5,24
2885,95914d89-1f22-4630-8d62-91f2d8d0ed88,5,ars,5,19
2886,b08e0cea-9237-4a5a-87d6-3f72a313ae3f,3,mdn,4,29
2887,0d81df22-243d-48a5-829e-9b4954d5cd5b,5,mdn,4,20
2888,a93b4520-48eb-4201-afbf-b8d72d7eb56a,5,mdn,5,28
2889,53292fdb-b353-457a-8482-81bdab16d44f,5,ars,5,30
2890,ac687490-2263-42a4-b629-41f9cb808ec3,4,ars,2,28
2891,e469cc62-5dfe-42a1-be57-e686c98e01c6,5,ars,5,25
2892,d1560a24-8c99-4ae8-85f9-c9bf80991ce4,5,mf,5,26
2893,55284c4b-b914-4e5d-9551-79d8f5b4eb5d,5,mf,4,26
2894,e11ba41b-805a-4223-afa6-67c773666985,5,mdn,5,30
2895,a51ce71d-9acf-4e2f-b3bb-2d456a3de7ec,5,ars,4,22
2896,67313ce6-34e5-492a-ab7b-4e50acceb029,3,ars,4,28
2897,a997b75b-15b5-4973-bd5c-0372fd8cb344,4,mdn,3,22
2898,393c8d69-3a0e-414a-8b81-6b069e1d3432,5,mfmw,5,19
2899,48aeea0c-cfef-4b4a-b94f-415455a9d7af,5,ars,5,20
2900,5fab557d-756e-44e7-8f28-2896570692b2,5,mdn,5,30
2901,aa994a1c-055e-4751-b4cf-ddc08d3a5f8c,3,ars,5,18
2902,71dfef48-bb94-46ba-9eb5-66c917e928c7,4,mf,5,18
2903,c233c56b-6f1a-4f53-9f27-e39f5220f9d3,5,mdn,4,26
2904,aafce93e-6e5f-46ad-b186-d642d5a456a1,5,ars,3,30
2905,c4cf804a-7759-4269-8562-c7141d2c18c7,5,ars,4,24
2906,e876c637-3708-402f-9fc3-ed2a59c697c9,4,ars,4,27
2907,dbf069ee-b1dd-4b75-8b6e-73734ec2cb48,5,mdn,5,21
2908,9054ffc8-9df3-4b73-a700-17b228a19cba,5,ars,5,29
2909,3c24d078-c8f8-4f83-ab59-6d25c5b84bc2,3,ars,5,30
2910,1e22ce44-7a97-4f75-b7f5-d47bd96a8342,5,mdn,5,22
2911,391319c2-41bc-4213-ba51-0e06718e1803,4,mdn,5,26
2912,37725a9e-f7e1-4803-ad03-e9be32e186d4,4,ars,5,20
2913,ebcfc29b-0f9a-4a12-88c4-66d907cc65c9,5,ars,4,18
2914,dceebdb5-1a91-4fa6-8072-aaa827868eb3,4,mdn,4,26
2915,8c45b709-a6d6-49b8-b996-e76dc0934213,4,ars,5,23
2916,1c8b2fc6-6dea-4184-9cb0-5dfbe49b73da,4,k,3,30
2917,d057bbf9-c5fa-420a-9bb9-1f6322853d1c,5,mw,5,27
2918,b8b1fa86-8f82-4898-a242-72dfdcfc0b75,4,ars,4,25
2919,60a29855-f1ba-4d16-a0e5-45fdc18d8780,5,mdn,5,28
2920,4e5e83e4-af3a-4513-ae2d-281f7991fdb7,4,ars,4,25
2921,752ccf1a-c3a9-463a-af5a-ee8a0815ddad,5,k,4,18
2922,789b8d4b-a8d0-430d-9fd4-29d445b2f6f2,3,mdn,3,29
2923,d99430cc-3810-4660-823f-02144b19ea3d,5,ars,5,29
2924,c6990f5b-cd7a-4dda-a877-6155653d134e,5,ars,4,19
2925,9272dcff-3d6f-401f-9f68-7c06df177b96,5,mdn,5,20
2926,79ce6eb0-d1d0-42fe-b157-1bb64abf5596,5,mdn,5,23
2927,6e65b841-848c-46e7-a8b3-15ca81055f6a,5,mdn,5,26
2928,da0a8407-c3fa-42bc-bd2b-23e1c7cde8a9,5,mdn,5,30
2929,0b5bc2f8-6b6b-4cd8-abdd-7c9350676492,3,mdn,5,26
2930,4c39b0b9-c9d0-45ac-b545-190c3da984fa,3,mdn,3,21
2931,f064f333-666c-499f-bfcb-b71607e60de7,5,mf,4,30
2932,19d5ec55-7543-48c4-8fbc-f01f5a9b2c95,5,ars,3,26
2933,670e36fe-2b5e-4426-919b-889ef9ae7dc9,5,mdn,5,26
2934,c393b545-0428-4a31-927b-e603aa307049,4,mdn,3,18
2935,e835a550-12b8-48aa-84a8-7fc1c8b1e775,3,ars,4,18
2936,c005b690-b142-4d65-85e4-6ae65a48024d,5,mf,5,27
2937,e98d0b49-dc22-4be4-89e6-38ba25d671b3,5,mdn,5,21
2938,a1408643-a549-447c-b867-6886faa00fca,5,mdn,5,19
2939,60a29855-f1ba-4d16-a0e5-45fdc18d8780,5,j,5,28
2940,16b89a6a-1ce4-4a2d-b19e-8d37bc7c7c5e,2,mdn,5,21
2941,95d5bb8d-2790-43d4-a0a3-970e5fe6ac19,4,ars,4,18
2942,93cc8629-4757-4a91-acbe-cb586e385c66,5,mf,5,18
2943,a59fa924-4733-471c-8754-f6595cd0e6f1,5,mdn,5,27
2944,d8eb4bf2-57a4-4a6a-8865-4ce0bf2c9e12,3,je,5,29
2945,9c190f0c-c070-4a52-946b-462086f30106,5,ars,4,25
2946,651aa3c1-3bba-4b30-9471-e0f7857900f7,3,k,5,29
2947,0fe94c00-c05c-4d31-9f39-7d31012ea47a,5,mf,5,24
2948,7c7aeed7-f005-426d-aafd-368700609ba0,5,mdn,4,22
2949,de26149b-380f-42c9-bdc1-a8584f2c5233,4,ars,5,29
2950,49b93c8d-21cf-4307-90e1-12f87a2a75a4,4,mf,5,26
2951,28c21980-3720-4511-bec7-cc2e6275750a,5,mf,5,28
2952,375b7df7-16cd-4376-965f-52dc0c4f3eb3,4,mw,5,23
2953,5fab557d-756e-44e7-8f28-2896570692b2,5,mdn,3,30
2954,2eebf90c-68dc-4631-a827-b59638b7ad52,4,mdn,3,26
2955,eb5ab705-64b5-4824-80b1-748c0c01560b,5,mdn,5,30
2956,34099491-cba6-4b79-9c62-38e83f1cf9db,4,ars,5,22
2957,934eaca0-2d10-4419-8175-7812976e2931,3,mdn,4,21
2958,c43a7404-eeeb-4714-9bc9-598b448da6f9,5,mw,5,30
2959,53292fdb-b353-457a-8482-81bdab16d44f,5,j,4,30
2960,4c618e0b-e52e-4b54-98ca-542b28fe4432,5,j,3,18
2961,4e5e83e4-af3a-4513-ae2d-281f7991fdb7,5,mdn,5,25
2962,37ff7521-e05d-4635-8d59-e3c6f852d77d,5,ars,4,23
2963,789b8d4b-a8d0-430d-9fd4-29d445b2f6f2,5,mw,3,29
2964,af410c09-749d-4f0b-bdb1-f3d0e42a2b0f,5,mdn,5,19
2965,a51ce71d-9acf-4e2f-b3bb-2d456a3de7ec,5,ars,4,22
2966,d1953b54-615a-4056-af44-817e8a0c4b40,5,mf,5,20
2967,a4272ae2-4e7e-4252-a49a-10445c387bc6,5,mf,5,29
2968,c44794ff-60de-42e8-9ac1-d221a8ab29c0,5,mdn,4,30
2969,d8eb4bf2-57a4-4a6a-8865-4ce0bf2c9e12,5,mdn,4,29
2970,b661cc43-3695-4a39-b0dc-21164ec6e199,5,k,4,20
2971,e6574fcd-b5fd-40b8-b94a-e3fdf1c887b6,5,mw,5,24
2972,9c2aadbd-036d-45e6-b130-7f3d98892dba,4,ars,4,20
2973,7c032388-80b3-48e9-be91-56bf32f69e9c,3,mfmw,4,29
2974,cee74a0a-0b19-443e-93ff-152112089c51,5,mdn,3,24
2975,6f680a58-6e7f-4b24-ab2a-8f615cd14a21,5,ars,3,27
2976,b7ba5486-611f-4ead-9e37-51de7d6961bb,4,mdn,5,30
2977,a59fa924-4733-471c-8754-f6595cd0e6f1,4,ars,4,27
2978,a21eedda-983a-47dd-81fc-20e1b1f34d9e,5,mf,5,26
2979,9cdeb8f3-f6ad-44fd-bccb-390c69038d0b,4,mf,5,20
2980,afcb575e-c985-4e48-8663-6e73dd6dbe65,5,mw,3,29
2981,4cf82814-1d7e-430c-bba3-247af2552306,5,mdn,5,19
2982,b57fcc40-677a-40da-9faa-265af0fca89d,5,ars,5,19
2983,f1242db3-e5af-4813-a6f1-4c9e531776bd,5,mdn,3,20
2984,d1adf242-5e1a-4a78-9c07-f0ba06758c42,5,mdn,5,19
2985,71dfef48-bb94-46ba-9eb5-66c917e928c7,5,mdn,4,18
2986,2af566fa-f86c-462b-b3cf-5868069d103e,5,mdn,4,21
2987,d056ef76-a2d5-4e81-9a82-0a5190a878e8,5,mdn,5,28
2988,efee5412-be59-448d-9f6e-9a7dcf201113,4,ars,5,29
2989,89659f75-6600-40be-8c14-322a5ae87e24,5,mf,5,23
2990,393c8d69-3a0e-414a-8b81-6b069e1d3432,5,mdn,3,19
2991,38f9af29-497a-49e7-b561-797d2a207cf0,5,mdn,5,30
2992,5d6539ff-441b-46cc-af23-5b77ff05230e,5,mf,4,25
2993,f8a5ac4a-6f9a-4356-a9d7-142b91a4c9a4,5,mdn,5,21
2994,5d11e9c3-db2d-42ce-a4b2-676294bcab5c,5,mf,5,24
2995,bcb872cd-f6f8-422c-8729-59be0b01e4c4,4,mdn,5,27
2996,ceb7a529-86be-4dc4-b116-38797aabd2dd,3,mdn,5,29
2997,52a42141-4b24-488f-8631-7ef301b1c14c,4,mf,5,27
2998,493c0fa8-bb96-4b13-b9fb-93abb37b65e7,5,ars,3,29
2999,2c7871c7-4bd5-43a8-aa2c-3c65fc33736c,3,mf,3,26
3000,ac1781e0-796b-4d94-a324-680e348fe2cb,5,mf,3,22
3001,9ac75f91-4f73-4df0-bb20-b7de3069baee,4,ars,5,25
3002,366c8261-243e-4eab-9695-6df81979597a,5,mdn,4,18
3003,95d5bb8d-2790-43d4-a0a3-970e5fe6ac19,4,mf,5,18
3004,94173ad0-5841-4719-9ae3-44e387b19633,4,ars,3,28
3005,dceebdb5-1a91-4fa6-8072-aaa827868eb3,5,mf,4,26
3006,cdb366d6-e302-45aa-b61c-6bb4bd827c4f,5,ars,2,22
3007,ae0bc742-9002-4ac9-b183-a2041b84bc8b,3,ars,5,28
3008,a04fce7c-b286-4d7c-a980-189ed10f7dcb,5,mf,5,28
3009,b08e0cea-9237-4a5a-87d6-3f72a313ae3f,5,mdn,5,29
3010,20c3a3f4-11c6-43d4-a63d-88f54b3b8096,5,ars,3,30
3011,22573f4b-b316-4b08-8b75-d05541ea7fcd,5,mf,3,25
3012,1699c2dd-b2b5-4756-bc87-a4b933c25c01,5,mdn,5,29
3013,0abe9114-4d57-4368-9b74-8ff8d5ab22cf,4,mdn,5,18
3014,e70f6ce4-4606-4a3d-a5cb-3c22ac67b4ea,5,mdn,4,18
3015,65f9bddd-fe54-4b4a-b2fa-8104c5db89c0,5,ars,5,30
3016,f29b1b86-ab96-4876-889d-70b5955a01c7,5,ars,5,27
3017,49b93c8d-21cf-4307-90e1-12f87a2a75a4,5,mf,5,26
3018,a50dc3c0-5a19-4025-83eb-5812671c9480,5,mdn,5,20
3019,1de40c3b-877b-48c2-be67-4021b5459754,5,ars,5,22
3020,dbf069ee-b1dd-4b75-8b6e-73734ec2cb48,5,mdn,5,21
3021,3cd61aab-db88-4ef9-8be4-5f94ff9698e7,5,ars,5,20
3022,1699c2dd-b2b5-4756-bc87-a4b933c25c01,4,tam,5,29
3023,ede1c719-13be-432a-958d-e5e220f7b972,4,mdn,4,21
3024,357a2790-e856-4dd3-a0f5-8f6e14d0267f,4,ars,5,26
3025,caa1cb22-fbe5-43dd-bba4-11dd60e108aa,5,mw,5,26
3026,ac1781e0-796b-4d94-a324-680e348fe2cb,4,mdn,5,22
3027,b8d47eb3-c03a-46ae-9ccb-29bb9f61162b,5,mdn,5,30
3028,85c289f3-c492-4b55-91f1-25a199c58832,5,mdn,5,25
3029,1efd7e76-acea-457d-b43c-d2c538c532b2,4,ars,5,22
3030,67313ce6-34e5-492a-ab7b-4e50acceb029,4,mf,5,28
3031,caa1cb22-fbe5-43dd-bba4-11dd60e108aa,5,mdn,5,26
3032,a93b4520-48eb-4201-afbf-b8d72d7eb56a,3,mdn,5,28
3033,d5bb291b-06cc-4dec-968a-ce7db7529f77,4,mdn,3,28
3034,3cd61aab-db88-4ef9-8be4-5f94ff9698e7,5,ars,5,20
3035,67313ce6-34e5-492a-ab7b-4e50acceb029,5,ars,5,28
3036,a137710a-0bfc-4d4e-be3b-2aa711ee0d7c,5,mw,3,19
3037,223e96b7-dfbe-442b-9b28-7fef065a6044,4,ars,5,19
3038,2c7871c7-4bd5-43a8-aa2c-3c65fc33736c,3,mf,5,26
3039,444bb96e-33b5-408b-8f36-792f40a9e402,5,ars,4,20
3040,820fb470-45af-4458-a617-8ea1f9d8915d,4,ars,5,30
3041,1105bd82-4df4-4116-be5a-0fc3f7506907,3,mdn,5,18
3042,9a72950d-597c-4488-8d80-702130f485ee,4,mdn,5,23
3043,d975480c-d90f-414e-a9e1-b1288c4fbd1c,5,fg,5,28
3044,37725a9e-f7e1-4803-ad03-e9be32e186d4,5,mw,3,20
3045,f59c8c41-7c50-4929-a64d-49cf2e587423,5,mdn,5,24
3046,f10cf3ff-f51e-442d-bee4-d1c0099c264c,5,mdn,4,29
3047,e490e589-c757-4a79-9fb9-b96dc034c08b,4,mf,5,22
3048,d5fbe51e-866a-4bc6-acd4-65604d50f3e6,4,mw,5,22
3049,f2359723-11a9-4415-8278-4adb624d9e6b,5,ars,5,29
3050,8d2d94c5-8114-4962-a74e-d3f9ce3f36f5,5,ars,4,18
3051,e11ba41b-805a-4223-afa6-67c773666985,4,j,5,30
3052,9c2aadbd-036d-45e6-b130-7f3d98892dba,5,ars,3,20
3053,cee74a0a-0b19-443e-93ff-152112089c51,5,ars,5,24
3054,49b93c8d-21cf-4307-90e1-12f87a2a75a4,3,ars,5,26
3055,220cc7c6-0cef-413b-af2a-ec2208ceac65,5,mdn,4,20
3056,5cb0e54b-ec8d-46d8-8d81-eaa3e0687114,4,ars,4,18
3057,e7ec3fdb-639e-430f-978e-10c034fd3978,4,mdn,3,21
3058,2a205037-8c86-4372-a92d-d81ee9b38025,5,mdn,4,21
3059,b72ffd03-aef1-4d7f-896e-953964384583,5,mdn,5,24
3060,9272dcff-3d6f-401f-9f68-7c06df177b96,4,mdn,5,20
3061,ed9b6e30-d898-4452-97e1-ccbcff4a27bb,4,mdn,5,18
3062,2c867a72-877a-4cfb-8d18-01990c6c4846,5,mf,5,19
3063,2f586764-da78-499d-9a41-eafd03844e80,3,mdn,5,29
3064,a2b117e7-ab57-476e-831c-33f7ceb1aa35,3,ars,5,29
3065,d5fbe51e-866a-4bc6-acd4-65604d50f3e6,5,ars,4,22
3066,59ad52ab-0325-4f71-bbf8-6d0eabc630ad,3,ars,5,30
3067,de26149b-380f-42c9-bdc1-a8584f2c5233,5,mdn,4,29
3068,2f586764-da78-499d-9a41-eafd03844e80,5,mdn,5,29
3069,9ffb6093-07ab-4c59-8f50-d7b38b640c04,5,ars,5,29
3070,2d1a4ae6-c125-4238-ae47-5496c45d5d8c,3,mfars,5,24
3071,f21916d7-d541-4ce8-a39b-d7f0276da589,4,ars,5,21
3072,17f173bf-52a2-4042-80ee-6d30d0217f4c,4,mfars,3,20
3073,37ff7521-e05d-4635-8d59-e3c6f852d77d,4,ars,4,23
3074,da0a8407-c3fa-42bc-bd2b-23e1c7cde8a9,5,mdn,5,30
3075,789055e5-3d0a-423a-bd82-c9fcfdf03bac,5,mf,4,30
3076,366c8261-243e-4eab-9695-6df81979597a,5,ars,5,18
3077,0aa927af-2e14-47b5-bb75-c1c700b13262,4,je,4,25
3078,f4470d04-89ee-4c8e-99d8-4ed12535524b,5,mdn,4,23
3079,a21eedda-983a-47dd-81fc-20e1b1f34d9e,5,tam,5,26
3080,c16dd75d-767f-4f05-a3cf-e3207ecb51a4,5,mdn,5,19
3081,1da45063-2dc1-41f2-88ea-7f61fe7f9a19,4,ars,4,25
3082,20d213ef-76bf-41bb-bc87-9ffcfa2127bc,3,mdn,5,26
3083,a5a4ee5b-8385-4dfb-9185-a1deb1531cdb,5,mdn,5,28
3084,2b7f0ba7-166f-43e5-9c60-056b72b479a4,4,mdn,5,27
3085,11a3f0b6-30be-4055-bd52-045a04e860fe,5,mf,4,25
3086,0b5bc2f8-6b6b-4cd8-abdd-7c9350676492,4,ars,4,26
3087,d975480c-d90f-414e-a9e1-b1288c4fbd1c,5,k,5,28
3088,4afd54fc-f5e7-41c3-beaf-b9b1270a218c,4,ars,4,28
3089,93515f8d-d789-46de-bb36-728e6b16625a,5,mdn,5,20
3090,b7ba5486-611f-4ead-9e37-51de7d6961bb,4,ars,3,30
3091,dceebdb5-1a91-4fa6-8072-aaa827868eb3,5,mdn,5,26
3092,7f337d29-cfd2-4a03-bbb9-ec6196e1d34d,5,mdn,5,30
3093,5d8a1dd5-498e-47ba-8bfc-62763467a996,4,ars,4,27
3094,7fab4381-0d58-4c87-890a-00f892c6b4d3,4,mw,5,27
3095,6f9ed042-aee1-4527-9335-284bb7d27521,4,mdn,3,29
3096,4ac5d5c7-fcf8-4d13-8384-5e452e3c04af,5,mf,2,28
3097,47ab6a24-9a36-4af9-b4a4-651bfa037130,4,ars,5,19
3098,f6c33008-5144-41d8-b2a5-a570e9f1561b,4,ars,5,21
3099,40ef5c66-cc76-49a6-851d-1b58fe2953d7,3,mdn,5,29
3100,3225e9ea-e884-40bd-a656-818e699d86ec,4,mdn,5,25
3101,de511cef-1fc8-493b-bb99-d9ba30a042c9,5,mf,3,28
3102,c233c56b-6f1a-4f53-9f27-e39f5220f9d3,5,ars,3,26
3103,2d289025-ff1e-4ba7-a201-6b6053e593e8,4,mdn,4,21
3104,b1d1a983-98bc-441f-96bf-b92fd2c78493,3,mw,5,26
3105,9493905e-b65c-40ce-b799-c350ed3e1f18,5,ars,4,23
3106,26180c48-bfbb-4af5-b4ff-6a1aa15b9f84,4,mdn,5,28
3107,58326bf0-4f33-4c16-b328-cc206f87d423,5,mdn,5,28
3108,efee5412-be59-448d-9f6e-9a7dcf201113,4,mw,5,29
3109,79ce6eb0-d1d0-42fe-b157-1bb64abf5596,5,mdn,5,23
3110,e7cb74f4-ab7a-4555-90a9-a9f5ecb3f9b6,4,mf,4,28
3111,71dfef48-bb94-46ba-9eb5-66c917e928c7,4,mdn,3,18
3112,58326bf0-4f33-4c16-b328-cc206f87d423,5,k,3,28
3113,73b6df25-7321-4250-8a5d-2d58573b14ec,5,mdn,4,24
3114,53292fdb-b353-457a-8482-81bdab16d44f,4,mdn,4,30
3115,1bfa930d-cf1c-479b-87e4-bae0f9073321,3,mdn,4,23
3116,e6574fcd-b5fd-40b8-b94a-e3fdf1c887b6,5,ars,5,24
3117,6ec72b3a-0222-42ca-a3fe-bc17e019a32f,5,mdn,5,24
3118,984f5641-df2b-40ba-83b2-61ba8eabc65c,5,mw,5,24
3119,984f5641-df2b-40ba-83b2-61ba8eabc65c,4,ars,5,24
3120,5febecf8-2d9f-471b-9303-cd8dd0f658af,5,mdn,4,28
3121,640d60da-a441-4460-b386-d9613ee01d28,5,mdn,5,29
3122,1105bd82-4df4-4116-be5a-0fc3f7506907,4,mf,4,18
3123,d1adf242-5e1a-4a78-9c07-f0ba06758c42,5,ars,5,19
3124,83cff052-3ad9-416d-b26e-4797eccc0f10,4,k,5,25
3125,aafce93e-6e5f-46ad-b186-d642d5a456a1,5,ars,5,30
3126,a4272ae2-4e7e-4252-a49a-10445c387bc6,5,ars,5,29
3127,c3199038-0991-484e-bfee-899557351e13,5,mdn,5,25
3128,adc0ba52-ad0c-4888-9527-72d7900b42bd,4,mdn,5,26
3129,e33fe1f5-796c-4c1d-84c4-32eb396f9837,5,mf,5,24
3130,b19d51d1-cbaf-4d83-948a-e8f634e3ca48,5,mdn,5,21
3131,2d289025-ff1e-4ba7-a201-6b6053e593e8,5,mdn,5,21
3132,afcb575e-c985-4e48-8663-6e73dd6dbe65,5,mdn,5,29
3133,927c3ada-c329-468f-8b53-036feb07b813,5,ars,5,21
3134,581e0c61-097c-43a1-807a-d1f21bf13e0c,5,mdn,5,28
3135,41c2499e-4649-4cd4-8476-d435c6166c58,3,ars,4,22
3136,7c032388-80b3-48e9-be91-56bf32f69e9c,4,ars,5,29
3137,cec079b7-5691-4cd0-9092-3b0388c25d4a,5,mdn,3,22
3138,0e321c7e-d2cf-4699-aa74-9544ab8f2090,5,mdn,4,26
3139,b201d5cd-6e38-4c63-8347-e1dbd89720e9,3,mdn,4,24
3140,cec079b7-5691-4cd0-9092-3b0388c25d4a,3,mdn,5,22
3141,3e262f96-1a3a-4620-a5cb-26350e9ead3e,5,ars,5,22
3142,1c8b2fc6-6dea-4184-9cb0-5dfbe49b73da,5,mdn,5,30
3143,e11ba41b-805a-4223-afa6-67c773666985,3,mf,5,30
3144,91753f65-ede6-4be5-b7a7-9e8b4da7cc42,5,mdn,5,21
3145,29db820a-86ac-4510-88f7-184d6f9dcf9c,5,ars,5,18
3146,ff4a3b75-5599-4d90-95f0-8a1bf29c5849,5,ars,4,27
3147,28c21980-3720-4511-bec7-cc2e6275750a,5,mw,5,28
3148,2d289025-ff1e-4ba7-a201-6b6053e593e8,5,mf,4,21
3149,6182a456-4de8-43e2-b54f-5836017a532d,4,mdn,3,19
3150,ae40a3a5-e900-4cbc-8955-280bd7529d92,5,mdn,4,21
3151,dab9d52e-ee1a-4508-a4d6-5dd373bb25f6,4,mw,5,19
3152,28c21980-3720-4511-bec7-cc2e6275750a,5,ars,5,28
3153,9bb07206-a24d-488b-91d9-853f606d5fd4,5,mf,5,19
3154,0d5f41b7-3ab8-478c-836a-767823fd4c82,5,mf,3,28
3155,f09830ac-90c9-4f96-82d2-30a969c28516,5,mdn,5,23
3156,f2708137-31a5-416c-bbff-7155fb5aa25c,5,mf,3,19
3157,8c8342e9-a790-4117-b607-5415d372b7f6,5,ars,4,29
3158,cae3f7d3-ef38-44cd-99ae-c2606063e41f,5,ars,5,22
3159,ceb7a529-86be-4dc4-b116-38797aabd2dd,5,mdn,4,29
3160,fe2ef5d1-e5b0-4c59-b553-8a14aa6485fd,5,ars,5,28
3161,14d84dec-8ae5-46d1-aebd-b3aa52f097ff,5,je,3,30
3162,f2708137-31a5-416c-bbff-7155fb5aa25c,2,mw,5,19
3163,a2509b39-af24-4703-842f-27c2dcd12475,5,ars,3,29
3164,6b792bd6-6f66-4692-b446-832cc13edc39,5,mdn,5,25
3165,b7ba5486-611f-4ead-9e37-51de7d6961bb,3,mdn,2,30
3166,4f727795-2eba-42fd-97a6-dd7a8a15282b,4,tam,5,19
3167,dac33426-3c77-4e9c-807c-3ecdc261339f,5,ars,5,20
3168,e6167931-7dcd-40cb-a065-3804a08ae841,5,mw,5,30
3169,357a2790-e856-4dd3-a0f5-8f6e14d0267f,5,mdn,3,26
3170,96491651-a46d-4fae-84ea-64c3c00a3071,5,mf,5,19
3171,5d674651-5ef2-4f04-b0fd-1cb744d92488,5,mdn,5,18
3172,5939bdfb-18e1-40ee-8654-d802e218a33f,4,mw,5,29
3173,49e2e565-049d-4753-871a-2ec2587d386e,5,mdn,5,30
3174,da0a8407-c3fa-42bc-bd2b-23e1c7cde8a9,5,mf,5,30
3175,aac4a278-e82f-40cc-9662-861f6b2ac634,5,mf,5,18
3176,ff4a3b75-5599-4d90-95f0-8a1bf29c5849,5,ars,4,27
3177,ec3f623a-65f2-4b0d-937b-d0d1c4325976,5,mf,4,30
3178,bd3c3d70-fe18-477c-bdc3-51c106bd41b5,4,mdn,5,24
3179,366c8261-243e-4eab-9695-6df81979597a,5,mf,5,18
3180,a21eedda-983a-47dd-81fc-20e1b1f34d9e,5,ars,3,26
3181,e98d0b49-dc22-4be4-89e6-38ba25d671b3,5,ars,5,21
3182,444bb96e-33b5-408b-8f36-792f40a9e402,5,ars,4,20
3183,717bbe10-f11f-4197-820a-cc03420e2016,5,mw,5,18
3184,6d494d2e-4ab9-4884-b620-e73214923863,5,mdn,4,18
3185,f443f8f7-c1f8-4b45-a91c-5a994f4c0ef6,5,ars,5,20
3186,cee74a0a-0b19-443e-93ff-152112089c51,3,ars,5,24
3187,afcb575e-c985-4e48-8663-6e73dd6dbe65,5,ars,5,29
3188,a2b117e7-ab57-476e-831c-33f7ceb1aa35,5,mw,4,29
3189,9a61b41c-a3e3-4ee1-b5d0-fd87681fe92a,5,ars,5,21
3190,23205395-678b-4b55-a150-3fc8227c3a18,5,mf,5,29
3191,89659f75-6600-40be-8c14-322a5ae87e24,2,mf,5,23
3192,7c032388-80b3-48e9-be91-56bf32f69e9c,3,ars,5,29
3193,eb698920-996b-4bbd-b8a5-7414f307aa42,5,mdn,5,21
3194,11a3f0b6-30be-4055-bd52-045a04e860fe,4,mw,5,25
3195,6682a9bf-56ba-4596-8da7-14e90a00dcd4,5,ars,5,29
3196,cee74a0a-0b19-443e-93ff-152112089c51,4,mdn,5,24
3197,391319c2-41bc-4213-ba51-0e06718e1803,5,mf,5,26
3198,6be004f0-b701-4daa-b7e2-312b56f97129,3,mdn,5,23
3199,58326bf0-4f33-4c16-b328-cc206f87d423,5,mdn,5,28
3200,d1f141a2-1152-4522-ac13-eb572de63737,5,mdn,4,23
3201,0ee3780f-36f5-4ce7-af65-420a0d0b528c,4,ars,5,27
3202,9493905e-b65c-40ce-b799-c350ed3e1f18,4,ars,5,23
3203,c7bf0ed5-820e-4544-920d-c50b944dec2c,4,mdn,5,26
3204,2f773992-bd33-499d-b4d8-9de663d61d09,5,mf,5,18
3205,4afd54fc-f5e7-41c3-beaf-b9b1270a218c,4,ars,5,28
3206,59ad52ab-0325-4f71-bbf8-6d0eabc630ad,5,mdn,3,30
3207,c0db802b-635c-4f93-b4cb-7d9883a43093,5,mw,5,28
3208,3418969d-5c13-46ee-8df0-794019e7a64f,3,ars,5,30
3209,f79501bb-dbe6-4ba4-8439-e4740856c51a,5,mdn,4,25
3210,e0c2a19b-d844-4f21-887c-a90f7c9b4346,3,ars,5,28
3211,adc0ba52-ad0c-4888-9527-72d7900b42bd,3,mdn,5,26
3212,dac33426-3c77-4e9c-807c-3ecdc261339f,5,mdn,3,20
3213,f4470d04-89ee-4c8e-99d8-4ed12535524b,4,ars,4,23
3214,fdf2851c-a685-4112-80fc-401747191dc3,5,mfars,4,26
3215,8e0fa808-9c9f-47f2-aaa1-6fd29a3c638d,4,je,5,19
3216,273a109b-52b8-4925-8536-22ceb3b716dc,5,mdn,3,30
3217,558a3ec4-7fbc-40e7-9553-f8cff87516c7,5,mf,4,29
3218,48aeea0c-cfef-4b4a-b94f-415455a9d7af,5,ars,4,20
3219,47ab6a24-9a36-4af9-b4a4-651bfa037130,5,mf,4,19
3220,18d72f16-5e3b-4cdd-ac63-6847f84789e2,5,mfars,4,25
3221,a5a4ee5b-8385-4dfb-9185-a1deb1531cdb,5,mdn,5,28
3222,e7ec3fdb-639e-430f-978e-10c034fd3978,5,mw,4,21
3223,cb05f3e4-515e-4567-9ec2-b3d043b9f1e4,5,tam,5,22
3224,52a42141-4b24-488f-8631-7ef301b1c14c,5,mw,3,27
3225,cbce132e-cb8f-4aac-a1c1-a776704aebef,4,mdn,5,27
3226,f2359723-11a9-4415-8278-4adb624d9e6b,5,ars,4,29
3227,9edfb2eb-d613-48d3-bce6-bc81bffc2ac7,4,mfarsmdn,5,25
3228,6e1d86b6-1249-4c44-a984-f1ea046d19b8,5,mdn,5,19
3229,20c3a3f4-11c6-43d4-a63d-88f54b3b8096,3,mdn,5,30
3230,a8272db8-0e9f-4372-a757-661bd02f9051,5,mw,5,26
3231,9e679f83-7105-4a2c-b9d2-82964ea88b4f,4,mdn,5,25
3232,bd3c3d70-fe18-477c-bdc3-51c106bd41b5,3,k,2,24
3233,aafce93e-6e5f-46ad-b186-d642d5a456a1,4,ars,5,30
3234,ae40a3a5-e900-4cbc-8955-280bd7529d92,4,mfars,5,21
3235,acf94512-66a4-418e-98d7-dfc6c4691d80,4,ars,4,24
3236,e04076e5-3fab-4e6b-9f79-38c54336e47b,5,ars,4,20
3237,ede1c719-13be-432a-958d-e5e220f7b972,4,ars,4,21
3238,5805dec2-b9a9-4314-9e19-729737c7a6c6,5,fg,5,21
3239,5d6539ff-441b-46cc-af23-5b77ff05230e,5,mf,5,25
3240,637a2933-734a-4323-a7e9-7f9f79ad4dc4,5,mdn,5,23
3241,f1242db3-e5af-4813-a6f1-4c9e531776bd,5,mf,4,20
3242,58d13a75-2efb-4254-85fa-13bdb2ac2156,5,mfars,5,19
3243,4f727795-2eba-42fd-97a6-dd7a8a15282b,5,mdn,4,19
3244,4f727795-2eba-42fd-97a6-dd7a8a15282b,3,mw,4,19
3245,d6d28a99-70f3-4053-961c-029e34621e96,5,mdn,5,21
3246,a2509b39-af24-4703-842f-27c2dcd12475,4,ars,4,29
3247,41c2499e-4649-4cd4-8476-d435c6166c58,5,ars,5,22
3248,e8cf2675-3727-4525-970c-77eff23acff5,5,mf,5,22
3249,88f20ee0-e749-487f-a908-12f8ab47142b,4,ars,5,22
3250,223e96b7-dfbe-442b-9b28-7fef065a6044,4,ars,5,19
3251,e33fe1f5-796c-4c1d-84c4-32eb396f9837,5,k,5,24
3252,8633ed8f-31e9-45be-8c95-1a50d1658229,5,mdn,3,27
3253,202f45d7-fcef-4cc2-8278-6cd8e89d01cd,3,mdn,4,19
3254,6e1d86b6-1249-4c44-a984-f1ea046d19b8,5,mw,5,19
3255,0a986dd7-a658-40a9-9d1b-d3074e036e35,5,ars,5,30
3256,207a3175-fda0-43fb-8b30-c257bf055847,5,ars,5,29
3257,ab9d4c1f-1773-4f12-88e1-ecd78f51e309,4,mdn,4,30
3258,ab9d4c1f-1773-4f12-88e1-ecd78f51e309,3,ars,4,30
3259,41ae8e3f-715e-4fe0-aa5f-75aca345731c,5,mf,5,28
3260,b201d5cd-6e38-4c63-8347-e1dbd89720e9,5,ars,5,24
3261,2b46b282-1df9-4423-9625-2c6743a25144,5,ars,5,25
3262,ebd78cae-0a5d-43ed-bf3e-b6c496bd4b64,5,ars,5,26
3263,73ae6177-466a-40ab-833a-67f5a7eedc79,5,mdn,3,26
3264,5ea1e29a-d64c-4b9b-bf02-d7bb6e8b1156,5,mdn,5,29
3265,1fb37a6e-bfb4-48da-b71f-d813fb59ef1c,4,ars,4,30
3266,7428131a-f272-433f-b7ae-725af2ab628d,3,mw,4,29
3267,9347de8d-7c8f-4fe7-bb9d-ccf63c729d89,5,mw,5,26
3268,d6d28a99-70f3-4053-961c-029e34621e96,5,ars,4,21
3269,689f72f3-8a26-4eb9-abf2-c41108bc5bb6,4,ars,5,23
3270,20c3a3f4-11c6-43d4-a63d-88f54b3b8096,5,mdn,5,30
3271,fcf4ee65-4267-4b08-bb3d-1860d83cb6e0,4,ars,5,29
3272,7fab4381-0d58-4c87-890a-00f892c6b4d3,5,ars,5,27
3273,e7d7ce10-2049-4fbe-8a69-710eb0c0b707,5,ars,5,18
3274,55284c4b-b914-4e5d-9551-79d8f5b4eb5d,3,mdn,4,26
3275,e7d7ce10-2049-4fbe-8a69-710eb0c0b707,5,ars,5,18
3276,83cff052-3ad9-416d-b26e-4797eccc0f10,5,mf,3,25
3277,89659f75-6600-40be-8c14-322a5ae87e24,4,ars,4,23
3278,0c2d68f2-4d17-4dab-b9a1-d0bdf4e10ce4,5,ars,5,22
3279,b08e0cea-9237-4a5a-87d6-3f72a313ae3f,4,ars,3,29
3280,41c2499e-4649-4cd4-8476-d435c6166c58,3,mw,4,22
3281,483a2cf3-98f9-456d-81d9-022710423c23,4,mdn,4,24
3282,26180c48-bfbb-4af5-b4ff-6a1aa15b9f84,5,mdn,5,28
3283,be5ec881-1245-4f55-9f25-8f76599294aa,5,ars,4,24
3284,de26149b-380f-42c9-bdc1-a8584f2c5233,3,mdn,5,29
3285,8aef2d51-8022-4436-a3a6-8c80ea4e0d91,5,ars,4,29
3286,e11ba41b-805a-4223-afa6-67c773666985,4,mdn,5,30
3287,a8272db8-0e9f-4372-a757-661bd02f9051,5,mdn,5,26
3288,ddd0d578-3230-498c-9471-c90132d0399a,5,mdn,5,18
3289,9347de8d-7c8f-4fe7-bb9d-ccf63c729d89,5,ars,5,26
3290,23f67700-5b2a-4ebb-a7a6-2b6bd78cea75,4,mdn,5,21
3291,71dfef48-bb94-46ba-9eb5-66c917e928c7,5,mdn,3,18
3292,c7cccd38-9e0f-4c94-acfb-557606e7aadf,5,mdn,5,22
3293,e59739bb-d66f-479b-92f8-1a526fb5a428,5,ars,5,22
3294,1bbd002a-73c0-4f38-8e36-76560bba1f49,4,je,4,19
3295,eb90a88d-20c0-4c51-98f1-a67bc873c84d,5,mdn,5,20
3296,caa1cb22-fbe5-43dd-bba4-11dd60e108aa,5,mdn,4,26
3297,53f8916f-1f81-4fd4-ba7e-b3574e6852eb,5,mdn,4,19
3298,ae0bc742-9002-4ac9-b183-a2041b84bc8b,5,mdn,5,28
3299,dfac5d22-8882-4707-bbe8-9325b9ddc739,4,mdn,5,20
3300,d6d28a99-70f3-4053-961c-029e34621e96,5,mdn,5,21
3301,c7cccd38-9e0f-4c94-acfb-557606e7aadf,4,mdn,5,22
3302,b166452a-784d-4789-941e-1c7b8b6229f6,5,mdn,5,21
3303,e6167931-7dcd-40cb-a065-3804a08ae841,4,mdn,5,30
3304,6cfc3694-9d16-4d0e-be7d-e717b3e39ea9,5,ars,4,19
3305,717bbe10-f11f-4197-820a-cc03420e2016,3,mdn,4,18
3306,1bfa930d-cf1c-479b-87e4-bae0f9073321,5,ars,5,23
3307,6e83b88a-84c4-4f8a-8fa9-9ff48e48fa49,5,mfars,5,24
3308,cdb366d6-e302-45aa-b61c-6bb4bd827c4f,5,mdn,5,22
3309,53292fdb-b353-457a-8482-81bdab16d44f,5,ars,4,30
3310,0abe9114-4d57-4368-9b74-8ff8d5ab22cf,5,ars,5,18
3311,cee74a0a-0b19-443e-93ff-152112089c51,5,mdn,5,24
3312,5cd193d4-8ecf-4845-a463-61edf2b05ff3,4,ars,4,26
3313,fea9deb6-7320-4e71-8c81-a5529ccdd68c,5,mdn,4,23
3314,a14d25d1-f7f8-4220-8946-96cf6b19cae9,5,mdn,5,24
3315,45d72ac3-0209-493e-9d5a-8a966d562845,4,ars,3,23
3316,6b792bd6-6f66-4692-b446-832cc13edc39,5,ars,3,25
3317,2e276933-00b1-44a5-93f7-8327f3fcca83,5,mdn,4,25
3318,f59c8c41-7c50-4929-a64d-49cf2e587423,5,mf,4,24
3319,88c6509b-cbe2-47c6-ad02-97c92e300c48,4,mdn,5,30
3320,64f2a8ab-33f5-42c6-9ba5-54e65b6b5af4,5,ars,5,30
3321,c393b545-0428-4a31-927b-e603aa307049,5,mdn,5,18
3322,9e679f83-7105-4a2c-b9d2-82964ea88b4f,3,mdn,4,25
3323,f2359723-11a9-4415-8278-4adb624d9e6b,3,ars,4,29
3324,19d5ec55-7543-48c4-8fbc-f01f5a9b2c95,4,ars,5,26
3325,77a3f484-80a6-4184-b278-fc2ba7a9bc4d,5,ars,4,24
3326,be5ec881-1245-4f55-9f25-8f76599294aa,5,mdn,4,24
3327,f064f333-666c-499f-bfcb-b71607e60de7,4,k,3,30
3328,789055e5-3d0a-423a-bd82-c9fcfdf03bac,5,mdn,4,30
3329,ec3f623a-65f2-4b0d-937b-d0d1c4325976,5,mfars,5,30
3330,dd17fd3c-6723-465c-8b53-ce5998b51003,5,-,5,20
3331,dab9d52e-ee1a-4508-a4d6-5dd373bb25f6,5,mdn,5,19
3332,d13135a7-9a68-4169-815e-981149a54291,5,mdn,5,27
3333,37725a9e-f7e1-4803-ad03-e9be32e186d4,5,k,5,20
3334,820fb470-45af-4458-a617-8ea1f9d8915d,5,mdn,5,30
3335,3418969d-5c13-46ee-8df0-794019e7a64f,5,mdn,3,30
3336,26180c48-bfbb-4af5-b4ff-6a1aa15b9f84,5,mdn,5,28
3337,61dbc7bb-5997-4446-a7eb-5b0cd4ea98db,5,mdn,4,24
3338,dda13a7f-e01e-4084-b353-9a7870744ff1,4,mf,3,26
3339,be1f9c71-c6b8-48c6-84bb-6ef5174954aa,5,ars,4,20
3340,8c45b709-a6d6-49b8-b996-e76dc0934213,4,ars,5,23
3341,f627af83-24c8-4c96-a7fd-4e60eddea09e,5,mdn,5,24
3342,dfc7c753-24c4-4193-ae2b-2ee1af876a13,4,mf,5,30
3343,3aa83f6f-e363-4f12-9770-8902a51fbfbc,5,mdn,5,27
3344,de511cef-1fc8-493b-bb99-d9ba30a042c9,4,mf,5,28
3345,c43a7404-eeeb-4714-9bc9-598b448da6f9,5,mdn,5,30
3346,558a3ec4-7fbc-40e7-9553-f8cff87516c7,5,mdn,5,29
3347,9798eef8-20b9-4df4-a0de-81ed2227b9bf,3,mw,5,24
3348,d5bb291b-06cc-4dec-968a-ce7db7529f77,4,mw,5,28
3349,c43a7404-eeeb-4714-9bc9-598b448da6f9,5,mf,5,30
3350,e835a550-12b8-48aa-84a8-7fc1c8b1e775,5,mdn,5,18
3351,98101cf4-a26d-4e32-9f91-6f42993b3ea1,4,ars,3,18
3352,50fe2f3d-7fa4-43b4-b182-6ff9a0371dd4,4,mdn,5,25
3353,d9196f86-a4c4-48aa-89e6-1f61947b8201,5,ars,5,24
3354,dbf069ee-b1dd-4b75-8b6e-73734ec2cb48,4,ars,5,21
3355,0e58e77d-a18e-44d2-9fb8-522685cc2b76,3,ars,5,21
3356,1efd7e76-acea-457d-b43c-d2c538c532b2,4,mdn,5,22
3357,c1843817-41a0-4488-9c7a-5a537f4659b5,4,mdn,5,29
3358,0e354232-854f-43ec-944d-b120245eea4d,5,mdn,5,21
3359,34099491-cba6-4b79-9c62-38e83f1cf9db,4,ars,3,22
3360,f09830ac-90c9-4f96-82d2-30a969c28516,5,mdn,4,23
3361,cdb366d6-e302-45aa-b61c-6bb4bd827c4f,5,mdn,3,22
3362,5ef1e3ae-45e5-41e7-956b-4cef7dcf95b5,5,mdn,5,21
3363,6e65b841-848c-46e7-a8b3-15ca81055f6a,5,mf,3,26
3364,4e5e83e4-af3a-4513-ae2d-281f7991fdb7,4,mdn,4,25
3365,58326bf0-4f33-4c16-b328-cc206f87d423,5,mdn,5,28
3366,d1f141a2-1152-4522-ac13-eb572de63737,5,ars,5,23
3367,5805dec2-b9a9-4314-9e19-729737c7a6c6,3,mdn,3,21
3368,b94abf88-995e-47ac-9dae-0fc713c19fd9,4,mdn,5,27
3369,c1133665-1bdf-4e34-ad54-083732118089,5,mf,4,18
3370,af8a0613-364e-42b4-903f-c2ea6ed41cea,4,ars,4,26
3371,0b187bd8-2c9e-4c1a-ad95-1ac60fa3f39d,4,ars,5,20
3372,9b87a188-a71f-4d7a-bb50-b7fae8022f80,5,mw,5,27
3373,375b7df7-16cd-4376-965f-52dc0c4f3eb3,5,ars,4,23
3374,8f526ed2-d369-4494-ac76-83d6b718337f,5,ars,5,21
3375,455e0529-272b-4550-95d5-a0bdb835ca9f,5,mf,5,23
3376,3d0ea613-5462-4785-91d0-04f2331473f5,5,mdn,5,19
3377,1efd7e76-acea-457d-b43c-d2c538c532b2,4,k,5,22
3378,e9877472-82b1-472c-8e62-929561e5e2e7,4,mdn,5,30
3379,ae0bc742-9002-4ac9-b183-a2041b84bc8b,4,ars,5,28
3380,38f9af29-497a-49e7-b561-797d2a207cf0,3,mdn,5,30
3381,61dbc7bb-5997-4446-a7eb-5b0cd4ea98db,5,ars,2,24
3382,1a26488b-6cd0-47ce-a93f-a8b4c8da09e2,5,mdn,5,19
3383,95914d89-1f22-4630-8d62-91f2d8d0ed88,5,ars,5,19
3384,b166452a-784d-4789-941e-1c7b8b6229f6,3,ars,5,21
3385,927c3ada-c329-468f-8b53-036feb07b813,5,mw,3,21
3386,cbaaf4cd-85c3-4140-9033-acedf90fa1cb,5,mdn,3,22
3387,b166452a-784d-4789-941e-1c7b8b6229f6,5,mdn,4,21
3388,c43a7404-eeeb-4714-9bc9-598b448da6f9,5,mf,5,30
3389,ede1c719-13be-432a-958d-e5e220f7b972,5,mdn,5,21
3390,bf94eb8d-5d4f-43d3-9528-ff5ef9009951,5,ars,5,24
3391,ae40a3a5-e900-4cbc-8955-280bd7529d92,4,mf,5,21
3392,f9c4d67a-8176-4831-b098-8d866ed2dd52,4,mdn,5,20
3393,a04fce7c-b286-4d7c-a980-189ed10f7dcb,5,mdn,5,28
3394,90f03727-0a86-4f64-8828-9b8d6d2a0650,5,mdn,3,28
3395,22573f4b-b316-4b08-8b75-d05541ea7fcd,4,mdn,4,25
3396,59ad52ab-0325-4f71-bbf8-6d0eabc630ad,5,ars,5,30
3397,5ef1e3ae-45e5-41e7-956b-4cef7dcf95b5,4,ars,4,21
3398,d5bb291b-06cc-4dec-968a-ce7db7529f77,4,mdn,5,28
3399,2b9d541b-cc79-4e7a-8aca-958bed3b2c61,3,mdn,5,18
3400,752ccf1a-c3a9-463a-af5a-ee8a0815ddad,5,mdn,4,18
3401,18ef96e8-9a73-4678-8c6c-772ce127d7f9,5,ars,5,30
3402,ff4a3b75-5599-4d90-95f0-8a1bf29c5849,4,mdn,4,27
3403,4ff66c05-68eb-4bc1-9ed7-4ca15066eb3c,4,k,5,20
3404,c6990f5b-cd7a-4dda-a877-6155653d134e,4,mf,5,19
3405,9ffb6093-07ab-4c59-8f50-d7b38b640c04,5,ars,3,29
3406,0e354232-854f-43ec-944d-b120245eea4d,5,mdn,5,21
3407,b201d5cd-6e38-4c63-8347-e1dbd89720e9,4,mdn,4,24
3408,dac33426-3c77-4e9c-807c-3ecdc261339f,3,ars,5,20
3409,e696ca58-d61a-449b-8aae-30772b7d92e3,4,ars,4,24
3410,8e3026d2-a977-4221-a6cc-c30fd3590962,5,je,4,30
3411,d056ef76-a2d5-4e81-9a82-0a5190a878e8,5,ars,5,28
3412,f6c33008-5144-41d8-b2a5-a570e9f1561b,5,mdn,5,21
3413,dab9d52e-ee1a-4508-a4d6-5dd373bb25f6,5,mdn,4,19
3414,a07d4949-be64-47ce-b0d2-c4b3e775404e,5,mf,4,24
3415,a59fa924-4733-471c-8754-f6595cd0e6f1,4,mdn,4,27
3416,1c8b2fc6-6dea-4184-9cb0-5dfbe49b73da,4,mdn,4,30
3417,5d8a1dd5-498e-47ba-8bfc-62763467a996,5,mdn,5,27
3418,59ad52ab-0325-4f71-bbf8-6d0eabc630ad,3,ars,3,30
3419,4e5e83e4-af3a-4513-ae2d-281f7991fdb7,3,mdn,4,25
3420,9f60f579-c330-400e-a75a-6d0d289424c1,5,ars,4,19
3421,45d72ac3-0209-493e-9d5a-8a966d562845,4,mf,4,23
3422,b166452a-784d-4789-941e-1c7b8b6229f6,4,ars,4,21
3423,11b7094b-b88a-4478-b067-09000dfe4062,5,ars,5,25
3424,b72ffd03-aef1-4d7f-896e-953964384583,5,mw,5,24
3425,cae3f7d3-ef38-44cd-99ae-c2606063e41f,5,ars,5,22
3426,a47a4348-5295-48e9-aea3-acb821b95f11,4,ars,4,23
3427,5ef1e3ae-45e5-41e7-956b-4cef7dcf95b5,4,mdn,4,21
3428,a1408643-a549-447c-b867-6886faa00fca,4,mf,5,19
3429,26180c48-bfbb-4af5-b4ff-6a1aa15b9f84,4,mdn,5,28
3430,f6a23d22-7609-4675-b15a-07e2ac92d770,5,mdn,4,27
3431,ca5c06a4-b01e-4e89-b6e0-507d13da74e9,4,mdn,5,27
3432,ac1781e0-796b-4d94-a324-680e348fe2cb,5,ars,5,22
3433,fefb10d9-4247-4d30-b89d-9efd8c703bf1,5,mdn,5,23
3434,0e321c7e-d2cf-4699-aa74-9544ab8f2090,5,mdn,5,26
3435,d5bb291b-06cc-4dec-968a-ce7db7529f77,5,mdn,4,28
3436,b8d47eb3-c03a-46ae-9ccb-29bb9f61162b,3,mw,5,30
3437,7428131a-f272-433f-b7ae-725af2ab628d,4,fg,5,29
3438,6e65b841-848c-46e7-a8b3-15ca81055f6a,5,ars,5,26
3439,8c45b709-a6d6-49b8-b996-e76dc0934213,4,mdn,3,23
3440,66435fb2-4e78-43d7-952d-d83ed97c5590,5,mdn,5,21
3441,d056ef76-a2d5-4e81-9a82-0a5190a878e8,5,k,4,28
3442,23f67700-5b2a-4ebb-a7a6-2b6bd78cea75,5,mdn,5,21
3443,4ff66c05-68eb-4bc1-9ed7-4ca15066eb3c,5,mdn,4,20
3444,efee5412-be59-448d-9f6e-9a7dcf201113,5,ars,5,29
3445,e59739bb-d66f-479b-92f8-1a526fb5a428,3,mdn,4,22
3446,792a10ac-a9bb-45ce-af93-7a2619ef61fe,5,ars,5,30
3447,9ffb6093-07ab-4c59-8f50-d7b38b640c04,4,ars,4,29
3448,f21916d7-d541-4ce8-a39b-d7f0276da589,3,mdn,4,21
3449,f96dc1f6-d3a8-4cf6-a3ab-6a1182d41edd,3,ars,5,23
3450,fb0fdb0e-a962-4fa1-8447-b5f52235ffe8,5,ars,5,20
3451,28c21980-3720-4511-bec7-cc2e6275750a,5,mf,4,28
3452,2b46b282-1df9-4423-9625-2c6743a25144,4,mf,5,25
3453,5e454df6-a68f-4b76-b06a-f576ed27a11e,3,mdn,3,22
3454,ef4ca2ea-04a0-43cb-b257-87ad0f4d14b0,5,mf,4,29
3455,28c21980-3720-4511-bec7-cc2e6275750a,5,mw,3,28
3456,2b46b282-1df9-4423-9625-2c6743a25144,5,ars,5,25
3457,fe2ef5d1-e5b0-4c59-b553-8a14aa6485fd,5,mdn,3,28
3458,f6c33008-5144-41d8-b2a5-a570e9f1561b,3,mdn,3,21
3459,49b93c8d-21cf-4307-90e1-12f87a2a75a4,4,mdn,4,26
3460,9798eef8-20b9-4df4-a0de-81ed2227b9bf,5,mdn,5,24
3461,b8d47eb3-c03a-46ae-9ccb-29bb9f61162b,2,mdn,5,30
3462,752ccf1a-c3a9-463a-af5a-ee8a0815ddad,4,ars,5,18
3463,b8617d9b-d83b-4256-a87a-6edeaaedc6ba,5,mf,5,24
3464,2e276933-00b1-44a5-93f7-8327f3fcca83,5,k,4,25
3465,c6843a46-7606-45f7-a642-7dfbe9bb61cf,5,mw,5,28
3466,caa1cb22-fbe5-43dd-bba4-11dd60e108aa,5,mw,5,26
3467,83cff052-3ad9-416d-b26e-4797eccc0f10,4,mdn,5,25
3468,9bb07206-a24d-488b-91d9-853f606d5fd4,5,mdn,4,19
3469,c005b690-b142-4d65-85e4-6ae65a48024d,5,mf,4,27
3470,fea9deb6-7320-4e71-8c81-a5529ccdd68c,4,mf,5,23
3471,c4cf804a-7759-4269-8562-c7141d2c18c7,4,ars,3,24
3472,9dafb395-690f-4613-9aed-1761724d82c8,5,ars,3,22
3473,581e0c61-097c-43a1-807a-d1f21bf13e0c,5,mdn,5,28
3474,d1560a24-8c99-4ae8-85f9-c9bf80991ce4,5,ars,4,26
3475,50fe2f3d-7fa4-43b4-b182-6ff9a0371dd4,5,mf,3,25
3476,2ae01d22-116d-44c0-84be-cfad96fb519c,5,ars,5,20
3477,d26cad8a-57db-41ec-9679-d73b30e718dc,5,ars,5,30
3478,a93b4520-48eb-4201-afbf-b8d72d7eb56a,4,tam,5,28
3479,c233c56b-6f1a-4f53-9f27-e39f5220f9d3,5,mdn,5,26
3480,16b89a6a-1ce4-4a2d-b19e-8d37bc7c7c5e,3,mdn,5,21
3481,d59a405f-f8b3-49e9-9ac2-88dc3e6a1e53,3,mdn,5,23
3482,9fd059e2-db33-4855-9374-7ccccc82e66e,4,mdn,5,22
3483,2b9d541b-cc79-4e7a-8aca-958bed3b2c61,5,mf,4,18
3484,921eaf8b-9aee-46c9-8e43-76663964131c,4,mdn,5,21
3485,2ae01d22-116d-44c0-84be-cfad96fb519c,5,mdn,5,20
3486,9347de8d-7c8f-4fe7-bb9d-ccf63c729d89,5,mdn,5,26
3487,64272418-9b0a-406a-8bbe-e115bdbfc718,5,mf,5,25
3488,b5bc6003-dc35-4ca6-b16c-1752ffb0d186,3,ars,4,20
3489,4073acaa-d216-4e04-8729-bfadada4d095,3,mdn,5,20
3490,6ec72b3a-0222-42ca-a3fe-bc17e019a32f,4,mdn,5,24
3491,e490e589-c757-4a79-9fb9-b96dc034c08b,5,mdn,5,22
3492,7f337d29-cfd2-4a03-bbb9-ec6196e1d34d,3,mf,5,30
3493,af8a0613-364e-42b4-903f-c2ea6ed41cea,5,mdn,5,26
3494,9dafb395-690f-4613-9aed-1761724d82c8,3,ars,5,22
3495,20c3a3f4-11c6-43d4-a63d-88f54b3b8096,5,mdn,4,30
3496,b7ba5486-611f-4ead-9e37-51de7d6961bb,5,mdn,5,30
3497,d1560a24-8c99-4ae8-85f9-c9bf80991ce4,5,mdn,5,26
3498,b8617d9b-d83b-4256-a87a-6edeaaedc6ba,5,ars,4,24
3499,2d289025-ff1e-4ba7-a201-6b6053e593e8,5,ars,4,21
3500,50fe2f3d-7fa4-43b4-b182-6ff9a0371dd4,5,mdn,5,25
3501,e0c2a19b-d844-4f21-887c-a90f7c9b4346,5,ars,4,28
3502,b52aa66d-49b6-4823-b15d-19817ab072ab,5,ars,5,24
3503,6b544598-bc17-4e6f-9cd4-987f46c83902,5,mdn,5,19
3504,c16dd75d-767f-4f05-a3cf-e3207ecb51a4,5,mf,3,19
3505,2b7f0ba7-166f-43e5-9c60-056b72b479a4,4,mdn,5,27
3506,e6167931-7dcd-40cb-a065-3804a08ae841,3,ars,5,30
3507,64f2a8ab-33f5-42c6-9ba5-54e65b6b5af4,5,mf,5,30
3508,e33fe1f5-796c-4c1d-84c4-32eb396f9837,4,ars,5,24
3509,ae0bc742-9002-4ac9-b183-a2041b84bc8b,4,mf,5,28
3510,d26cad8a-57db-41ec-9679-d73b30e718dc,5,mw,3,30
3511,9272dcff-3d6f-401f-9f68-7c06df177b96,4,ars,5,20
3512,5e6e310e-6abc-4e1a-b8e6-75b0a5b991b2,3,mdn,5,28
3513,3e262f96-1a3a-4620-a5cb-26350e9ead3e,5,ars,5,22
3514,c1843817-41a0-4488-9c7a-5a537f4659b5,5,mdn,4,29
3515,3715dae0-d872-499f-8f0c-fabf940e2bc0,3,ars,5,25
3516,802f27c7-ea1a-4e42-97b3-8174f236e379,4,mf,5,29
3517,18d72f16-5e3b-4cdd-ac63-6847f84789e2,5,mf,5,25
3518,558a3ec4-7fbc-40e7-9553-f8cff87516c7,5,ars,5,29
3519,1fb37a6e-bfb4-48da-b71f-d813fb59ef1c,5,ars,4,30
3520,11b7094b-b88a-4478-b067-09000dfe4062,4,mf,5,25
3521,80b41e1b-5190-447f-b409-c16b01162cf0,5,ars,5,22
3522,da0a8407-c3fa-42bc-bd2b-23e1c7cde8a9,5,mw,4,30
3523,0f1a02d0-badb-422e-a97f-76df0e23f581,3,mf,3,26
3524,71dfef48-bb94-46ba-9eb5-66c917e928c7,5,mf,4,18
3525,ed2064be-7d40-4f59-9e7d-d7e7dd54b118,5,ars,5,28
3526,e6574fcd-b5fd-40b8-b94a-e3fdf1c887b6,5,mdn,5,24
3527,17f173bf-52a2-4042-80ee-6d30d0217f4c,5,mdn,5,20
3528,0aa927af-2e14-47b5-bb75-c1c700b13262,4,ars,4,25
3529,8836f623-a6e4-442f-aa50-99c436187488,5,mdn,4,24
3530,f63a1efa-33c6-40c7-8688-ef9d34466284,3,mw,5,24
3531,f63a1efa-33c6-40c7-8688-ef9d34466284,3,ars,5,24
3532,6f680a58-6e7f-4b24-ab2a-8f615cd14a21,5,mf,5,27
3533,d5fbe51e-866a-4bc6-acd4-65604d50f3e6,5,mdn,4,22
3534,223e96b7-dfbe-442b-9b28-7fef065a6044,5,mf,3,19
3535,4c618e0b-e52e-4b54-98ca-542b28fe4432,4,ars,4,18
3536,0e321c7e-d2cf-4699-aa74-9544ab8f2090,5,ars,5,26
3537,ec3f623a-65f2-4b0d-937b-d0d1c4325976,5,mdn,3,30
3538,5cb0e54b-ec8d-46d8-8d81-eaa3e0687114,4,mfmw,5,18
3539,5805dec2-b9a9-4314-9e19-729737c7a6c6,4,mdn,4,21
3540,dac33426-3c77-4e9c-807c-3ecdc261339f,4,ars,5,20
3541,eb90a88d-20c0-4c51-98f1-a67bc873c84d,4,mf,5,20
3542,9a72950d-597c-4488-8d80-702130f485ee,5,mdn,5,23
3543,9fdd2e9f-bbb9-4c36-ad62-91b8914dd0ea,5,mdn,3,25
3544,ebcfc29b-0f9a-4a12-88c4-66d907cc65c9,4,mdn,5,18
3545,1f4653ef-22c9-4df4-acae-3ce6dcf43075,5,mdn,5,26
3546,7f337d29-cfd2-4a03-bbb9-ec6196e1d34d,5,ars,5,30
3547,48a6d994-4f5b-468f-a96b-9ebe47e8e279,4,mf,3,18
3548,60a29855-f1ba-4d16-a0e5-45fdc18d8780,5,mdn,5,28
3549,bf94eb8d-5d4f-43d3-9528-ff5ef9009951,4,mfars,4,24
3550,22573f4b-b316-4b08-8b75-d05541ea7fcd,4,mf,5,25
3551,0a986dd7-a658-40a9-9d1b-d3074e036e35,4,ars,5,30
3552,f443f8f7-c1f8-4b45-a91c-5a994f4c0ef6,5,ars,5,20
3553,23205395-678b-4b55-a150-3fc8227c3a18,5,mdn,5,29
3554,2f773992-bd33-499d-b4d8-9de663d61d09,4,mw,5,18
3555,202f45d7-fcef-4cc2-8278-6cd8e89d01cd,5,mw,5,19
3556,16b89a6a-1ce4-4a2d-b19e-8d37bc7c7c5e,5,ars,5,21
3557,9054ffc8-9df3-4b73-a700-17b228a19cba,5,ars,5,29
3558,4e5e83e4-af3a-4513-ae2d-281f7991fdb7,5,ars,5,25
3559,bd3fa596-ba3b-4756-90a8-164d551c2b98,5,mf,4,19
3560,573f0cfc-29ec-4c96-b6fa-c4b9c5746ccf,5,mdn,5,28
3561,78cb70fb-cca0-4d6b-83e3-0ca440be5174,5,ars,4,27
3562,0e354232-854f-43ec-944d-b120245eea4d,4,ars,3,21
3563,a51ce71d-9acf-4e2f-b3bb-2d456a3de7ec,5,mf,4,22
3564,14d84dec-8ae5-46d1-aebd-b3aa52f097ff,4,mw,5,30
3565,59ad52ab-0325-4f71-bbf8-6d0eabc630ad,4,mdn,5,30
3566,8c45b709-a6d6-49b8-b996-e76dc0934213,3,ars,5,23
3567,709c8608-6cac-4147-9d6e-e8152ce6340c,5,ars,5,24
3568,d5fbe51e-866a-4bc6-acd4-65604d50f3e6,5,mf,5,22
3569,455e0529-272b-4550-95d5-a0bdb835ca9f,5,mdn,5,23
3570,357bbbdb-8186-4709-a792-2b49f743fad2,4,mw,5,18
3571,f6a23d22-7609-4675-b15a-07e2ac92d770,4,mw,4,27
3572,7428131a-f272-433f-b7ae-725af2ab628d,4,mdn,5,29
3573,b50df7ff-04f6-45b6-b3fd-0d96d4fbcd61,5,ars,5,18
3574,d057bbf9-c5fa-420a-9bb9-1f6322853d1c,3,mf,4,27
3575,789b8d4b-a8d0-430d-9fd4-29d445b2f6f2,5,ars,5,29
3576,18ef96e8-9a73-4678-8c6c-772ce127d7f9,4,mdn,5,30
3577,9a72950d-597c-4488-8d80-702130f485ee,4,mdn,3,23
3578,dfc7c753-24c4-4193-ae2b-2ee1af876a13,5,ars,5,30
3579,fb0fdb0e-a962-4fa1-8447-b5f52235ffe8,5,mdn,5,20
3580,b07938ae-0ab3-44a5-9009-465521064ed4,5,mdn,5,18
3581,f96dc1f6-d3a8-4cf6-a3ab-6a1182d41edd,5,mdn,5,23
3582,9c2aadbd-036d-45e6-b130-7f3d98892dba,5,mdn,5,20
3583,47ab6a24-9a36-4af9-b4a4-651bfa037130,4,mdn,4,19
3584,c1133665-1bdf-4e34-ad54-083732118089,4,mdn,5,18
3585,9b6d950a-d667-4f0b-ac67-0d810b2feff6,5,ars,5,22
3586,95914d89-1f22-4630-8d62-91f2d8d0ed88,5,mdn,5,19
3587,fcf4ee65-4267-4b08-bb3d-1860d83cb6e0,5,ars,4,29
3588,2a205037-8c86-4372-a92d-d81ee9b38025,3,mf,5,21
3589,1b06ccbe-4819-4c66-9629-77abef688416,5,mw,5,25
3590,fea9deb6-7320-4e71-8c81-a5529ccdd68c,5,ars,5,23
3591,77a3f484-80a6-4184-b278-fc2ba7a9bc4d,5,ars,5,24
3592,4c39b0b9-c9d0-45ac-b545-190c3da984fa,5,ars,5,21
3593,1cb0d1bf-328c-48fc-ba36-d238bcf1b7f6,4,mdn,5,22
3594,e42c716f-8970-4881-89c6-3db8a37ccd35,5,ars,5,30
3595,e696ca58-d61a-449b-8aae-30772b7d92e3,3,ars,5,24
3596,fb0fdb0e-a962-4fa1-8447-b5f52235ffe8,5,mdn,4,20
3597,ed2064be-7d40-4f59-9e7d-d7e7dd54b118,4,k,4,28
3598,ff9d3a2b-707a-4274-9447-421946699738,5,ars,5,25
3599,0a986dd7-a658-40a9-9d1b-d3074e036e35,4,ars,5,30
3600,aafce93e-6e5f-46ad-b186-d642d5a456a1,4,mdn,5,30
3601,2f17238b-3151-4596-bd04-d55f4c80a066,4,ars,4,30
3602,747f065e-55d2-47c9-ab2b-c349fcbc001d,5,mw,5,23
3603,a07d4949-be64-47ce-b0d2-c4b3e775404e,5,mdn,5,24
3604,59ad52ab-0325-4f71-bbf8-6d0eabc630ad,5,mdn,3,30
3605,792a10ac-a9bb-45ce-af93-7a2619ef61fe,5,ars,5,30
3606,a76629f6-fe9d-4e32-a4ab-46b9faf116a0,5,ars,5,25
3607,573f0cfc-29ec-4c96-b6fa-c4b9c5746ccf,5,mdn,5,28
3608,e6167931-7dcd-40cb-a065-3804a08ae841,3,mf,5,30
3609,aac4a278-e82f-40cc-9662-861f6b2ac634,4,mf,3,18
3610,921eaf8b-9aee-46c9-8e43-76663964131c,4,ars,4,21
3611,220cc7c6-0cef-413b-af2a-ec2208ceac65,5,mdn,5,20
3612,9a61b41c-a3e3-4ee1-b5d0-fd87681fe92a,3,mfars,5,21
3613,acf94512-66a4-418e-98d7-dfc6c4691d80,5,mdn,3,24
3614,366c8261-243e-4eab-9695-6df81979597a,5,ars,3,18
3615,85c289f3-c492-4b55-91f1-25a199c58832,5,mf,3,25
3616,342ea9ee-c313-48ec-9c3e-d11cc7614f54,4,mdn,5,29
3617,d99430cc-3810-4660-823f-02144b19ea3d,4,mf,5,29
3618,a14d25d1-f7f8-4220-8946-96cf6b19cae9,5,mdn,5,24
3619,8aef2d51-8022-4436-a3a6-8c80ea4e0d91,5,mdn,4,29
3620,48aeea0c-cfef-4b4a-b94f-415455a9d7af,5,ars,4,20
3621,cee38db4-d8fb-4876-affb-408d23f0c5fc,5,mdn,5,20
3622,58326bf0-4f33-4c16-b328-cc206f87d423,5,ars,5,28
3623,ba649e58-8a55-492c-bf39-5d660ebef5c7,5,mdn,4,20
3624,ac687490-2263-42a4-b629-41f9cb808ec3,5,mf,3,28
3625,c1843817-41a0-4488-9c7a-5a537f4659b5,5,ars,4,29
3626,8bad8df3-fd1c-47eb-a830-cd085d8918f1,3,mdn,5,20
3627,0a986dd7-a658-40a9-9d1b-d3074e036e35,5,mw,4,30
3628,ae40a3a5-e900-4cbc-8955-280bd7529d92,5,mdn,5,21
3629,53f8916f-1f81-4fd4-ba7e-b3574e6852eb,5,mf,5,19
3630,49e2e565-049d-4753-871a-2ec2587d386e,4,ars,4,30
3631,fea9deb6-7320-4e71-8c81-a5529ccdd68c,4,mf,5,23
3632,d1560a24-8c99-4ae8-85f9-c9bf80991ce4,5,ars,5,26
3633,84d29b44-26c6-4b05-8a67-31831d35be32,5,mfmw,5,28
3634,640d60da-a441-4460-b386-d9613ee01d28,4,ars,4,29
3635,2f773992-bd33-499d-b4d8-9de663d61d09,5,mw,5,18
3636,87fe0f9e-2ee2-4524-895b-5cb68e7b55ab,3,ars,5,21
3637,d4024ed1-cddb-4e3c-aea5-6616191d699f,5,ars,4,29
3638,0f1a02d0-badb-422e-a97f-76df0e23f581,5,mdn,5,26
3639,ce6e85c5-f384-4d46-b67e-a4ca72252a0a,4,mdn,4,30
3640,eb698920-996b-4bbd-b8a5-7414f307aa42,5,ars,4,21
3641,c7cccd38-9e0f-4c94-acfb-557606e7aadf,3,ars,4,22
3642,cec079b7-5691-4cd0-9092-3b0388c25d4a,5,mdn,5,22
3643,88f20ee0-e749-487f-a908-12f8ab47142b,5,mdn,3,22
3644,651aa3c1-3bba-4b30-9471-e0f7857900f7,5,mw,5,29
3645,c16dd75d-767f-4f05-a3cf-e3207ecb51a4,3,mdn,5,19
3646,1a26488b-6cd0-47ce-a93f-a8b4c8da09e2,4,mf,5,19
3647,ed2064be-7d40-4f59-9e7d-d7e7dd54b118,3,ars,5,28
3648,26180c48-bfbb-4af5-b4ff-6a1aa15b9f84,4,ars,5,28
3649,c44b54b6-297d-4d1f-a5cc-1fbf039d492b,5,mdn,4,27
3650,5febecf8-2d9f-471b-9303-cd8dd0f658af,4,mw,5,28
3651,640d60da-a441-4460-b386-d9613ee01d28,4,ars,5,29
3652,b201d5cd-6e38-4c63-8347-e1dbd89720e9,5,mdn,4,24
3653,a47a4348-5295-48e9-aea3-acb821b95f11,5,mdn,5,23
3654,dfc7c753-24c4-4193-ae2b-2ee1af876a13,5,mf,5,30
3655,2eebf90c-68dc-4631-a827-b59638b7ad52,5,mw,3,26
3656,eb90a88d-20c0-4c51-98f1-a67bc873c84d,5,ars,5,20
3657,a14d25d1-f7f8-4220-8946-96cf6b19cae9,5,mdn,5,24
3658,e696ca58-d61a-449b-8aae-30772b7d92e3,5,mdn,3,24
3659,d057bbf9-c5fa-420a-9bb9-1f6322853d1c,4,ars,5,27
3660,4e5e83e4-af3a-4513-ae2d-281f7991fdb7,5,mdn,5,25
3661,717bbe10-f11f-4197-820a-cc03420e2016,5,ars,5,18
3662,7c032388-80b3-48e9-be91-56bf32f69e9c,5,mdn,5,29
3663,eb698920-996b-4bbd-b8a5-7414f307aa42,5,ars,4,21
3664,40ef5c66-cc76-49a6-851d-1b58fe2953d7,4,mdn,3,29
3665,6e65b841-848c-46e7-a8b3-15ca81055f6a,5,ars,4,26
3666,58326bf0-4f33-4c16-b328-cc206f87d423,5,ars,5,28
3667,9edfb2eb-d613-48d3-bce6-bc81bffc2ac7,3,mw,5,25
3668,94173ad0-5841-4719-9ae3-44e387b19633,5,ars,5,28
3669,5fb096ef-d891-4c20-aabc-80216c7d0ac6,5,tam,5,22
3670,747f065e-55d2-47c9-ab2b-c349fcbc001d,3,ars,4,23
3671,752ccf1a-c3a9-463a-af5a-ee8a0815ddad,5,mf,5,18
3672,ede1c719-13be-432a-958d-e5e220f7b972,5,mdn,5,21
3673,2b7f0ba7-166f-43e5-9c60-056b72b479a4,5,ars,5,27
3674,6682a9bf-56ba-4596-8da7-14e90a00dcd4,5,mdn,5,29
3675,2af566fa-f86c-462b-b3cf-5868069d103e,4,ars,5,21
3676,c34aed25-5a2c-400e-ba87-7168d634e3bd,5,mf,3,30
3677,483a2cf3-98f9-456d-81d9-022710423c23,4,mw,3,24
3678,dac33426-3c77-4e9c-807c-3ecdc261339f,4,ars,5,20
3679,d26cad8a-57db-41ec-9679-d73b30e718dc,3,mdn,5,30
3680,9b6d950a-d667-4f0b-ac67-0d810b2feff6,5,mf,5,22
3681,1b8f176a-44b5-4b9f-b3aa-7fd66e2c5697,4,mdn,5,20
3682,d975480c-d90f-414e-a9e1-b1288c4fbd1c,5,mf,5,28
3683,1de40c3b-877b-48c2-be67-4021b5459754,4,mf,4,22
3684,1b8f176a-44b5-4b9f-b3aa-7fd66e2c5697,5,tam,5,20
3685,717bbe10-f11f-4197-820a-cc03420e2016,5,mdn,5,18
3686,6f9ed042-aee1-4527-9335-284bb7d27521,3,mf,4,29
3687,f9c4d67a-8176-4831-b098-8d866ed2dd52,5,ars,5,20
3688,51c428b4-c4a7-4da8-86e1-1fa640026086,4,ars,4,28
3689,c44794ff-60de-42e8-9ac1-d221a8ab29c0,5,mdn,4,30
3690,58d13a75-2efb-4254-85fa-13bdb2ac2156,4,ars,5,19
3691,9a61b41c-a3e3-4ee1-b5d0-fd87681fe92a,4,mdn,5,21
3692,5fab557d-756e-44e7-8f28-2896570692b2,4,ars,5,30
3693,11a3f0b6-30be-4055-bd52-045a04e860fe,5,mw,5,25
3694,5939bdfb-18e1-40ee-8654-d802e218a33f,5,mdn,4,29
3695,9347de8d-7c8f-4fe7-bb9d-ccf63c729d89,4,mf,4,26
3696,3225e9ea-e884-40bd-a656-818e699d86ec,3,mw,4,25
3697,11a3f0b6-30be-4055-bd52-045a04e860fe,4,mdn,5,25
3698,aafce93e-6e5f-46ad-b186-d642d5a456a1,5,ars,4,30
3699,f9c4d67a-8176-4831-b098-8d866ed2dd52,5,mdn,5,20
3700,8836f623-a6e4-442f-aa50-99c436187488,5,ars,5,24
3701,d5bb291b-06cc-4dec-968a-ce7db7529f77,4,mw,3,28
3702,3ebec66e-6765-4b6b-a97a-c0eb8314e327,4,mdn,5,20
3703,e9877472-82b1-472c-8e62-929561e5e2e7,4,mw,5,30
3704,f0d0484f-f159-4fe0-8ed4-45dd77bc7cff,5,mf,5,22
3705,820fb470-45af-4458-a617-8ea1f9d8915d,4,mdn,5,30
3706,90f03727-0a86-4f64-8828-9b8d6d2a0650,5,mdn,4,28
3707,6f2f152e-fe85-4611-857a-528266761927,5,mdn,5,20
3708,78cb70fb-cca0-4d6b-83e3-0ca440be5174,4,ars,5,27
3709,5d674651-5ef2-4f04-b0fd-1cb744d92488,5,mw,5,18
3710,0abe9114-4d57-4368-9b74-8ff8d5ab22cf,5,ars,3,18
3711,d99430cc-3810-4660-823f-02144b19ea3d,5,mdn,5,29
3712,1cb0d1bf-328c-48fc-ba36-d238bcf1b7f6,5,k,5,22
3713,b166452a-784d-4789-941e-1c7b8b6229f6,5,ars,4,21
3714,fdf2851c-a685-4112-80fc-401747191dc3,5,mdn,5,26
3715,f5d4a203-e308-452c-86e4-9412e871f2e8,5,mf,5,19
3716,5e6e310e-6abc-4e1a-b8e6-75b0a5b991b2,5,mdn,5,28
3717,2eebf90c-68dc-4631-a827-b59638b7ad52,5,ars,4,26
3718,c44b54b6-297d-4d1f-a5cc-1fbf039d492b,5,mw,5,27
3719,e469cc62-5dfe-42a1-be57-e686c98e01c6,4,ars,5,25
3720,c44b54b6-297d-4d1f-a5cc-1fbf039d492b,5,mdn,4,27
3721,53f8916f-1f81-4fd4-ba7e-b3574e6852eb,5,mdn,5,19
3722,7f337d29-cfd2-4a03-bbb9-ec6196e1d34d,4,mdn,4,30
3723,1b8f176a-44b5-4b9f-b3aa-7fd66e2c5697,5,ars,5,20
3724,37ff7521-e05d-4635-8d59-e3c6f852d77d,4,ars,5,23
3725,55284c4b-b914-4e5d-9551-79d8f5b4eb5d,5,k,4,26
3726,a997b75b-15b5-4973-bd5c-0372fd8cb344,3,ars,5,22
3727,f064f333-666c-499f-bfcb-b71607e60de7,3,ars,5,30
3728,c81c0d30-be22-4d14-a328-3760bfd5e023,4,ars,5,20
3729,c005b690-b142-4d65-85e4-6ae65a48024d,5,mdn,5,27
3730,b07938ae-0ab3-44a5-9009-465521064ed4,5,mf,3,18
3731,18ef96e8-9a73-4678-8c6c-772ce127d7f9,4,ars,5,30
3732,23205395-678b-4b55-a150-3fc8227c3a18,5,mf,5,29
3733,d99430cc-3810-4660-823f-02144b19ea3d,4,mdn,3,29
3734,e6167931-7dcd-40cb-a065-3804a08ae841,2,mw,5,30
3735,2f586764-da78-499d-9a41-eafd03844e80,5,mw,4,29
3736,e7cb74f4-ab7a-4555-90a9-a9f5ecb3f9b6,3,mw,5,28
3737,39acfef6-976a-4ca5-a481-e5d887907fad,4,mdn,4,19
3738,7c900363-ac5f-43a0-ae64-d5bb23688d88,4,ars,5,27
3739,bd3c3d70-fe18-477c-bdc3-51c106bd41b5,5,mdn,5,24
3740,c6843a46-7606-45f7-a642-7dfbe9bb61cf,5,ars,3,28
3741,f79501bb-dbe6-4ba4-8439-e4740856c51a,5,ars,4,25
3742,9a72950d-597c-4488-8d80-702130f485ee,4,ars,5,23
3743,c3199038-0991-484e-bfee-899557351e13,5,mdn,5,25
3744,934eaca0-2d10-4419-8175-7812976e2931,4,mf,5,21
3745,b1d1a983-98bc-441f-96bf-b92fd2c78493,5,mw,3,26
3746,11a3f0b6-30be-4055-bd52-045a04e860fe,3,ars,4,25
3747,d1560a24-8c99-4ae8-85f9-c9bf80991ce4,4,ars,5,26
3748,9272dcff-3d6f-401f-9f68-7c06df177b96,5,mf,5,20
3749,0e97a2f7-f21a-4142-b564-eac1d55150cb,3,mw,4,28
3750,6f2f152e-fe85-4611-857a-528266761927,5,mf,5,20
3751,acf94512-66a4-418e-98d7-dfc6c4691d80,5,mdn,4,24
3752,7428131a-f272-433f-b7ae-725af2ab628d,5,mf,5,29
3753,2b46b282-1df9-4423-9625-2c6743a25144,5,mdn,4,25
3754,820fb470-45af-4458-a617-8ea1f9d8915d,5,mdn,5,30
3755,3dea5f61-f356-432f-b831-57df87d6b032,5,ars,5,23
3756,2f17238b-3151-4596-bd04-d55f4c80a066,4,ars,5,30
3757,aafce93e-6e5f-46ad-b186-d642d5a456a1,4,ars,5,30
3758,5939bdfb-18e1-40ee-8654-d802e218a33f,5,mdn,5,29
3759,68808f5c-066f-4afa-b2fa-ae7abe1e6ba5,4,ars,3,19
3760,2d289025-ff1e-4ba7-a201-6b6053e593e8,5,mw,4,21
3761,e7cb74f4-ab7a-4555-90a9-a9f5ecb3f9b6,4,mdn,5,28
3762,23205395-678b-4b55-a150-3fc8227c3a18,5,mdn,3,29
3763,9c190f0c-c070-4a52-946b-462086f30106,4,mf,4,25
3764,ba649e58-8a55-492c-bf39-5d660ebef5c7,5,ars,4,20
3765,91753f65-ede6-4be5-b7a7-9e8b4da7cc42,5,ars,5,21
3766,48aeea0c-cfef-4b4a-b94f-415455a9d7af,5,mdn,3,20
3767,64f2a8ab-33f5-42c6-9ba5-54e65b6b5af4,3,mdn,4,30
3768,f09830ac-90c9-4f96-82d2-30a969c28516,3,mdn,4,23
3769,ae0bc742-9002-4ac9-b183-a2041b84bc8b,4,mdn,4,28
3770,b8711a0e-32ab-47db-aeb9-91be60b918a4,4,mdn,5,18
3771,e696ca58-d61a-449b-8aae-30772b7d92e3,3,mdn,3,24
3772,61dbc7bb-5997-4446-a7eb-5b0cd4ea98db,5,ars,5,24
3773,e33fe1f5-796c-4c1d-84c4-32eb396f9837,5,ars,4,24
3774,8aef2d51-8022-4436-a3a6-8c80ea4e0d91,5,ars,5,29
3775,4afd54fc-f5e7-41c3-beaf-b9b1270a218c,5,mdn,5,28
3776,d1560a24-8c99-4ae8-85f9-c9bf80991ce4,5,ars,5,26
3777,e98d0b49-dc22-4be4-89e6-38ba25d671b3,4,mw,5,21
3778,dfc7c753-24c4-4193-ae2b-2ee1af876a13,5,ars,4,30
3779,9fd059e2-db33-4855-9374-7ccccc82e66e,4,mw,4,22
3780,90f03727-0a86-4f64-8828-9b8d6d2a0650,3,ars,3,28
3781,e11ba41b-805a-4223-afa6-67c773666985,4,mw,5,30
3782,adc0ba52-ad0c-4888-9527-72d7900b42bd,4,mdn,5,26
3783,a76629f6-fe9d-4e32-a4ab-46b9faf116a0,4,mdn,4,25
3784,899d5675-9fe8-4dde-af03-7b62ba95428c,5,mw,4,22
3785,f1242db3-e5af-4813-a6f1-4c9e531776bd,5,ars,4,20
3786,0b5bc2f8-6b6b-4cd8-abdd-7c9350676492,5,j,4,26
3787,fea9deb6-7320-4e71-8c81-a5529ccdd68c,5,mw,5,23
3788,91e4721c-9e62-45f6-874a-878f40489739,4,ars,5,21
3789,38f9af29-497a-49e7-b561-797d2a207cf0,5,ars,5,30
3790,cb05f3e4-515e-4567-9ec2-b3d043b9f1e4,3,mdn,5,22
3791,6f680a58-6e7f-4b24-ab2a-8f615cd14a21,5,mf,3,27
3792,2af566fa-f86c-462b-b3cf-5868069d103e,3,mdn,5,21
3793,b57fcc40-677a-40da-9faa-265af0fca89d,5,mdn,5,19
3794,7fab4381-0d58-4c87-890a-00f892c6b4d3,5,mdn,5,27
3795,23f67700-5b2a-4ebb-a7a6-2b6bd78cea75,4,mdn,5,21
3796,a04fce7c-b286-4d7c-a980-189ed10f7dcb,3,mdn,4,28
3797,ebd78cae-0a5d-43ed-bf3e-b6c496bd4b64,5,mw,5,26
3798,0ef4cecc-887a-460d-b699-659969939b87,3,mdn,4,24
3799,ede1c719-13be-432a-958d-e5e220f7b972,5,mw,5,21
3800,820fb470-45af-4458-a617-8ea1f9d8915d,5,mw,5,30
3801,f10cf3ff-f51e-442d-bee4-d1c0099c264c,4,mdn,4,29
3802,ef4ca2ea-04a0-43cb-b257-87ad0f4d14b0,5,mdn,5,29
3803,689f72f3-8a26-4eb9-abf2-c41108bc5bb6,5,mdn,5,23
3804,a93b4520-48eb-4201-afbf-b8d72d7eb56a,4,mdn,5,28
3805,24e8d7e7-70e0-47f0-835c-f03045861de5,4,mdn,5,25
3806,52a42141-4b24-488f-8631-7ef301b1c14c,5,ars,4,27
3807,ebd78cae-0a5d-43ed-bf3e-b6c496bd4b64,3,ars,4,26
3808,7c032388-80b3-48e9-be91-56bf32f69e9c,5,tam,5,29
3809,e490e589-c757-4a79-9fb9-b96dc034c08b,5,mdn,4,22
3810,65f9bddd-fe54-4b4a-b2fa-8104c5db89c0,5,mdn,5,30
3811,7c032388-80b3-48e9-be91-56bf32f69e9c,4,mdn,5,29
3812,2e276933-00b1-44a5-93f7-8327f3fcca83,4,je,5,25
3813,c393b545-0428-4a31-927b-e603aa307049,5,mdn,4,18
3814,1a26488b-6cd0-47ce-a93f-a8b4c8da09e2,4,ars,5,19
3815,c3199038-0991-484e-bfee-899557351e13,5,mf,5,25
3816,d057bbf9-c5fa-420a-9bb9-1f6322853d1c,5,ars,4,27
3817,9b87a188-a71f-4d7a-bb50-b7fae8022f80,3,ars,5,27
3818,eeebd242-3df2-464c-9aa3-cd5781da8039,3,ars,5,20
3819,2f17238b-3151-4596-bd04-d55f4c80a066,3,mdn,5,30
3820,493c0fa8-bb96-4b13-b9fb-93abb37b65e7,5,mdn,5,29
3821,9e679f83-7105-4a2c-b9d2-82964ea88b4f,5,ars,5,25
3822,a1408643-a549-447c-b867-6886faa00fca,5,mf,5,19
3823,581e0c61-097c-43a1-807a-d1f21bf13e0c,4,mf,3,28
3824,3dea5f61-f356-432f-b831-57df87d6b032,4,ars,3,23
3825,d5bb291b-06cc-4dec-968a-ce7db7529f77,3,ars,3,28
3826,48a6d994-4f5b-468f-a96b-9ebe47e8e279,2,ars,5,18
3827,5febecf8-2d9f-471b-9303-cd8dd0f658af,5,mdn,5,28
3828,1efd7e76-acea-457d-b43c-d2c538c532b2,5,mdn,5,22
3829,207a3175-fda0-43fb-8b30-c257bf055847,4,mdn,5,29
3830,8aef2d51-8022-4436-a3a6-8c80ea4e0d91,5,mdn,5,29
3831,acf94512-66a4-418e-98d7-dfc6c4691d80,5,ars,5,24
3832,c7cccd38-9e0f-4c94-acfb-557606e7aadf,5,mdn,5,22
3833,da651f2b-7264-419b-86f7-c68c199ab2eb,5,k,5,22
3834,ed9b6e30-d898-4452-97e1-ccbcff4a27bb,5,mdn,3,18
3835,5d6539ff-441b-46cc-af23-5b77ff05230e,5,ars,5,25
3836,6be004f0-b701-4daa-b7e2-312b56f97129,5,ars,3,23
3837,3aa83f6f-e363-4f12-9770-8902a51fbfbc,4,ars,5,27
3838,55284c4b-b914-4e5d-9551-79d8f5b4eb5d,5,ars,5,26
3839,dd17fd3c-6723-465c-8b53-ce5998b51003,5,ars,5,20
3840,ac1781e0-796b-4d94-a324-680e348fe2cb,3,ars,4,22
3841,3ebec66e-6765-4b6b-a97a-c0eb8314e327,4,tam,5,20
3842,49e2e565-049d-4753-871a-2ec2587d386e,5,ars,5,30
3843,65f9bddd-fe54-4b4a-b2fa-8104c5db89c0,3,ars,5,30
3844,375b7df7-16cd-4376-965f-52dc0c4f3eb3,5,ars,5,23
3845,1105bd82-4df4-4116-be5a-0fc3f7506907,5,ars,4,18
3846,aa994a1c-055e-4751-b4cf-ddc08d3a5f8c,4,mdn,5,18
3847,d056ef76-a2d5-4e81-9a82-0a5190a878e8,4,mf,5,28
3848,4afd54fc-f5e7-41c3-beaf-b9b1270a218c,5,je,5,28
3849,77a3f484-80a6-4184-b278-fc2ba7a9bc4d,5,mdn,4,24
3850,6182a456-4de8-43e2-b54f-5836017a532d,5,ars,5,19
3851,0c2d68f2-4d17-4dab-b9a1-d0bdf4e10ce4,5,ars,5,22
3852,f0d0484f-f159-4fe0-8ed4-45dd77bc7cff,5,mf,4,22
3853,84d29b44-26c6-4b05-8a67-31831d35be32,4,ars,5,28
3854,eeebd242-3df2-464c-9aa3-cd5781da8039,4,mdn,5,20
3855,fefb10d9-4247-4d30-b89d-9efd8c703bf1,5,ars,4,23
3856,6cfc3694-9d16-4d0e-be7d-e717b3e39ea9,5,ars,5,19
3857,6e83b88a-84c4-4f8a-8fa9-9ff48e48fa49,5,mfarsmdn,5,24
3858,6b792bd6-6f66-4692-b446-832cc13edc39,5,mf,5,25
3859,58d13a75-2efb-4254-85fa-13bdb2ac2156,4,mf,4,19
3860,6f9ed042-aee1-4527-9335-284bb7d27521,5,ars,4,29
3861,8e3026d2-a977-4221-a6cc-c30fd3590962,5,ars,5,30
3862,7aaf2ee9-a6f9-4256-8f6b-742a0ee1ac2e,5,mf,4,26
3863,86677349-04ed-425a-b521-0389359ed54e,4,ars,4,25
3864,be5ec881-1245-4f55-9f25-8f76599294aa,4,ars,5,24
3865,be5ec881-1245-4f55-9f25-8f76599294aa,5,mdn,5,24
3866,444bb96e-33b5-408b-8f36-792f40a9e402,4,mdn,5,20
3867,f09830ac-90c9-4f96-82d2-30a969c28516,5,ars,5,23
3868,51c428b4-c4a7-4da8-86e1-1fa640026086,4,ars,5,28
3869,0ee3780f-36f5-4ce7-af65-420a0d0b528c,4,ars,4,27
3870,1b8f176a-44b5-4b9f-b3aa-7fd66e2c5697,5,ars,5,20
3871,444bb96e-33b5-408b-8f36-792f40a9e402,5,mdn,3,20
3872,85c289f3-c492-4b55-91f1-25a199c58832,5,mdn,4,25
3873,2c7871c7-4bd5-43a8-aa2c-3c65fc33736c,5,mdn,4,26
3874,ceb7a529-86be-4dc4-b116-38797aabd2dd,5,ars,5,29
3875,a07d4949-be64-47ce-b0d2-c4b3e775404e,5,mdn,5,24
3876,8bad8df3-fd1c-47eb-a830-cd085d8918f1,4,mf,5,20
3877,16b89a6a-1ce4-4a2d-b19e-8d37bc7c7c5e,3,mw,4,21
3878,7a0157cb-c6fc-4ec5-873e-fafdddf66174,5,j,5,20
3879,0d81df22-243d-48a5-829e-9b4954d5cd5b,5,ars,5,20
3880,e33fe1f5-796c-4c1d-84c4-32eb396f9837,3,mf,5,24
3881,dda13a7f-e01e-4084-b353-9a7870744ff1,5,mw,5,26
3882,1699c2dd-b2b5-4756-bc87-a4b933c25c01,5,ars,4,29
3883,23f67700-5b2a-4ebb-a7a6-2b6bd78cea75,4,ars,5,21
3884,2b46b282-1df9-4423-9625-2c6743a25144,5,mw,5,25
3885,40c6a39c-67fc-4202-b18e-ef0e0185bdd3,4,k,5,23
3886,a5a4ee5b-8385-4dfb-9185-a1deb1531cdb,5,mdn,4,28
3887,acf94512-66a4-418e-98d7-dfc6c4691d80,4,mdn,5,24
3888,de26149b-380f-42c9-bdc1-a8584f2c5233,4,k,5,29
3889,93cc8629-4757-4a91-acbe-cb586e385c66,4,mw,3,18
3890,558a3ec4-7fbc-40e7-9553-f8cff87516c7,4,mdn,4,29
3891,cee74a0a-0b19-443e-93ff-152112089c51,3,ars,5,24
3892,8d2d94c5-8114-4962-a74e-d3f9ce3f36f5,5,mf,5,18
3893,dd17fd3c-6723-465c-8b53-ce5998b51003,5,ars,4,20
3894,23f67700-5b2a-4ebb-a7a6-2b6bd78cea75,5,mw,5,21
3895,7fab4381-0d58-4c87-890a-00f892c6b4d3,3,ars,5,27
3896,0a986dd7-a658-40a9-9d1b-d3074e036e35,5,ars,3,30
3897,6e77a16f-1fc0-43a6-bf10-ef592e2084ea,5,mdn,5,28
3898,3d0ea613-5462-4785-91d0-04f2331473f5,5,ars,5,19
3899,b57fcc40-677a-40da-9faa-265af0fca89d,4,mdn,5,19
3900,18ef96e8-9a73-4678-8c6c-772ce127d7f9,4,mdn,5,30
3901,83cff052-3ad9-416d-b26e-4797eccc0f10,5,mf,3,25
3902,52a42141-4b24-488f-8631-7ef301b1c14c,4,ars,3,27
3903,b8617d9b-d83b-4256-a87a-6edeaaedc6ba,4,mdn,4,24
3904,3225e9ea-e884-40bd-a656-818e699d86ec,4,mdn,4,25
3905,2b9d541b-cc79-4e7a-8aca-958bed3b2c61,5,mdn,4,18
3906,4ac5d5c7-fcf8-4d13-8384-5e452e3c04af,4,ars,4,28
3907,0e97a2f7-f21a-4142-b564-eac1d55150cb,5,ars,4,28
3908,a2b117e7-ab57-476e-831c-33f7ceb1aa35,4,ars,5,29
3909,c34aed25-5a2c-400e-ba87-7168d634e3bd,4,ars,5,30
3910,640d60da-a441-4460-b386-d9613ee01d28,5,mdn,5,29
3911,cbce132e-cb8f-4aac-a1c1-a776704aebef,5,mw,4,27
3912,be5ec881-1245-4f55-9f25-8f76599294aa,4,mdn,3,24
3913,b8b1fa86-8f82-4898-a242-72dfdcfc0b75,5,k,5,25
3914,9493905e-b65c-40ce-b799-c350ed3e1f18,5,mdn,5,23
3915,52a42141-4b24-488f-8631-7ef301b1c14c,5,je,3,27
3916,ebcfc29b-0f9a-4a12-88c4-66d907cc65c9,4,ars,5,18
3917,f6a23d22-7609-4675-b15a-07e2ac92d770,4,mdn,5,27
3918,7828cf51-b3a0-48db-8231-70513625208a,5,mf,5,18
3919,0e321c7e-d2cf-4699-aa74-9544ab8f2090,4,k,5,26
3920,34099491-cba6-4b79-9c62-38e83f1cf9db,5,mf,5,22
3921,41c2499e-4649-4cd4-8476-d435c6166c58,5,mdn,5,22
3922,e62e4b0c-e929-48f4-ad21-f172df57e747,5,mdn,5,23
3923,ca5c06a4-b01e-4e89-b6e0-507d13da74e9,5,mdn,5,27
3924,c1843817-41a0-4488-9c7a-5a537f4659b5,5,mfmw,3,29
3925,7428131a-f272-433f-b7ae-725af2ab628d,5,ars,4,29
3926,d1f141a2-1152-4522-ac13-eb572de63737,4,je,5,23
3927,b8d47eb3-c03a-46ae-9ccb-29bb9f61162b,5,ars,4,30
3928,7fab4381-0d58-4c87-890a-00f892c6b4d3,5,ars,3,27
3929,6b792bd6-6f66-4692-b446-832cc13edc39,3,mdn,5,25
3930,a93b4520-48eb-4201-afbf-b8d72d7eb56a,5,ars,4,28
3931,e59739bb-d66f-479b-92f8-1a526fb5a428,3,ars,4,22
3932,79ce6eb0-d1d0-42fe-b157-1bb64abf5596,5,ars,5,23
3933,0abe9114-4d57-4368-9b74-8ff8d5ab22cf,5,k,5,18
3934,a76629f6-fe9d-4e32-a4ab-46b9faf116a0,5,mdn,5,25
3935,b201d5cd-6e38-4c63-8347-e1dbd89720e9,4,k,3,24
3936,6f9ed042-aee1-4527-9335-284bb7d27521,5,mw,4,29
3937,fcf4ee65-4267-4b08-bb3d-1860d83cb6e0,5,je,5,29
3938,5e6e310e-6abc-4e1a-b8e6-75b0a5b991b2,3,mdn,5,28
3939,483a2cf3-98f9-456d-81d9-022710423c23,3,ars,5,24
3940,689f72f3-8a26-4eb9-abf2-c41108bc5bb6,5,ars,5,23
3941,2a205037-8c86-4372-a92d-d81ee9b38025,5,mf,5,21
3942,273a109b-52b8-4925-8536-22ceb3b716dc,5,mf,3,30
3943,f443f8f7-c1f8-4b45-a91c-5a994f4c0ef6,5,ars,5,20
3944,59ad52ab-0325-4f71-bbf8-6d0eabc630ad,5,mw,5,30
3945,85c289f3-c492-4b55-91f1-25a199c58832,5,ars,4,25
3946,e70f6ce4-4606-4a3d-a5cb-3c22ac67b4ea,5,-,5,18
3947,752ccf1a-c3a9-463a-af5a-ee8a0815ddad,4,mf,3,18
3948,e59739bb-d66f-479b-92f8-1a526fb5a428,3,ars,5,22
3949,ddd0d578-3230-498c-9471-c90132d0399a,5,ars,4,18
3950,48aeea0c-cfef-4b4a-b94f-415455a9d7af,5,mdn,4,20
3951,48a6d994-4f5b-468f-a96b-9ebe47e8e279,4,mdn,5,18
3952,6cfc3694-9d16-4d0e-be7d-e717b3e39ea9,5,mdn,3,19
3953,e04076e5-3fab-4e6b-9f79-38c54336e47b,5,ars,3,20
3954,65f9bddd-fe54-4b4a-b2fa-8104c5db89c0,5,ars,4,30
3955,9493905e-b65c-40ce-b799-c350ed3e1f18,5,mdn,4,23
3956,5939bdfb-18e1-40ee-8654-d802e218a33f,4,mf,4,29
3957,eb5ab705-64b5-4824-80b1-748c0c01560b,5,mf,5,30
3958,e59739bb-d66f-479b-92f8-1a526fb5a428,3,ars,4,22
3959,39acfef6-976a-4ca5-a481-e5d887907fad,5,mfarsmdn,5,19
3960,f05a9269-3068-486a-b87d-fda9d757275c,5,fg,4,28
3961,c16dd75d-767f-4f05-a3cf-e3207ecb51a4,4,ars,5,19
3962,d9196f86-a4c4-48aa-89e6-1f61947b8201,4,ars,5,24
3963,aa994a1c-055e-4751-b4cf-ddc08d3a5f8c,5,mw,4,18
3964,ceb7a529-86be-4dc4-b116-38797aabd2dd,5,ars,5,29
3965,73b6df25-7321-4250-8a5d-2d58573b14ec,5,mf,4,24
3966,2b46b282-1df9-4423-9625-2c6743a25144,4,mdn,5,25
3967,f09830ac-90c9-4f96-82d2-30a969c28516,5,mw,5,23
3968,1fb37a6e-bfb4-48da-b71f-d813fb59ef1c,5,mdn,5,30
3969,493c0fa8-bb96-4b13-b9fb-93abb37b65e7,4,mw,4,29
3970,220cc7c6-0cef-413b-af2a-ec2208ceac65,4,mdn,3,20
3971,c4cf804a-7759-4269-8562-c7141d2c18c7,5,ars,5,24
3972,16b89a6a-1ce4-4a2d-b19e-8d37bc7c7c5e,5,mdn,3,21
3973,a76629f6-fe9d-4e32-a4ab-46b9faf116a0,5,mf,3,25
3974,5cb0e54b-ec8d-46d8-8d81-eaa3e0687114,4,ars,4,18
3975,5939bdfb-18e1-40ee-8654-d802e218a33f,4,ars,5,29
3976,d975480c-d90f-414e-a9e1-b1288c4fbd1c,5,ars,4,28
3977,493c0fa8-bb96-4b13-b9fb-93abb37b65e7,5,mf,4,29
3978,e33fe1f5-796c-4c1d-84c4-32eb396f9837,3,mdn,5,24
3979,3225e9ea-e884-40bd-a656-818e699d86ec,4,mdn,5,25
3980,640d60da-a441-4460-b386-d9613ee01d28,5,mf,5,29
3981,0e321c7e-d2cf-4699-aa74-9544ab8f2090,5,ars,4,26
3982,ed2064be-7d40-4f59-9e7d-d7e7dd54b118,5,mdn,4,28
3983,c7bf0ed5-820e-4544-920d-c50b944dec2c,5,mw,5,26
3984,0d81df22-243d-48a5-829e-9b4954d5cd5b,5,ars,4,20
3985,aac4a278-e82f-40cc-9662-861f6b2ac634,5,mdn,4,18
3986,e696ca58-d61a-449b-8aae-30772b7d92e3,4,mf,5,24
3987,85c289f3-c492-4b55-91f1-25a199c58832,4,mdn,3,25
3988,b8d47eb3-c03a-46ae-9ccb-29bb9f61162b,3,fg,5,30
3989,18d72f16-5e3b-4cdd-ac63-6847f84789e2,5,ars,5,25
3990,b08e0cea-9237-4a5a-87d6-3f72a313ae3f,5,je,4,29
3991,0e58e77d-a18e-44d2-9fb8-522685cc2b76,3,mdn,5,21
3992,37ff7521-e05d-4635-8d59-e3c6f852d77d,5,mdn,3,23
3993,0e354232-854f-43ec-944d-b120245eea4d,5,mdn,5,21
3994,9c190f0c-c070-4a52-946b-462086f30106,5,mdn,3,25
3995,7fab4381-0d58-4c87-890a-00f892c6b4d3,5,mdn,5,27
3996,f2359723-11a9-4415-8278-4adb624d9e6b,4,mdn,5,29
3997,ff9d3a2b-707a-4274-9447-421946699738,5,ars,5,25
3998,2384d785-bbf8-4c79-be46-5e56d3e5feee,5,mdn,4,19
3999,2f17238b-3151-4596-bd04-d55f4c80a066,3,ars,4,30
4000,3715dae0-d872-499f-8f0c-fabf940e2bc0,4,mdn,4,25
4001,ce6e85c5-f384-4d46-b67e-a4ca72252a0a,5,ars,5,30
4002,ff9d3a2b-707a-4274-9447-421946699738,5,ars,5,25
4003,c1843817-41a0-4488-9c7a-5a537f4659b5,5,-,3,29
4004,e7cb74f4-ab7a-4555-90a9-a9f5ecb3f9b6,4,ars,5,28
4005,f96dc1f6-d3a8-4cf6-a3ab-6a1182d41edd,5,je,3,23
4006,80b41e1b-5190-447f-b409-c16b01162cf0,5,mdn,5,22
4007,78cb70fb-cca0-4d6b-83e3-0ca440be5174,5,ars,5,27
4008,3c24d078-c8f8-4f83-ab59-6d25c5b84bc2,5,je,5,30
4009,aafce93e-6e5f-46ad-b186-d642d5a456a1,5,mdn,5,30
4010,b8711a0e-32ab-47db-aeb9-91be60b918a4,5,ars,5,18
4011,eeebd242-3df2-464c-9aa3-cd5781da8039,3,ars,5,20
4012,a50dc3c0-5a19-4025-83eb-5812671c9480,5,mdn,5,20
4013,a2b117e7-ab57-476e-831c-33f7ceb1aa35,5,mf,5,29
4014,b1d1a983-98bc-441f-96bf-b92fd2c78493,5,mf,5,26
4015,9493905e-b65c-40ce-b799-c350ed3e1f18,5,mdn,5,23
4016,88c6509b-cbe2-47c6-ad02-97c92e300c48,4,mdn,5,30
4017,b07938ae-0ab3-44a5-9009-465521064ed4,5,mf,4,18
4018,df68b52d-88f5-4b15-9731-39301acac35b,5,ars,5,24
4019,a2b117e7-ab57-476e-831c-33f7ceb1aa35,5,ars,3,29
4020,752ccf1a-c3a9-463a-af5a-ee8a0815ddad,5,ars,5,18
4021,e9877472-82b1-472c-8e62-929561e5e2e7,4,ars,2,30
4022,af410c09-749d-4f0b-bdb1-f3d0e42a2b0f,5,ars,5,19
4023,39acfef6-976a-4ca5-a481-e5d887907fad,5,mdn,5,19
4024,f5d4a203-e308-452c-86e4-9412e871f2e8,4,ars,4,19
4025,fe2ef5d1-e5b0-4c59-b553-8a14aa6485fd,3,mdn,5,28
4026,789b8d4b-a8d0-430d-9fd4-29d445b2f6f2,5,k,5,29
4027,28c21980-3720-4511-bec7-cc2e6275750a,5,mdn,5,28
4028,fcf4ee65-4267-4b08-bb3d-1860d83cb6e0,5,mdn,3,29
4029,7828cf51-b3a0-48db-8231-70513625208a,4,mf,5,18
4030,78cb70fb-cca0-4d6b-83e3-0ca440be5174,5,mdn,5,27
4031,ff9d3a2b-707a-4274-9447-421946699738,3,mdn,3,25
4032,651aa3c1-3bba-4b30-9471-e0f7857900f7,4,mdn,3,29
4033,558a3ec4-7fbc-40e7-9553-f8cff87516c7,4,mdn,5,29
4034,1b8f176a-44b5-4b9f-b3aa-7fd66e2c5697,4,ars,3,20
4035,6b792bd6-6f66-4692-b446-832cc13edc39,4,ars,5,25
4036,0d5f41b7-3ab8-478c-836a-767823fd4c82,5,mw,5,28
4037,da0a8407-c3fa-42bc-bd2b-23e1c7cde8a9,3,ars,5,30
4038,2f773992-bd33-499d-b4d8-9de663d61d09,5,mf,5,18
4039,59ad52ab-0325-4f71-bbf8-6d0eabc630ad,4,mdn,3,30
4040,0b5bc2f8-6b6b-4cd8-abdd-7c9350676492,3,mdn,5,26
4041,fb0fdb0e-a962-4fa1-8447-b5f52235ffe8,5,mdn,5,20
4042,e42c716f-8970-4881-89c6-3db8a37ccd35,5,mdn,4,30
4043,9a61b41c-a3e3-4ee1-b5d0-fd87681fe92a,5,ars,5,21
4044,37801059-5d8a-4bb8-ac44-c92f83dbfa3a,5,ars,5,19
4045,3957973a-682a-4959-b576-9a085c8a44ae,3,mdn,5,28
4046,5939bdfb-18e1-40ee-8654-d802e218a33f,3,mdn,5,29
4047,9c2aadbd-036d-45e6-b130-7f3d98892dba,3,mdn,4,20
4048,f6c33008-5144-41d8-b2a5-a570e9f1561b,4,ars,5,21
4049,f8a5ac4a-6f9a-4356-a9d7-142b91a4c9a4,5,j,3,21
4050,91e4721c-9e62-45f6-874a-878f40489739,5,mw,5,21
4051,e0c2a19b-d844-4f21-887c-a90f7c9b4346,5,mdn,4,28
4052,bd3c3d70-fe18-477c-bdc3-51c106bd41b5,5,mdn,4,24
4053,84d29b44-26c6-4b05-8a67-31831d35be32,5,ars,3,28
4054,ae0bc742-9002-4ac9-b183-a2041b84bc8b,5,mdn,5,28
4055,f09830ac-90c9-4f96-82d2-30a969c28516,5,ars,5,23
4056,216de2aa-e0bf-41b4-92da-3ad50ab2af5e,5,-,5,22
4057,752ccf1a-c3a9-463a-af5a-ee8a0815ddad,5,mdn,4,18
4058,d056ef76-a2d5-4e81-9a82-0a5190a878e8,3,k,3,28
4059,c3199038-0991-484e-bfee-899557351e13,5,mw,5,25
4060,a9bdcbf6-4345-477c-a7a8-a7a09b29bd64,5,mw,5,19
4061,cee38db4-d8fb-4876-affb-408d23f0c5fc,5,ars,4,20
4062,c34aed25-5a2c-400e-ba87-7168d634e3bd,3,mdn,5,30
4063,a4272ae2-4e7e-4252-a49a-10445c387bc6,4,ars,5,29
4064,b201d5cd-6e38-4c63-8347-e1dbd89720e9,4,k,5,24
4065,a2509b39-af24-4703-842f-27c2dcd12475,4,mdn,5,29
4066,3225e9ea-e884-40bd-a656-818e699d86ec,5,ars,5,25
4067,88f20ee0-e749-487f-a908-12f8ab47142b,5,mdn,4,22
4068,640d60da-a441-4460-b386-d9613ee01d28,5,mfars,5,29
4069,709c8608-6cac-4147-9d6e-e8152ce6340c,4,ars,5,24
4070,d9196f86-a4c4-48aa-89e6-1f61947b8201,3,mdn,5,24
4071,6e1d86b6-1249-4c44-a984-f1ea046d19b8,4,mdn,4,19
4072,7f337d29-cfd2-4a03-bbb9-ec6196e1d34d,5,mdn,5,30
4073,fe2ef5d1-e5b0-4c59-b553-8a14aa6485fd,4,mdn,5,28
4074,792a10ac-a9bb-45ce-af93-7a2619ef61fe,5,mdn,5,30
4075,f2359723-11a9-4415-8278-4adb624d9e6b,4,ars,4,29
4076,28c21980-3720-4511-bec7-cc2e6275750a,5,k,5,28
4077,789055e5-3d0a-423a-bd82-c9fcfdf03bac,4,mf,3,30
4078,752ccf1a-c3a9-463a-af5a-ee8a0815ddad,5,k,5,18
4079,5cb0e54b-ec8d-46d8-8d81-eaa3e0687114,4,ars,5,18
4080,b201d5cd-6e38-4c63-8347-e1dbd89720e9,4,mf,5,24
4081,e04076e5-3fab-4e6b-9f79-38c54336e47b,5,mdn,5,20
4082,8aef2d51-8022-4436-a3a6-8c80ea4e0d91,4,mf,4,29
4083,aa994a1c-055e-4751-b4cf-ddc08d3a5f8c,5,mdn,5,18
4084,0a986dd7-a658-40a9-9d1b-d3074e036e35,5,mdn,5,30
4085,6be004f0-b701-4daa-b7e2-312b56f97129,5,mw,5,23
4086,820fb470-45af-4458-a617-8ea1f9d8915d,3,ars,5,30
4087,3418969d-5c13-46ee-8df0-794019e7a64f,4,ars,4,30
4088,9c190f0c-c070-4a52-946b-462086f30106,3,ars,2,25
4089,be4db01d-a7c7-4918-93df-7014dc077733,4,mdn,5,22
4090,0e97a2f7-f21a-4142-b564-eac1d55150cb,5,mdn,5,28
4091,23205395-678b-4b55-a150-3fc8227c3a18,5,mdn,4,29
4092,747f065e-55d2-47c9-ab2b-c349fcbc001d,5,ars,5,23
4093,11a3f0b6-30be-4055-bd52-045a04e860fe,5,ars,5,25
4094,b8d47eb3-c03a-46ae-9ccb-29bb9f61162b,5,mdn,5,30
4095,85c289f3-c492-4b55-91f1-25a199c58832,3,mdn,3,25
4096,50bc13c3-0c72-4cab-a0af-b1569c6608e6,5,k,5,30
4097,6ec72b3a-0222-42ca-a3fe-bc17e019a32f,4,mf,4,24
4098,d5b84e64-0316-493b-9d2d-3d5a49490e9c,5,ars,5,21
4099,bd3fa596-ba3b-4756-90a8-164d551c2b98,5,mf,4,19
4100,e9b443df-a15c-4c9f-b225-c44096cdcb9e,4,k,4,19
4101,c43a7404-eeeb-4714-9bc9-598b448da6f9,5,ars,5,30
4102,f6c33008-5144-41d8-b2a5-a570e9f1561b,4,ars,4,21
4103,cee74a0a-0b19-443e-93ff-152112089c51,5,mdn,4,24
4104,a47a4348-5295-48e9-aea3-acb821b95f11,5,mdn,3,23
4105,a07d4949-be64-47ce-b0d2-c4b3e775404e,5,ars,3,24
4106,daba59b7-3cb9-4533-b8a8-9e0562490dd2,5,ars,5,23
4107,8905a79c-4956-4918-b85f-f194e57c2e62,5,mf,5,24
4108,efee5412-be59-448d-9f6e-9a7dcf201113,5,ars,5,29
4109,455e0529-272b-4550-95d5-a0bdb835ca9f,5,ars,5,23
4110,d6d28a99-70f3-4053-961c-029e34621e96,5,mdn,5,21
4111,ac687490-2263-42a4-b629-41f9cb808ec3,5,mw,5,28
4112,5cf62f0f-9b68-4dd7-9dd1-78727e147558,4,mf,4,19
4113,fe2ef5d1-e5b0-4c59-b553-8a14aa6485fd,4,mdn,5,28
4114,f6079976-5f69-482b-8b84-179dd5524bfa,5,mdn,4,28
4115,7a024b41-0a4e-41dd-ad47-121884fa8a11,5,ars,5,23
4116,f627af83-24c8-4c96-a7fd-4e60eddea09e,5,mdn,5,24
4117,f443f8f7-c1f8-4b45-a91c-5a994f4c0ef6,4,mf,5,20
4118,663c3978-6013-4a55-9a58-5d538e435021,3,mdn,5,25
4119,4cf82814-1d7e-430c-bba3-247af2552306,5,mdn,5,19
4120,558a3ec4-7fbc-40e7-9553-f8cff87516c7,5,ars,3,29
4121,2b7f0ba7-166f-43e5-9c60-056b72b479a4,4,tam,5,27
4122,d1560a24-8c99-4ae8-85f9-c9bf80991ce4,5,mdn,5,26
4123,83cff052-3ad9-416d-b26e-4797eccc0f10,4,mdn,4,25
4124,0bb3ee6a-85cc-4eb3-b648-e8c08e1364db,5,mdn,4,24
4125,637a2933-734a-4323-a7e9-7f9f79ad4dc4,5,je,4,23
4126,9347de8d-7c8f-4fe7-bb9d-ccf63c729d89,2,ars,4,26
4127,689f72f3-8a26-4eb9-abf2-c41108bc5bb6,5,mf,4,23
4128,6b544598-bc17-4e6f-9cd4-987f46c83902,5,mf,2,19
4129,b2120df0-7828-41fd-8a67-19bf1554d594,5,mdn,5,19
4130,efee5412-be59-448d-9f6e-9a7dcf201113,4,mdn,4,29
4131,3715dae0-d872-499f-8f0c-fabf940e2bc0,5,mdn,5,25
4132,747f065e-55d2-47c9-ab2b-c349fcbc001d,4,mf,5,23
4133,c34aed25-5a2c-400e-ba87-7168d634e3bd,4,mf,5,30
4134,5939bdfb-18e1-40ee-8654-d802e218a33f,5,mw,5,29
4135,dda13a7f-e01e-4084-b353-9a7870744ff1,3,ars,4,26
4136,5e454df6-a68f-4b76-b06a-f576ed27a11e,5,ars,5,22
4137,85c289f3-c492-4b55-91f1-25a199c58832,4,mf,5,25
4138,aac4a278-e82f-40cc-9662-861f6b2ac634,5,mdn,4,18
4139,9bb07206-a24d-488b-91d9-853f606d5fd4,5,ars,3,19
4140,5d6539ff-441b-46cc-af23-5b77ff05230e,5,mdn,3,25
4141,2b7f0ba7-166f-43e5-9c60-056b72b479a4,5,mdn,5,27
4142,7f337d29-cfd2-4a03-bbb9-ec6196e1d34d,5,ars,5,30
4143,3e262f96-1a3a-4620-a5cb-26350e9ead3e,5,mdn,5,22
4144,83da35e2-88ab-4562-9f43-c192ecdaed1e,4,mdn,5,18
4145,444bb96e-33b5-408b-8f36-792f40a9e402,5,mdn,5,20
4146,a2b117e7-ab57-476e-831c-33f7ceb1aa35,4,mdn,4,29
4147,d4024ed1-cddb-4e3c-aea5-6616191d699f,5,ars,3,29
4148,f63a1efa-33c6-40c7-8688-ef9d34466284,4,mw,5,24
4149,a50dc3c0-5a19-4025-83eb-5812671c9480,5,mdn,4,20
4150,e6167931-7dcd-40cb-a065-3804a08ae841,4,mdn,5,30
4151,34099491-cba6-4b79-9c62-38e83f1cf9db,4,mdn,5,22
4152,a59fa924-4733-471c-8754-f6595cd0e6f1,5,ars,4,27
4153,9b87a188-a71f-4d7a-bb50-b7fae8022f80,5,mdn,3,27
4154,ec3f623a-65f2-4b0d-937b-d0d1c4325976,4,mdn,5,30
4155,91753f65-ede6-4be5-b7a7-9e8b4da7cc42,4,ars,4,21
4156,f2359723-11a9-4415-8278-4adb624d9e6b,5,mdn,5,29
4157,0d81df22-243d-48a5-829e-9b4954d5cd5b,3,mw,5,20
4158,9493905e-b65c-40ce-b799-c350ed3e1f18,5,ars,4,23
4159,3715dae0-d872-499f-8f0c-fabf940e2bc0,3,ars,5,25
4160,f2708137-31a5-416c-bbff-7155fb5aa25c,4,mdn,5,19
4161,28c21980-3720-4511-bec7-cc2e6275750a,4,ars,5,28
4162,e469cc62-5dfe-42a1-be57-e686c98e01c6,4,mf,3,25
4163,c1843817-41a0-4488-9c7a-5a537f4659b5,5,mdn,5,29
4164,37ff7521-e05d-4635-8d59-e3c6f852d77d,5,mdn,5,23
4165,f443f8f7-c1f8-4b45-a91c-5a994f4c0ef6,5,mfars,5,20
4166,a2509b39-af24-4703-842f-27c2dcd12475,3,ars,5,29
4167,64272418-9b0a-406a-8bbe-e115bdbfc718,5,mdn,5,25
4168,aa994a1c-055e-4751-b4cf-ddc08d3a5f8c,3,ars,4,18
4169,216de2aa-e0bf-41b4-92da-3ad50ab2af5e,4,mdn,4,22
4170,f4470d04-89ee-4c8e-99d8-4ed12535524b,5,ars,4,23
4171,53292fdb-b353-457a-8482-81bdab16d44f,4,mw,5,30
4172,f09830ac-90c9-4f96-82d2-30a969c28516,5,mf,3,23
4173,f9c4d67a-8176-4831-b098-8d866ed2dd52,4,mdn,5,20
4174,6e77a16f-1fc0-43a6-bf10-ef592e2084ea,4,ars,4,28
4175,1cb0d1bf-328c-48fc-ba36-d238bcf1b7f6,5,mf,5,22
4176,ede1c719-13be-432a-958d-e5e220f7b972,5,mw,5,21
4177,a51ce71d-9acf-4e2f-b3bb-2d456a3de7ec,5,mdn,5,22
4178,c4cf804a-7759-4269-8562-c7141d2c18c7,3,ars,5,24
4179,493c0fa8-bb96-4b13-b9fb-93abb37b65e7,5,mdn,5,29
4180,e6167931-7dcd-40cb-a065-3804a08ae841,5,mdn,5,30
4181,c43a7404-eeeb-4714-9bc9-598b448da6f9,4,mf,5,30
4182,f6c33008-5144-41d8-b2a5-a570e9f1561b,5,ars,4,21
4183,d4024ed1-cddb-4e3c-aea5-6616191d699f,5,mw,5,29
4184,2f520f04-c2d9-4b9c-a029-6f9df9507b70,5,mdn,4,20
4185,5ea1e29a-d64c-4b9b-bf02-d7bb6e8b1156,4,mdn,5,29
4186,f05a9269-3068-486a-b87d-fda9d757275c,3,ars,3,28
4187,8e3026d2-a977-4221-a6cc-c30fd3590962,4,ars,5,30
4188,8cc0183c-f480-475a-a25b-559f3576b7c5,5,mdn,5,18
4189,e696ca58-d61a-449b-8aae-30772b7d92e3,4,mdn,5,24
4190,9b6d950a-d667-4f0b-ac67-0d810b2feff6,5,mw,3,22
4191,cec079b7-5691-4cd0-9092-3b0388c25d4a,5,ars,5,22
4192,6e77a16f-1fc0-43a6-bf10-ef592e2084ea,4,mdn,5,28
4193,b8617d9b-d83b-4256-a87a-6edeaaedc6ba,5,mdn,5,24
4194,747f065e-55d2-47c9-ab2b-c349fcbc001d,5,mdn,5,23
4195,0a986dd7-a658-40a9-9d1b-d3074e036e35,4,mw,4,30
4196,29db820a-86ac-4510-88f7-184d6f9dcf9c,4,ars,5,18
4197,2af566fa-f86c-462b-b3cf-5868069d103e,4,mdn,5,21
4198,2eebf90c-68dc-4631-a827-b59638b7ad52,4,mdn,5,26
4199,8633ed8f-31e9-45be-8c95-1a50d1658229,4,mf,5,27
4200,6b792bd6-6f66-4692-b446-832cc13edc39,4,mdn,5,25
4201,a14d25d1-f7f8-4220-8946-96cf6b19cae9,4,ars,3,24
4202,dbf069ee-b1dd-4b75-8b6e-73734ec2cb48,4,mdn,5,21
4203,b57fcc40-677a-40da-9faa-265af0fca89d,4,mdn,4,19
4204,aa994a1c-055e-4751-b4cf-ddc08d3a5f8c,4,mdn,4,18
4205,6e65b841-848c-46e7-a8b3-15ca81055f6a,3,mdn,5,26
4206,9c2aadbd-036d-45e6-b130-7f3d98892dba,5,mdn,5,20
4207,ede1c719-13be-432a-958d-e5e220f7b972,4,mw,4,21
4208,41ae8e3f-715e-4fe0-aa5f-75aca345731c,5,ars,5,28
4209,83da35e2-88ab-4562-9f43-c192ecdaed1e,5,ars,5,18
4210,2e276933-00b1-44a5-93f7-8327f3fcca83,3,ars,4,25
4211,3aa83f6f-e363-4f12-9770-8902a51fbfbc,5,mdn,5,27
4212,b7ba5486-611f-4ead-9e37-51de7d6961bb,4,ars,5,30
4213,af8a0613-364e-42b4-903f-c2ea6ed41cea,5,ars,5,26
4214,581e0c61-097c-43a1-807a-d1f21bf13e0c,3,mf,4,28
4215,40ef5c66-cc76-49a6-851d-1b58fe2953d7,5,mdn,5,29
4216,820fb470-45af-4458-a617-8ea1f9d8915d,5,ars,5,30
4217,98101cf4-a26d-4e32-9f91-6f42993b3ea1,5,mdn,5,18
4218,5febecf8-2d9f-471b-9303-cd8dd0f658af,5,ars,5,28
4219,a9c35b24-76a8-4b67-addd-81845fb390c7,5,k,4,29
4220,16b89a6a-1ce4-4a2d-b19e-8d37bc7c7c5e,5,je,5,21
4221,1bbd002a-73c0-4f38-8e36-76560bba1f49,4,ars,3,19
4222,3e262f96-1a3a-4620-a5cb-26350e9ead3e,5,mdn,4,22
4223,357bbbdb-8186-4709-a792-2b49f743fad2,5,mdn,5,18
4224,1c8b2fc6-6dea-4184-9cb0-5dfbe49b73da,5,mdn,5,30
4225,5fb096ef-d891-4c20-aabc-80216c7d0ac6,5,ars,5,22
4226,342ea9ee-c313-48ec-9c3e-d11cc7614f54,5,mdn,5,29
4227,2c867a72-877a-4cfb-8d18-01990c6c4846,5,mw,5,19
4228,f4470d04-89ee-4c8e-99d8-4ed12535524b,5,ars,5,23
4229,c44794ff-60de-42e8-9ac1-d221a8ab29c0,4,mdn,5,30
4230,207a3175-fda0-43fb-8b30-c257bf055847,4,mdn,5,29
4231,efee5412-be59-448d-9f6e-9a7dcf201113,5,mdn,5,29
4232,b8d47eb3-c03a-46ae-9ccb-29bb9f61162b,5,ars,5,30
4233,a9bdcbf6-4345-477c-a7a8-a7a09b29bd64,5,ars,5,19
4234,ac1781e0-796b-4d94-a324-680e348fe2cb,5,mdn,4,22
4235,f6a23d22-7609-4675-b15a-07e2ac92d770,4,mdn,5,27
4236,37725a9e-f7e1-4803-ad03-e9be32e186d4,4,ars,5,20
4237,88f20ee0-e749-487f-a908-12f8ab47142b,5,ars,5,22
4238,f2708137-31a5-416c-bbff-7155fb5aa25c,4,mf,5,19
4239,207a3175-fda0-43fb-8b30-c257bf055847,5,ars,4,29
4240,e59739bb-d66f-479b-92f8-1a526fb5a428,4,ars,5,22
4241,d5b84e64-0316-493b-9d2d-3d5a49490e9c,5,mdn,5,21
4242,dfc7c753-24c4-4193-ae2b-2ee1af876a13,5,ars,5,30
4243,f63a1efa-33c6-40c7-8688-ef9d34466284,3,k,4,24
4244,d99430cc-3810-4660-823f-02144b19ea3d,5,mf,4,29
4245,fea9deb6-7320-4e71-8c81-a5529ccdd68c,5,ars,5,23
4246,b2120df0-7828-41fd-8a67-19bf1554d594,5,ars,5,19
4247,6682a9bf-56ba-4596-8da7-14e90a00dcd4,5,ars,5,29
4248,f2708137-31a5-416c-bbff-7155fb5aa25c,5,ars,5,19
4249,d1d66775-cc03-42ea-ad3c-681efafb3682,5,mf,5,24
4250,64272418-9b0a-406a-8bbe-e115bdbfc718,5,ars,5,25
4251,4f727795-2eba-42fd-97a6-dd7a8a15282b,5,mw,3,19
4252,be5ec881-1245-4f55-9f25-8f76599294aa,5,mdn,5,24
4253,64f2a8ab-33f5-42c6-9ba5-54e65b6b5af4,3,mdn,5,30
4254,f96dc1f6-d3a8-4cf6-a3ab-6a1182d41edd,2,mdn,4,23
4255,a4272ae2-4e7e-4252-a49a-10445c387bc6,5,ars,5,29
4256,6f2f152e-fe85-4611-857a-528266761927,5,mdn,4,20
4257,c7bf0ed5-820e-4544-920d-c50b944dec2c,4,ars,4,26
4258,2b46b282-1df9-4423-9625-2c6743a25144,5,mdn,4,25
4259,49e2e565-049d-4753-871a-2ec2587d386e,4,mf,5,30
4260,2c7871c7-4bd5-43a8-aa2c-3c65fc33736c,5,mdn,4,26
4261,9b6d950a-d667-4f0b-ac67-0d810b2feff6,3,mdn,5,22
4262,663c3978-6013-4a55-9a58-5d538e435021,5,ars,5,25
4263,ec3f623a-65f2-4b0d-937b-d0d1c4325976,4,mdn,5,30
4264,dbf069ee-b1dd-4b75-8b6e-73734ec2cb48,5,ars,5,21
4265,3d110c2c-e912-45ac-b49c-d55781dd00dd,4,mdn,4,26
4266,3418969d-5c13-46ee-8df0-794019e7a64f,4,ars,4,30
4267,b08e0cea-9237-4a5a-87d6-3f72a313ae3f,5,ars,5,29
4268,c6990f5b-cd7a-4dda-a877-6155653d134e,4,ars,5,19
4269,90f03727-0a86-4f64-8828-9b8d6d2a0650,4,mdn,5,28
4270,a93b4520-48eb-4201-afbf-b8d72d7eb56a,4,mdn,4,28
4271,5ef119b1-883b-4964-8400-341414ee551a,4,mdn,5,22
4272,9edfb2eb-d613-48d3-bce6-bc81bffc2ac7,4,mfarsmdn,4,25
4273,5ef1e3ae-45e5-41e7-956b-4cef7dcf95b5,5,ars,4,21
4274,375b7df7-16cd-4376-965f-52dc0c4f3eb3,5,mdn,3,23
4275,b201d5cd-6e38-4c63-8347-e1dbd89720e9,5,mf,5,24
4276,444bb96e-33b5-408b-8f36-792f40a9e402,3,mf,5,20
4277,927c3ada-c329-468f-8b53-036feb07b813,5,mw,3,21
4278,ba649e58-8a55-492c-bf39-5d660ebef5c7,5,mdn,5,20
4279,49b93c8d-21cf-4307-90e1-12f87a2a75a4,3,ars,3,26
4280,2c7871c7-4bd5-43a8-aa2c-3c65fc33736c,5,mdn,5,26
4281,5fab557d-756e-44e7-8f28-2896570692b2,5,mdn,5,30
4282,9c2aadbd-036d-45e6-b130-7f3d98892dba,4,mw,5,20
4283,44f5e566-7fef-484a-b881-c53d9249ae9b,5,ars,5,28
4284,f79501bb-dbe6-4ba4-8439-e4740856c51a,5,mdn,5,25
4285,abeb14a7-d8db-429f-9acc-79ef8cdf9a02,5,ars,5,23
4286,d1f141a2-1152-4522-ac13-eb572de63737,5,mw,5,23
4287,45d72ac3-0209-493e-9d5a-8a966d562845,5,ars,5,23
4288,792a10ac-a9bb-45ce-af93-7a2619ef61fe,5,ars,5,30
4289,c6843a46-7606-45f7-a642-7dfbe9bb61cf,4,ars,5,28
4290,6e65b841-848c-46e7-a8b3-15ca81055f6a,5,ars,4,26
4291,984f5641-df2b-40ba-83b2-61ba8eabc65c,4,mf,5,24
4292,be4db01d-a7c7-4918-93df-7014dc077733,5,ars,5,22
4293,6e77a16f-1fc0-43a6-bf10-ef592e2084ea,5,mf,5,28
4294,c1133665-1bdf-4e34-ad54-083732118089,5,mdn,3,18
4295,94173ad0-5841-4719-9ae3-44e387b19633,5,ars,5,28
4296,573f0cfc-29ec-4c96-b6fa-c4b9c5746ccf,4,je,5,28
4297,b1d1a983-98bc-441f-96bf-b92fd2c78493,4,mdn,4,26
4298,b2120df0-7828-41fd-8a67-19bf1554d594,2,mdn,5,19
4299,2f520f04-c2d9-4b9c-a029-6f9df9507b70,5,mfars,5,20
4300,f6079976-5f69-482b-8b84-179dd5524bfa,5,ars,5,28
4301,1bbd002a-73c0-4f38-8e36-76560bba1f49,4,mdn,5,19
4302,ec3f623a-65f2-4b0d-937b-d0d1c4325976,5,mdn,5,30
4303,26180c48-bfbb-4af5-b4ff-6a1aa15b9f84,5,ars,4,28
4304,7428131a-f272-433f-b7ae-725af2ab628d,5,mf,5,29
4305,5cd193d4-8ecf-4845-a463-61edf2b05ff3,4,mdn,4,26
4306,709c8608-6cac-4147-9d6e-e8152ce6340c,5,mf,5,24
4307,1b8f176a-44b5-4b9f-b3aa-7fd66e2c5697,5,ars,3,20
4308,d1adf242-5e1a-4a78-9c07-f0ba06758c42,3,ars,4,19
4309,d056ef76-a2d5-4e81-9a82-0a5190a878e8,5,mdn,4,28
4310,273a109b-52b8-4925-8536-22ceb3b716dc,5,-,4,30
4311,6b544598-bc17-4e6f-9cd4-987f46c83902,3,mdn,5,19
4312,7c032388-80b3-48e9-be91-56bf32f69e9c,5,ars,5,29
4313,95914d89-1f22-4630-8d62-91f2d8d0ed88,4,mf,4,19
4314,ebd78cae-0a5d-43ed-bf3e-b6c496bd4b64,5,ars,5,26
4315,b7ba5486-611f-4ead-9e37-51de7d6961bb,5,ars,5,30
4316,c44b54b6-297d-4d1f-a5cc-1fbf039d492b,5,mdn,4,27
4317,789055e5-3d0a-423a-bd82-c9fcfdf03bac,5,mfars,5,30
4318,87fe0f9e-2ee2-4524-895b-5cb68e7b55ab,5,mdn,5,21
4319,b52aa66d-49b6-4823-b15d-19817ab072ab,3,mdn,4,24
4320,44ca9a06-8b5d-42d1-a313-dfee18559727,5,ars,4,28
4321,a47a4348-5295-48e9-aea3-acb821b95f11,5,mdn,4,23
4322,7d446322-1542-4988-929c-6542663cfe0c,4,mdn,5,19
4323,606ef552-6427-489e-aec2-43a4a17643e2,3,mf,5,20
4324,b52aa66d-49b6-4823-b15d-19817ab072ab,5,ars,5,24
4325,8905a79c-4956-4918-b85f-f194e57c2e62,5,ars,3,24
4326,e6167931-7dcd-40cb-a065-3804a08ae841,5,mfarsmdn,4,30
4327,0ef4cecc-887a-460d-b699-659969939b87,5,ars,5,24
4328,7428131a-f272-433f-b7ae-725af2ab628d,3,ars,4,29
4329,2a205037-8c86-4372-a92d-d81ee9b38025,5,ars,5,21
4330,663c3978-6013-4a55-9a58-5d538e435021,5,ars,5,25
4331,9dafb395-690f-4613-9aed-1761724d82c8,5,mf,5,22
4332,65f9bddd-fe54-4b4a-b2fa-8104c5db89c0,5,ars,5,30
4333,d1d66775-cc03-42ea-ad3c-681efafb3682,5,mf,4,24
4334,c393b545-0428-4a31-927b-e603aa307049,5,ars,5,18
4335,d975480c-d90f-414e-a9e1-b1288c4fbd1c,5,mfarsmdn,5,28
4336,a9bdcbf6-4345-477c-a7a8-a7a09b29bd64,5,k,5,19
4337,1efd7e76-acea-457d-b43c-d2c538c532b2,5,ars,5,22
4338,391319c2-41bc-4213-ba51-0e06718e1803,5,mf,5,26
4339,44ca9a06-8b5d-42d1-a313-dfee18559727,5,mw,5,28
4340,d6d28a99-70f3-4053-961c-029e34621e96,5,mdn,5,21
4341,de26149b-380f-42c9-bdc1-a8584f2c5233,4,mdn,5,29
4342,86677349-04ed-425a-b521-0389359ed54e,5,je,4,25
4343,11cb3da8-b076-4554-b86b-ad619773b101,5,mdn,4,27
4344,5e6e310e-6abc-4e1a-b8e6-75b0a5b991b2,5,mdn,5,28
4345,cbaaf4cd-85c3-4140-9033-acedf90fa1cb,4,mdn,5,22
4346,94173ad0-5841-4719-9ae3-44e387b19633,4,mdn,4,28
4347,b50df7ff-04f6-45b6-b3fd-0d96d4fbcd61,5,ars,5,18
4348,b57fcc40-677a-40da-9faa-265af0fca89d,5,ars,4,19
4349,65f9bddd-fe54-4b4a-b2fa-8104c5db89c0,4,mf,5,30
4350,e0766991-32fc-4294-b1e2-a0dff52c64f2,4,mdn,5,23
4351,cbce132e-cb8f-4aac-a1c1-a776704aebef,3,ars,4,27
4352,be5ec881-1245-4f55-9f25-8f76599294aa,4,ars,4,24
4353,357a2790-e856-4dd3-a0f5-8f6e14d0267f,5,-,5,26
4354,4ff66c05-68eb-4bc1-9ed7-4ca15066eb3c,5,mf,5,20
4355,e6574fcd-b5fd-40b8-b94a-e3fdf1c887b6,5,mdn,3,24
4356,95914d89-1f22-4630-8d62-91f2d8d0ed88,5,ars,5,19
4357,17f173bf-52a2-4042-80ee-6d30d0217f4c,3,ars,5,20
4358,cee38db4-d8fb-4876-affb-408d23f0c5fc,5,mdn,4,20
4359,45d72ac3-0209-493e-9d5a-8a966d562845,4,mdn,5,23
4360,cee74a0a-0b19-443e-93ff-152112089c51,5,mf,5,24
4361,37725a9e-f7e1-4803-ad03-e9be32e186d4,4,fg,4,20
4362,67313ce6-34e5-492a-ab7b-4e50acceb029,5,ars,3,28
4363,0fe94c00-c05c-4d31-9f39-7d31012ea47a,5,mf,5,24
4364,e490e589-c757-4a79-9fb9-b96dc034c08b,5,mdn,3,22
4365,a4272ae2-4e7e-4252-a49a-10445c387bc6,3,mdn,5,29
4366,b7ba5486-611f-4ead-9e37-51de7d6961bb,4,mf,5,30
4367,1b06ccbe-4819-4c66-9629-77abef688416,5,-,5,25
4368,49e2e565-049d-4753-871a-2ec2587d386e,4,ars,5,30
4369,3aa83f6f-e363-4f12-9770-8902a51fbfbc,4,j,5,27
4370,20d213ef-76bf-41bb-bc87-9ffcfa2127bc,5,k,3,26
4371,6682a9bf-56ba-4596-8da7-14e90a00dcd4,4,ars,5,29
4372,53204bad-4011-4a1a-b4d1-cee62543e32e,4,mdn,3,20
4373,4ac5d5c7-fcf8-4d13-8384-5e452e3c04af,5,ars,5,28
4374,b07938ae-0ab3-44a5-9009-465521064ed4,3,ars,4,18
4375,eb698920-996b-4bbd-b8a5-7414f307aa42,4,ars,4,21
4376,6e1d86b6-1249-4c44-a984-f1ea046d19b8,4,ars,3,19
4377,d975480c-d90f-414e-a9e1-b1288c4fbd1c,3,mf,4,28
4378,1699c2dd-b2b5-4756-bc87-a4b933c25c01,4,mw,5,29
4379,3418969d-5c13-46ee-8df0-794019e7a64f,3,ars,5,30
4380,606ef552-6427-489e-aec2-43a4a17643e2,5,ars,5,20
4381,a5a4ee5b-8385-4dfb-9185-a1deb1531cdb,4,mf,5,28
4382,7c900363-ac5f-43a0-ae64-d5bb23688d88,5,mdn,2,27
4383,9bb07206-a24d-488b-91d9-853f606d5fd4,3,mdn,5,19
4384,be5ec881-1245-4f55-9f25-8f76599294aa,4,mdn,4,24
4385,9e679f83-7105-4a2c-b9d2-82964ea88b4f,3,mw,5,25
4386,7a024b41-0a4e-41dd-ad47-121884fa8a11,4,mdn,5,23
4387,a93b4520-48eb-4201-afbf-b8d72d7eb56a,5,ars,5,28
4388,f79501bb-dbe6-4ba4-8439-e4740856c51a,4,mf,5,25
4389,40ef5c66-cc76-49a6-851d-1b58fe2953d7,4,mf,5,29
4390,b19d51d1-cbaf-4d83-948a-e8f634e3ca48,5,mf,5,21
4391,c43a7404-eeeb-4714-9bc9-598b448da6f9,4,mdn,3,30
4392,2f520f04-c2d9-4b9c-a029-6f9df9507b70,5,ars,5,20
4393,0d81df22-243d-48a5-829e-9b4954d5cd5b,3,ars,5,20
4394,95914d89-1f22-4630-8d62-91f2d8d0ed88,3,mw,5,19
4395,e8cf2675-3727-4525-970c-77eff23acff5,4,mdn,3,22
4396,58326bf0-4f33-4c16-b328-cc206f87d423,5,mdn,2,28
4397,1fb37a6e-bfb4-48da-b71f-d813fb59ef1c,5,mf,5,30
4398,d975480c-d90f-414e-a9e1-b1288c4fbd1c,5,mf,5,28
4399,a93b4520-48eb-4201-afbf-b8d72d7eb56a,3,ars,3,28
4400,83da35e2-88ab-4562-9f43-c192ecdaed1e,5,mdn,5,18
4401,2ae01d22-116d-44c0-84be-cfad96fb519c,5,mw,4,20
4402,caa1cb22-fbe5-43dd-bba4-11dd60e108aa,5,mdn,5,26
4403,b8617d9b-d83b-4256-a87a-6edeaaedc6ba,5,ars,4,24
4404,f2359723-11a9-4415-8278-4adb624d9e6b,5,ars,5,29
4405,8c45b709-a6d6-49b8-b996-e76dc0934213,5,mdn,5,23
4406,934eaca0-2d10-4419-8175-7812976e2931,3,mdn,5,21
4407,38f9af29-497a-49e7-b561-797d2a207cf0,5,ars,5,30
4408,50bc13c3-0c72-4cab-a0af-b1569c6608e6,5,ars,4,30
4409,cbce132e-cb8f-4aac-a1c1-a776704aebef,3,mf,5,27
4410,747f065e-55d2-47c9-ab2b-c349fcbc001d,5,j,5,23
4411,ae0bc742-9002-4ac9-b183-a2041b84bc8b,5,ars,4,28
4412,5e454df6-a68f-4b76-b06a-f576ed27a11e,5,mdn,5,22
4413,de511cef-1fc8-493b-bb99-d9ba30a042c9,5,-,5,28
4414,802f27c7-ea1a-4e42-97b3-8174f236e379,5,ars,5,29
4415,c3199038-0991-484e-bfee-899557351e13,5,ars,5,25
4416,e0c2a19b-d844-4f21-887c-a90f7c9b4346,3,ars,5,28
4417,651aa3c1-3bba-4b30-9471-e0f7857900f7,5,ars,5,29
4418,7c900363-ac5f-43a0-ae64-d5bb23688d88,5,mdn,3,27
4419,d1953b54-615a-4056-af44-817e8a0c4b40,5,mdn,5,20
4420,5ef119b1-883b-4964-8400-341414ee551a,4,mf,5,22
4421,4cab344d-1770-4c38-a71f-6d51e8f3b5cc,4,mdn,5,18
4422,aac4a278-e82f-40cc-9662-861f6b2ac634,4,mw,5,18
4423,8e0fa808-9c9f-47f2-aaa1-6fd29a3c638d,5,mdn,3,19
4424,aafce93e-6e5f-46ad-b186-d642d5a456a1,4,mdn,5,30
4425,4f727795-2eba-42fd-97a6-dd7a8a15282b,5,ars,5,19
4426,23205395-678b-4b55-a150-3fc8227c3a18,5,mf,5,29
4427,d5bb291b-06cc-4dec-968a-ce7db7529f77,5,k,5,28
4428,eb5ab705-64b5-4824-80b1-748c0c01560b,5,tam,5,30
4429,c44794ff-60de-42e8-9ac1-d221a8ab29c0,4,mdn,5,30
4430,ed2064be-7d40-4f59-9e7d-d7e7dd54b118,4,mdn,5,28
4431,23f67700-5b2a-4ebb-a7a6-2b6bd78cea75,5,ars,5,21
4432,18ef96e8-9a73-4678-8c6c-772ce127d7f9,4,mw,4,30
4433,b19d51d1-cbaf-4d83-948a-e8f634e3ca48,5,ars,5,21
4434,f0d0484f-f159-4fe0-8ed4-45dd77bc7cff,5,mf,5,22
4435,a2b117e7-ab57-476e-831c-33f7ceb1aa35,4,mf,4,29
4436,7fab4381-0d58-4c87-890a-00f892c6b4d3,4,mdn,3,27
4437,1a26488b-6cd0-47ce-a93f-a8b4c8da09e2,3,mf,5,19
4438,23205395-678b-4b55-a150-3fc8227c3a18,5,ars,5,29
4439,58d13a75-2efb-4254-85fa-13bdb2ac2156,4,ars,5,19
4440,5cd193d4-8ecf-4845-a463-61edf2b05ff3,4,ars,5,26
4441,7c032388-80b3-48e9-be91-56bf32f69e9c,5,ars,4,29
4442,1699c2dd-b2b5-4756-bc87-a4b933c25c01,5,ars,3,29
4443,4ac5d5c7-fcf8-4d13-8384-5e452e3c04af,5,mdn,5,28
4444,1da45063-2dc1-41f2-88ea-7f61fe7f9a19,4,mdn,5,25
4445,f10cf3ff-f51e-442d-bee4-d1c0099c264c,5,mdn,5,29
4446,e6167931-7dcd-40cb-a065-3804a08ae841,5,mdn,3,30
4447,f10cf3ff-f51e-442d-bee4-d1c0099c264c,5,mf,5,29
4448,2f520f04-c2d9-4b9c-a029-6f9df9507b70,5,mdn,2,20
4449,ae0bc742-9002-4ac9-b183-a2041b84bc8b,4,mf,4,28
4450,0b5bc2f8-6b6b-4cd8-abdd-7c9350676492,4,ars,5,26
4451,5d11e9c3-db2d-42ce-a4b2-676294bcab5c,5,mdn,4,24
4452,af8a0613-364e-42b4-903f-c2ea6ed41cea,5,mdn,5,26
4453,0c2d68f2-4d17-4dab-b9a1-d0bdf4e10ce4,5,mdn,5,22
4454,45d72ac3-0209-493e-9d5a-8a966d562845,3,ars,5,23
4455,39acfef6-976a-4ca5-a481-e5d887907fad,3,mdn,5,19
4456,da651f2b-7264-419b-86f7-c68c199ab2eb,5,ars,5,22
4457,d26cad8a-57db-41ec-9679-d73b30e718dc,5,mf,5,30
4458,e11ba41b-805a-4223-afa6-67c773666985,3,mf,3,30
4459,ae0bc742-9002-4ac9-b183-a2041b84bc8b,3,mf,5,28
4460,af410c09-749d-4f0b-bdb1-f3d0e42a2b0f,5,ars,5,19
4461,6975f225-5acc-48bb-a80d-6a3a5e442fae,5,mdn,5,28
4462,b1d1a983-98bc-441f-96bf-b92fd2c78493,5,mdn,3,26
4463,1699c2dd-b2b5-4756-bc87-a4b933c25c01,5,ars,4,29
4464,aafce93e-6e5f-46ad-b186-d642d5a456a1,5,ars,5,30
4465,3d110c2c-e912-45ac-b49c-d55781dd00dd,5,ars,5,26
4466,64272418-9b0a-406a-8bbe-e115bdbfc718,5,mdn,5,25
4467,6682a9bf-56ba-4596-8da7-14e90a00dcd4,5,mfmw,5,29
4468,789055e5-3d0a-423a-bd82-c9fcfdf03bac,5,ars,4,30
4469,8c8342e9-a790-4117-b607-5415d372b7f6,5,mdn,5,29
4470,1b8f176a-44b5-4b9f-b3aa-7fd66e2c5697,5,mf,5,20
4471,3715dae0-d872-499f-8f0c-fabf940e2bc0,4,ars,5,25
4472,3418969d-5c13-46ee-8df0-794019e7a64f,5,mdn,4,30
4473,c233c56b-6f1a-4f53-9f27-e39f5220f9d3,5,mfars,5,26
4474,47ab6a24-9a36-4af9-b4a4-651bfa037130,3,mfars,5,19
4475,e0c2a19b-d844-4f21-887c-a90f7c9b4346,4,mdn,3,28
4476,342ea9ee-c313-48ec-9c3e-d11cc7614f54,5,mfars,3,29
4477,95d5bb8d-2790-43d4-a0a3-970e5fe6ac19,5,mdn,5,18
4478,28c21980-3720-4511-bec7-cc2e6275750a,4,mf,3,28
4479,1cb0d1bf-328c-48fc-ba36-d238bcf1b7f6,5,mdn,5,22
4480,be5ec881-1245-4f55-9f25-8f76599294aa,5,mdn,5,24
4481,c44794ff-60de-42e8-9ac1-d221a8ab29c0,5,mw,3,30
4482,e10e6103-9fa7-4a16-bfe4-f437f8ccfdbc,4,mdn,4,19
4483,717bbe10-f11f-4197-820a-cc03420e2016,5,mw,5,18
4484,95d5bb8d-2790-43d4-a0a3-970e5fe6ac19,4,mdn,5,18
4485,ca5c06a4-b01e-4e89-b6e0-507d13da74e9,5,mdn,4,27
4486,c6843a46-7606-45f7-a642-7dfbe9bb61cf,3,mw,5,28
4487,f6a23d22-7609-4675-b15a-07e2ac92d770,5,ars,5,27
4488,aa994a1c-055e-4751-b4cf-ddc08d3a5f8c,5,mdn,4,18
4489,d99430cc-3810-4660-823f-02144b19ea3d,5,mdn,4,29
4490,2ae01d22-116d-44c0-84be-cfad96fb519c,4,ars,5,20
4491,83da35e2-88ab-4562-9f43-c192ecdaed1e,3,ars,5,18
4492,2c7871c7-4bd5-43a8-aa2c-3c65fc33736c,5,ars,5,26
4493,5cb0e54b-ec8d-46d8-8d81-eaa3e0687114,5,mw,4,18
4494,87fe0f9e-2ee2-4524-895b-5cb68e7b55ab,5,ars,5,21
4495,24e8d7e7-70e0-47f0-835c-f03045861de5,4,mw,2,25
4496,2b46b282-1df9-4423-9625-2c6743a25144,5,mdn,5,25
4497,2f17238b-3151-4596-bd04-d55f4c80a066,4,ars,5,30
4498,c0db802b-635c-4f93-b4cb-7d9883a43093,5,ars,3,28
4499,0a986dd7-a658-40a9-9d1b-d3074e036e35,3,mf,4,30
4500,9fdd2e9f-bbb9-4c36-ad62-91b8914dd0ea,4,ars,5,25
4501,391319c2-41bc-4213-ba51-0e06718e1803,5,mdn,5,26
4502,19d5ec55-7543-48c4-8fbc-f01f5a9b2c95,3,mdn,4,26
4503,ae0bc742-9002-4ac9-b183-a2041b84bc8b,4,ars,5,28
4504,80b41e1b-5190-447f-b409-c16b01162cf0,4,mdn,5,22
4505,b5bc6003-dc35-4ca6-b16c-1752ffb0d186,5,mdn,5,20
4506,f59c8c41-7c50-4929-a64d-49cf2e587423,5,ars,4,24
4507,22573f4b-b316-4b08-8b75-d05541ea7fcd,5,ars,3,25
4508,efee5412-be59-448d-9f6e-9a7dcf201113,5,ars,5,29
4509,223e96b7-dfbe-442b-9b28-7fef065a6044,3,mw,4,19
4510,fb0fdb0e-a962-4fa1-8447-b5f52235ffe8,5,mdn,4,20
4511,3957973a-682a-4959-b576-9a085c8a44ae,4,mf,5,28
4512,9a72950d-597c-4488-8d80-702130f485ee,5,mdn,5,23
4513,daba59b7-3cb9-4533-b8a8-9e0562490dd2,5,ars,5,23
4514,483a2cf3-98f9-456d-81d9-022710423c23,4,ars,5,24
4515,357bbbdb-8186-4709-a792-2b49f743fad2,4,mf,5,18
4516,223e96b7-dfbe-442b-9b28-7fef065a6044,5,mdn,5,19
4517,9798eef8-20b9-4df4-a0de-81ed2227b9bf,4,mw,4,24
4518,558a3ec4-7fbc-40e7-9553-f8cff87516c7,5,ars,5,29
4519,1c8b2fc6-6dea-4184-9cb0-5dfbe49b73da,5,mdn,5,30
4520,f05a9269-3068-486a-b87d-fda9d757275c,4,mf,3,28
4521,b166452a-784d-4789-941e-1c7b8b6229f6,5,mdn,5,21
4522,640d60da-a441-4460-b386-d9613ee01d28,5,mdn,5,29
4523,f5d4a203-e308-452c-86e4-9412e871f2e8,5,k,5,19
4524,b661cc43-3695-4a39-b0dc-21164ec6e199,5,mf,5,20
4525,651aa3c1-3bba-4b30-9471-e0f7857900f7,5,mfars,5,29
4526,a4272ae2-4e7e-4252-a49a-10445c387bc6,3,ars,3,29
4527,a4272ae2-4e7e-4252-a49a-10445c387bc6,4,mdn,3,29
4528,34099491-cba6-4b79-9c62-38e83f1cf9db,4,ars,4,22
4529,88c6509b-cbe2-47c6-ad02-97c92e300c48,5,mdn,4,30
4530,d4024ed1-cddb-4e3c-aea5-6616191d699f,5,ars,4,29
4531,da0a8407-c3fa-42bc-bd2b-23e1c7cde8a9,3,mfmw,5,30
4532,220cc7c6-0cef-413b-af2a-ec2208ceac65,4,mdn,5,20
4533,dfac5d22-8882-4707-bbe8-9325b9ddc739,5,mdn,4,20
4534,4073acaa-d216-4e04-8729-bfadada4d095,3,mf,5,20
4535,eeebd242-3df2-464c-9aa3-cd5781da8039,5,mw,5,20
4536,9272dcff-3d6f-401f-9f68-7c06df177b96,5,ars,5,20
4537,eb90a88d-20c0-4c51-98f1-a67bc873c84d,5,ars,5,20
4538,4073acaa-d216-4e04-8729-bfadada4d095,3,mdn,4,20
4539,7c7aeed7-f005-426d-aafd-368700609ba0,5,mdn,5,22
4540,ab9d4c1f-1773-4f12-88e1-ecd78f51e309,5,mdn,5,30
4541,39acfef6-976a-4ca5-a481-e5d887907fad,4,mf,3,19
4542,afcb575e-c985-4e48-8663-6e73dd6dbe65,4,ars,4,29
4543,da651f2b-7264-419b-86f7-c68c199ab2eb,4,-,4,22
4544,7d446322-1542-4988-929c-6542663cfe0c,5,mdn,5,19
4545,cb05f3e4-515e-4567-9ec2-b3d043b9f1e4,4,mdn,5,22
4546,26321a8a-0e7d-451e-a0f3-787a7432d9cb,4,mf,3,28
4547,c6990f5b-cd7a-4dda-a877-6155653d134e,4,mw,4,19
4548,0a986dd7-a658-40a9-9d1b-d3074e036e35,5,mdn,5,30
4549,4c39b0b9-c9d0-45ac-b545-190c3da984fa,5,mdn,5,21
4550,ceb7a529-86be-4dc4-b116-38797aabd2dd,4,ars,5,29
4551,752ccf1a-c3a9-463a-af5a-ee8a0815ddad,4,mdn,5,18
4552,f8a5ac4a-6f9a-4356-a9d7-142b91a4c9a4,5,ars,4,21
4553,709c8608-6cac-4147-9d6e-e8152ce6340c,5,mdn,5,24
4554,2c867a72-877a-4cfb-8d18-01990c6c4846,5,ars,5,19
4555,483a2cf3-98f9-456d-81d9-022710423c23,5,mdn,5,24
4556,0d81df22-243d-48a5-829e-9b4954d5cd5b,4,mdn,5,20
4557,8bad8df3-fd1c-47eb-a830-cd085d8918f1,4,mf,5,20
4558,4e5e83e4-af3a-4513-ae2d-281f7991fdb7,4,ars,3,25
4559,c005b690-b142-4d65-85e4-6ae65a48024d,5,mdn,3,27
4560,c43a7404-eeeb-4714-9bc9-598b448da6f9,5,ars,4,30
4561,d59a405f-f8b3-49e9-9ac2-88dc3e6a1e53,4,ars,4,23
4562,a1408643-a549-447c-b867-6886faa00fca,4,mw,5,19
4563,44f5e566-7fef-484a-b881-c53d9249ae9b,5,ars,3,28
4564,455e0529-272b-4550-95d5-a0bdb835ca9f,5,ars,3,23
4565,c1133665-1bdf-4e34-ad54-083732118089,5,mdn,5,18
4566,23205395-678b-4b55-a150-3fc8227c3a18,4,ars,4,29
4567,c3199038-0991-484e-bfee-899557351e13,5,ars,5,25
4568,a14d25d1-f7f8-4220-8946-96cf6b19cae9,5,mdn,4,24
4569,7aaf2ee9-a6f9-4256-8f6b-742a0ee1ac2e,4,mdn,4,26
4570,9cdeb8f3-f6ad-44fd-bccb-390c69038d0b,5,ars,3,20
4571,41ae8e3f-715e-4fe0-aa5f-75aca345731c,2,ars,5,28
4572,f63a1efa-33c6-40c7-8688-ef9d34466284,5,mf,4,24
4573,e04076e5-3fab-4e6b-9f79-38c54336e47b,5,ars,5,20
4574,a997b75b-15b5-4973-bd5c-0372fd8cb344,5,ars,5,22
4575,9dafb395-690f-4613-9aed-1761724d82c8,5,ars,3,22
4576,93cc8629-4757-4a91-acbe-cb586e385c66,4,ars,4,18
4577,44f5e566-7fef-484a-b881-c53d9249ae9b,5,mf,3,28
4578,ab9d4c1f-1773-4f12-88e1-ecd78f51e309,5,mdn,5,30
4579,7a024b41-0a4e-41dd-ad47-121884fa8a11,5,mdn,5,23
4580,9fdd2e9f-bbb9-4c36-ad62-91b8914dd0ea,5,mdn,5,25
4581,b94abf88-995e-47ac-9dae-0fc713c19fd9,4,mf,4,27
4582,84d29b44-26c6-4b05-8a67-31831d35be32,3,mdn,5,28
4583,9347de8d-7c8f-4fe7-bb9d-ccf63c729d89,5,mw,4,26
4584,9a72950d-597c-4488-8d80-702130f485ee,5,mdn,5,23
4585,6b544598-bc17-4e6f-9cd4-987f46c83902,5,mdn,5,19
4586,2c867a72-877a-4cfb-8d18-01990c6c4846,4,ars,5,19
4587,6ec72b3a-0222-42ca-a3fe-bc17e019a32f,5,ars,5,24
4588,dac33426-3c77-4e9c-807c-3ecdc261339f,5,mdn,5,20
4589,be5ec881-1245-4f55-9f25-8f76599294aa,3,mdn,5,24
4590,b94abf88-995e-47ac-9dae-0fc713c19fd9,4,mdn,5,27
4591,c233c56b-6f1a-4f53-9f27-e39f5220f9d3,5,mw,3,26
4592,49e2e565-049d-4753-871a-2ec2587d386e,5,mdn,5,30
4593,5d8a1dd5-498e-47ba-8bfc-62763467a996,3,mdn,3,27
4594,dfac5d22-8882-4707-bbe8-9325b9ddc739,3,mfarsmdn,4,20
4595,af410c09-749d-4f0b-bdb1-f3d0e42a2b0f,4,mdn,4,19
4596,be5ec881-1245-4f55-9f25-8f76599294aa,5,mdn,4,24
4597,5fb096ef-d891-4c20-aabc-80216c7d0ac6,5,mf,2,22
4598,f5d4a203-e308-452c-86e4-9412e871f2e8,5,ars,5,19
4599,14d84dec-8ae5-46d1-aebd-b3aa52f097ff,5,mf,4,30
4600,c44794ff-60de-42e8-9ac1-d221a8ab29c0,5,mdn,5,30
4601,18d72f16-5e3b-4cdd-ac63-6847f84789e2,4,ars,5,25
4602,d1953b54-615a-4056-af44-817e8a0c4b40,5,mf,4,20
4603,28c21980-3720-4511-bec7-cc2e6275750a,5,mfmw,3,28
4604,f0d0484f-f159-4fe0-8ed4-45dd77bc7cff,5,ars,4,22
4605,2c867a72-877a-4cfb-8d18-01990c6c4846,4,mf,5,19
4606,88c6509b-cbe2-47c6-ad02-97c92e300c48,4,mf,3,30
4607,8905a79c-4956-4918-b85f-f194e57c2e62,3,mf,4,24
4608,1da45063-2dc1-41f2-88ea-7f61fe7f9a19,4,mw,3,25
4609,9054ffc8-9df3-4b73-a700-17b228a19cba,5,ars,5,29
4610,483a2cf3-98f9-456d-81d9-022710423c23,4,mw,4,24
4611,c0db802b-635c-4f93-b4cb-7d9883a43093,5,ars,5,28
4612,24f641eb-913a-4416-84af-07ec8721940e,5,mf,5,20
4613,a8272db8-0e9f-4372-a757-661bd02f9051,5,mdn,2,26
4614,20d213ef-76bf-41bb-bc87-9ffcfa2127bc,4,ars,5,26
4615,93cc8629-4757-4a91-acbe-cb586e385c66,5,mdn,5,18
4616,f2359723-11a9-4415-8278-4adb624d9e6b,3,mdn,5,29
4617,6cfc3694-9d16-4d0e-be7d-e717b3e39ea9,4,mdn,5,19
4618,16b89a6a-1ce4-4a2d-b19e-8d37bc7c7c5e,5,mdn,5,21
4619,c81c0d30-be22-4d14-a328-3760bfd5e023,3,ars,5,20
4620,de26149b-380f-42c9-bdc1-a8584f2c5233,5,mdn,4,29
4621,0bb3ee6a-85cc-4eb3-b648-e8c08e1364db,4,mdn,4,24
4622,cec079b7-5691-4cd0-9092-3b0388c25d4a,5,mw,4,22
4623,fe2ef5d1-e5b0-4c59-b553-8a14aa6485fd,5,mdn,5,28
4624,49e2e565-049d-4753-871a-2ec2587d386e,4,mdn,2,30
4625,d2def5be-4ed5-4735-ba73-d6a360f58a69,5,mdn,5,25
4626,342ea9ee-c313-48ec-9c3e-d11cc7614f54,3,ars,5,29
4627,34099491-cba6-4b79-9c62-38e83f1cf9db,5,mdn,4,22
4628,342ea9ee-c313-48ec-9c3e-d11cc7614f54,5,-,5,29
4629,95914d89-1f22-4630-8d62-91f2d8d0ed88,5,mdn,5,19
4630,899d5675-9fe8-4dde-af03-7b62ba95428c,5,mf,4,22
4631,a9c35b24-76a8-4b67-addd-81845fb390c7,4,ars,5,29
4632,ed9b6e30-d898-4452-97e1-ccbcff4a27bb,5,ars,5,18
4633,dceebdb5-1a91-4fa6-8072-aaa827868eb3,5,mdn,5,26
4634,abeb14a7-d8db-429f-9acc-79ef8cdf9a02,5,mdn,4,23
4635,a1408643-a549-447c-b867-6886faa00fca,5,ars,3,19
4636,4afd54fc-f5e7-41c3-beaf-b9b1270a218c,5,mdn,5,28
4637,df68b52d-88f5-4b15-9731-39301acac35b,5,fg,5,24
4638,366c8261-243e-4eab-9695-6df81979597a,4,mf,4,18
4639,d1560a24-8c99-4ae8-85f9-c9bf80991ce4,4,ars,5,26
4640,4ff66c05-68eb-4bc1-9ed7-4ca15066eb3c,5,mf,4,20
4641,80b41e1b-5190-447f-b409-c16b01162cf0,5,ars,3,22
4642,16b89a6a-1ce4-4a2d-b19e-8d37bc7c7c5e,5,k,3,21
4643,bd3c3d70-fe18-477c-bdc3-51c106bd41b5,4,mw,5,24
4644,e9877472-82b1-472c-8e62-929561e5e2e7,3,mf,5,30
4645,1a26488b-6cd0-47ce-a93f-a8b4c8da09e2,4,ars,5,19
4646,bcb872cd-f6f8-422c-8729-59be0b01e4c4,4,ars,3,27
4647,3dea5f61-f356-432f-b831-57df87d6b032,4,ars,5,23
4648,3aa83f6f-e363-4f12-9770-8902a51fbfbc,4,mdn,4,27
4649,558a3ec4-7fbc-40e7-9553-f8cff87516c7,5,mf,5,29
4650,61dbc7bb-5997-4446-a7eb-5b0cd4ea98db,4,mw,3,24
4651,3715dae0-d872-499f-8f0c-fabf940e2bc0,5,mdn,5,25
4652,5e6e310e-6abc-4e1a-b8e6-75b0a5b991b2,5,mdn,4,28
4653,a5a4ee5b-8385-4dfb-9185-a1deb1531cdb,3,ars,5,28
4654,9fdd2e9f-bbb9-4c36-ad62-91b8914dd0ea,4,mdn,5,25
4655,1c8b2fc6-6dea-4184-9cb0-5dfbe49b73da,5,ars,4,30
4656,95914d89-1f22-4630-8d62-91f2d8d0ed88,4,mf,3,19
4657,663c3978-6013-4a55-9a58-5d538e435021,5,mdn,3,25
4658,493c0fa8-bb96-4b13-b9fb-93abb37b65e7,4,ars,3,29
4659,f2708137-31a5-416c-bbff-7155fb5aa25c,4,ars,5,19
4660,3418969d-5c13-46ee-8df0-794019e7a64f,5,ars,5,30
4661,53204bad-4011-4a1a-b4d1-cee62543e32e,3,je,5,20
4662,53f8916f-1f81-4fd4-ba7e-b3574e6852eb,5,mw,5,19
4663,e469cc62-5dfe-42a1-be57-e686c98e01c6,5,mdn,5,25
4664,de511cef-1fc8-493b-bb99-d9ba30a042c9,5,mw,4,28
4665,223e96b7-dfbe-442b-9b28-7fef065a6044,3,-,5,19
4666,e33fe1f5-796c-4c1d-84c4-32eb396f9837,5,mdn,4,24
4667,5cf62f0f-9b68-4dd7-9dd1-78727e147558,5,ars,5,19
4668,c0db802b-635c-4f93-b4cb-7d9883a43093,5,mf,5,28
4669,6182a456-4de8-43e2-b54f-5836017a532d,4,mdn,5,19
4670,444bb96e-33b5-408b-8f36-792f40a9e402,3,ars,5,20
4671,e469cc62-5dfe-42a1-be57-e686c98e01c6,4,ars,5,25
4672,d5b84e64-0316-493b-9d2d-3d5a49490e9c,5,mw,5,21
4673,8c45b709-a6d6-49b8-b996-e76dc0934213,4,ars,5,23
4674,0fe94c00-c05c-4d31-9f39-7d31012ea47a,4,mf,5,24
4675,c44b54b6-297d-4d1f-a5cc-1fbf039d492b,5,mf,4,27
4676,f2359723-11a9-4415-8278-4adb624d9e6b,5,ars,4,29
4677,b52aa66d-49b6-4823-b15d-19817ab072ab,4,ars,5,24
4678,bcb872cd-f6f8-422c-8729-59be0b01e4c4,5,mdn,5,27
4679,3e262f96-1a3a-4620-a5cb-26350e9ead3e,5,mfars,3,22
4680,7828cf51-b3a0-48db-8231-70513625208a,5,mdn,5,18
4681,d056ef76-a2d5-4e81-9a82-0a5190a878e8,3,ars,5,28
4682,afcb575e-c985-4e48-8663-6e73dd6dbe65,4,mw,5,29
4683,b19d51d1-cbaf-4d83-948a-e8f634e3ca48,4,ars,5,21
4684,65f9bddd-fe54-4b4a-b2fa-8104c5db89c0,4,ars,5,30
4685,20c3a3f4-11c6-43d4-a63d-88f54b3b8096,5,mdn,4,30
4686,fefb10d9-4247-4d30-b89d-9efd8c703bf1,4,mdn,4,23
4687,c6843a46-7606-45f7-a642-7dfbe9bb61cf,5,mf,5,28
4688,d8eb4bf2-57a4-4a6a-8865-4ce0bf2c9e12,5,mf,5,29
4689,6be004f0-b701-4daa-b7e2-312b56f97129,5,mdn,5,23
4690,e696ca58-d61a-449b-8aae-30772b7d92e3,5,mdn,4,24
4691,4e5e83e4-af3a-4513-ae2d-281f7991fdb7,4,mf,5,25
4692,93515f8d-d789-46de-bb36-728e6b16625a,5,mdn,5,20
4693,9fdd2e9f-bbb9-4c36-ad62-91b8914dd0ea,3,mdn,5,25
4694,f09830ac-90c9-4f96-82d2-30a969c28516,5,ars,5,23
4695,64272418-9b0a-406a-8bbe-e115bdbfc718,3,ars,4,25
4696,5e6e310e-6abc-4e1a-b8e6-75b0a5b991b2,5,ars,4,28
4697,55284c4b-b914-4e5d-9551-79d8f5b4eb5d,3,mf,4,26
4698,ff9d3a2b-707a-4274-9447-421946699738,5,mf,4,25
4699,f064f333-666c-499f-bfcb-b71607e60de7,5,ars,5,30
4700,a47a4348-5295-48e9-aea3-acb821b95f11,5,mdn,5,23
4701,2b9d541b-cc79-4e7a-8aca-958bed3b2c61,3,ars,4,18
4702,a137710a-0bfc-4d4e-be3b-2aa711ee0d7c,4,ars,5,19
4703,5805dec2-b9a9-4314-9e19-729737c7a6c6,5,mdn,4,21
4704,a93b4520-48eb-4201-afbf-b8d72d7eb56a,5,mf,5,28
4705,b7ba5486-611f-4ead-9e37-51de7d6961bb,5,mdn,5,30
4706,bd3fa596-ba3b-4756-90a8-164d551c2b98,5,mdn,4,19
4707,7aaf2ee9-a6f9-4256-8f6b-742a0ee1ac2e,3,ars,5,26
4708,ae0bc742-9002-4ac9-b183-a2041b84bc8b,4,ars,5,28
4709,2e276933-00b1-44a5-93f7-8327f3fcca83,5,ars,3,25
4710,95d5bb8d-2790-43d4-a0a3-970e5fe6ac19,5,ars,5,18
4711,24f641eb-913a-4416-84af-07ec8721940e,5,mdn,5,20
4712,8c8342e9-a790-4117-b607-5415d372b7f6,5,mw,4,29
4713,273a109b-52b8-4925-8536-22ceb3b716dc,5,mdn,5,30
4714,a04fce7c-b286-4d7c-a980-189ed10f7dcb,5,mf,3,28
4715,88f20ee0-e749-487f-a908-12f8ab47142b,2,ars,4,22
4716,a8272db8-0e9f-4372-a757-661bd02f9051,5,ars,5,26
4717,77a3f484-80a6-4184-b278-fc2ba7a9bc4d,5,ars,5,24
4718,0fe94c00-c05c-4d31-9f39-7d31012ea47a,5,ars,4,24
4719,dd17fd3c-6723-465c-8b53-ce5998b51003,4,mw,5,20
4720,ed2064be-7d40-4f59-9e7d-d7e7dd54b118,4,ars,5,28
4721,c7cccd38-9e0f-4c94-acfb-557606e7aadf,4,mw,3,22
4722,0b5bc2f8-6b6b-4cd8-abdd-7c9350676492,5,mw,5,26
4723,934eaca0-2d10-4419-8175-7812976e2931,3,ars,5,21
4724,c44794ff-60de-42e8-9ac1-d221a8ab29c0,4,ars,5,30
4725,e42c716f-8970-4881-89c6-3db8a37ccd35,4,mdn,5,30
4726,98101cf4-a26d-4e32-9f91-6f42993b3ea1,5,mfars,5,18
4727,c34aed25-5a2c-400e-ba87-7168d634e3bd,5,mdn,4,30
4728,0c2d68f2-4d17-4dab-b9a1-d0bdf4e10ce4,5,mdn,4,22
4729,663c3978-6013-4a55-9a58-5d538e435021,4,ars,5,25
4730,c4cf804a-7759-4269-8562-c7141d2c18c7,4,ars,5,24
4731,c34aed25-5a2c-400e-ba87-7168d634e3bd,5,mf,3,30
4732,cae3f7d3-ef38-44cd-99ae-c2606063e41f,5,mdn,3,22
4733,b8b1fa86-8f82-4898-a242-72dfdcfc0b75,5,mw,4,25
4734,37801059-5d8a-4bb8-ac44-c92f83dbfa3a,5,ars,5,19
4735,44f5e566-7fef-484a-b881-c53d9249ae9b,5,je,5,28
4736,fdf2851c-a685-4112-80fc-401747191dc3,5,mdn,5,26
4737,c3199038-0991-484e-bfee-899557351e13,5,mdn,5,25
4738,4ac5d5c7-fcf8-4d13-8384-5e452e3c04af,5,mdn,4,28
4739,0e97a2f7-f21a-4142-b564-eac1d55150cb,5,ars,5,28
4740,5ef119b1-883b-4964-8400-341414ee551a,5,mw,4,22
4741,aa994a1c-055e-4751-b4cf-ddc08d3a5f8c,4,ars,5,18
4742,c0db802b-635c-4f93-b4cb-7d9883a43093,5,ars,5,28
4743,91e4721c-9e62-45f6-874a-878f40489739,5,mdn,5,21
4744,aafce93e-6e5f-46ad-b186-d642d5a456a1,5,mdn,4,30
4745,93515f8d-d789-46de-bb36-728e6b16625a,4,ars,5,20
4746,2b46b282-1df9-4423-9625-2c6743a25144,5,ars,3,25
4747,f96dc1f6-d3a8-4cf6-a3ab-6a1182d41edd,5,mdn,3,23
4748,ac687490-2263-42a4-b629-41f9cb808ec3,5,k,5,28
4749,7a0157cb-c6fc-4ec5-873e-fafdddf66174,5,mdn,3,20
4750,573f0cfc-29ec-4c96-b6fa-c4b9c5746ccf,5,mw,4,28
4751,98101cf4-a26d-4e32-9f91-6f42993b3ea1,5,mdn,4,18
4752,0d5f41b7-3ab8-478c-836a-767823fd4c82,5,ars,5,28
4753,a137710a-0bfc-4d4e-be3b-2aa711ee0d7c,5,ars,5,19
4754,0ef4cecc-887a-460d-b699-659969939b87,5,k,5,24
4755,2e276933-00b1-44a5-93f7-8327f3fcca83,4,mdn,5,25
4756,5cf62f0f-9b68-4dd7-9dd1-78727e147558,5,mf,5,19
4757,9493905e-b65c-40ce-b799-c350ed3e1f18,5,ars,5,23
4758,a9c35b24-76a8-4b67-addd-81845fb390c7,5,mdn,5,29
4759,1efd7e76-acea-457d-b43c-d2c538c532b2,5,ars,5,22
4760,d1560a24-8c99-4ae8-85f9-c9bf80991ce4,5,ars,5,26
4761,b166452a-784d-4789-941e-1c7b8b6229f6,4,ars,5,21
4762,792a10ac-a9bb-45ce-af93-7a2619ef61fe,5,ars,3,30
4763,689f72f3-8a26-4eb9-abf2-c41108bc5bb6,3,mdn,5,23
4764,f79501bb-dbe6-4ba4-8439-e4740856c51a,5,mf,4,25
4765,dab9d52e-ee1a-4508-a4d6-5dd373bb25f6,5,mdn,5,19
4766,391319c2-41bc-4213-ba51-0e06718e1803,5,mw,5,26
4767,88c6509b-cbe2-47c6-ad02-97c92e300c48,4,mdn,5,30
4768,94173ad0-5841-4719-9ae3-44e387b19633,3,mdn,5,28
4769,d1d66775-cc03-42ea-ad3c-681efafb3682,5,k,4,24
4770,60a29855-f1ba-4d16-a0e5-45fdc18d8780,5,mdn,4,28
4771,6ec72b3a-0222-42ca-a3fe-bc17e019a32f,5,mfars,5,24
4772,f10cf3ff-f51e-442d-bee4-d1c0099c264c,5,mdn,5,29
4773,0bb3ee6a-85cc-4eb3-b648-e8c08e1364db,3,mdn,4,24
4774,5fb096ef-d891-4c20-aabc-80216c7d0ac6,5,mw,5,22
4775,ad7840ca-5f92-40dd-963a-5f8460b3a9dd,5,mf,5,18
4776,e42c716f-8970-4881-89c6-3db8a37ccd35,4,k,5,30
4777,c1133665-1bdf-4e34-ad54-083732118089,4,mf,5,18
4778,9f60f579-c330-400e-a75a-6d0d289424c1,5,mdn,5,19
4779,444bb96e-33b5-408b-8f36-792f40a9e402,5,mdn,5,20
4780,c7bf0ed5-820e-4544-920d-c50b944dec2c,4,mdn,5,26
4781,8e0fa808-9c9f-47f2-aaa1-6fd29a3c638d,5,mf,5,19
4782,37725a9e-f7e1-4803-ad03-e9be32e186d4,5,mw,4,20
4783,a21eedda-983a-47dd-81fc-20e1b1f34d9e,5,mf,4,26
4784,aac4a278-e82f-40cc-9662-861f6b2ac634,5,mdn,5,18
4785,a04fce7c-b286-4d7c-a980-189ed10f7dcb,4,ars,4,28
4786,a8272db8-0e9f-4372-a757-661bd02f9051,5,mdn,4,26
4787,e835a550-12b8-48aa-84a8-7fc1c8b1e775,5,ars,4,18
4788,a59fa924-4733-471c-8754-f6595cd0e6f1,5,mdn,3,27
4789,c7bf0ed5-820e-4544-920d-c50b944dec2c,5,mdn,5,26
4790,c1133665-1bdf-4e34-ad54-083732118089,5,mw,4,18
4791,d1953b54-615a-4056-af44-817e8a0c4b40,3,ars,4,20
4792,393c8d69-3a0e-414a-8b81-6b069e1d3432,5,mdn,5,19
4793,0b5bc2f8-6b6b-4cd8-abdd-7c9350676492,5,ars,4,26
4794,c4cf804a-7759-4269-8562-c7141d2c18c7,5,ars,4,24
4795,f6a23d22-7609-4675-b15a-07e2ac92d770,3,mdn,4,27
4796,8d2d94c5-8114-4962-a74e-d3f9ce3f36f5,5,mw,5,18
4797,87fe0f9e-2ee2-4524-895b-5cb68e7b55ab,5,mf,5,21
4798,3ad458ed-6069-4907-a71e-efda23c5abff,4,mw,5,28
4799,2c7871c7-4bd5-43a8-aa2c-3c65fc33736c,5,mdn,4,26
4800,c1843817-41a0-4488-9c7a-5a537f4659b5,4,mdn,3,29
4801,6e1d86b6-1249-4c44-a984-f1ea046d19b8,4,mdn,5,19
4802,9347de8d-7c8f-4fe7-bb9d-ccf63c729d89,5,ars,3,26
4803,0e354232-854f-43ec-944d-b120245eea4d,4,mdn,5,21
4804,ff4a3b75-5599-4d90-95f0-8a1bf29c5849,5,mdn,4,27
4805,44f5e566-7fef-484a-b881-c53d9249ae9b,5,mdn,5,28
4806,de26149b-380f-42c9-bdc1-a8584f2c5233,4,mf,5,29
4807,5d6539ff-441b-46cc-af23-5b77ff05230e,4,mf,5,25
4808,8aef2d51-8022-4436-a3a6-8c80ea4e0d91,5,mdn,5,29
4809,b19d51d1-cbaf-4d83-948a-e8f634e3ca48,5,mdn,4,21
4810,dfac5d22-8882-4707-bbe8-9325b9ddc739,5,mdn,5,20
4811,ceb7a529-86be-4dc4-b116-38797aabd2dd,5,mdn,5,29
4812,be1f9c71-c6b8-48c6-84bb-6ef5174954aa,3,mdn,5,20
4813,dbf069ee-b1dd-4b75-8b6e-73734ec2cb48,5,ars,5,21
4814,f6079976-5f69-482b-8b84-179dd5524bfa,4,mdn,3,28
4815,c1843817-41a0-4488-9c7a-5a537f4659b5,5,mdn,5,29
4816,3ebec66e-6765-4b6b-a97a-c0eb8314e327,5,mdn,5,20
4817,342ea9ee-c313-48ec-9c3e-d11cc7614f54,3,mdn,3,29
4818,7b2398e5-7c99-4ccd-aa73-5c987b82858f,4,je,5,19
4819,6cfc3694-9d16-4d0e-be7d-e717b3e39ea9,5,mdn,5,19
4820,393c8d69-3a0e-414a-8b81-6b069e1d3432,5,mdn,5,19
4821,e9b443df-a15c-4c9f-b225-c44096cdcb9e,4,ars,5,19
4822,792a10ac-a9bb-45ce-af93-7a2619ef61fe,5,mf,4,30
4823,d2def5be-4ed5-4735-ba73-d6a360f58a69,3,mdn,4,25
4824,d1d66775-cc03-42ea-ad3c-681efafb3682,4,mdn,5,24
4825,6b792bd6-6f66-4692-b446-832cc13edc39,5,mfmw,5,25
4826,a133b00f-54e3-42c5-87db-f89de83c6874,5,ars,5,20
4827,1105bd82-4df4-4116-be5a-0fc3f7506907,5,mf,3,18
4828,ba649e58-8a55-492c-bf39-5d660ebef5c7,4,mdn,5,20
4829,357a2790-e856-4dd3-a0f5-8f6e14d0267f,3,mdn,4,26
4830,789b8d4b-a8d0-430d-9fd4-29d445b2f6f2,5,mw,5,29
4831,2af566fa-f86c-462b-b3cf-5868069d103e,4,mw,5,21
4832,f4470d04-89ee-4c8e-99d8-4ed12535524b,5,ars,4,23
4833,f59c8c41-7c50-4929-a64d-49cf2e587423,5,mdn,5,24
4834,11a3f0b6-30be-4055-bd52-045a04e860fe,5,mf,5,25
4835,d2def5be-4ed5-4735-ba73-d6a360f58a69,5,ars,4,25
4836,e876c637-3708-402f-9fc3-ed2a59c697c9,5,mdn,4,27
4837,b201d5cd-6e38-4c63-8347-e1dbd89720e9,5,mdn,5,24
4838,357bbbdb-8186-4709-a792-2b49f743fad2,4,ars,3,18
4839,4ac5d5c7-fcf8-4d13-8384-5e452e3c04af,4,mf,5,28
4840,4cab344d-1770-4c38-a71f-6d51e8f3b5cc,4,mdn,4,18
4841,d1953b54-615a-4056-af44-817e8a0c4b40,4,mw,4,20
4842,a1408643-a549-447c-b867-6886faa00fca,5,ars,3,19
4843,455e0529-272b-4550-95d5-a0bdb835ca9f,4,mdn,4,23
4844,5d8a1dd5-498e-47ba-8bfc-62763467a996,3,mdn,3,27
4845,5d11e9c3-db2d-42ce-a4b2-676294bcab5c,3,ars,5,24
4846,d5b84e64-0316-493b-9d2d-3d5a49490e9c,4,mdn,4,21
4847,0d5f41b7-3ab8-478c-836a-767823fd4c82,4,ars,4,28
4848,ff9d3a2b-707a-4274-9447-421946699738,5,mdn,5,25
4849,58326bf0-4f33-4c16-b328-cc206f87d423,5,ars,5,28
4850,c1843817-41a0-4488-9c7a-5a537f4659b5,5,mdn,3,29
4851,581e0c61-097c-43a1-807a-d1f21bf13e0c,5,mdn,5,28
4852,1da45063-2dc1-41f2-88ea-7f61fe7f9a19,5,mdn,3,25
4853,4cab344d-1770-4c38-a71f-6d51e8f3b5cc,5,k,3,18
4854,ff4a3b75-5599-4d90-95f0-8a1bf29c5849,4,ars,3,27
4855,a50dc3c0-5a19-4025-83eb-5812671c9480,5,mdn,4,20
4856,b08e0cea-9237-4a5a-87d6-3f72a313ae3f,4,ars,5,29
4857,90f03727-0a86-4f64-8828-9b8d6d2a0650,4,ars,4,28
4858,71dfef48-bb94-46ba-9eb5-66c917e928c7,5,ars,3,18
4859,abeb14a7-d8db-429f-9acc-79ef8cdf9a02,5,ars,4,23
4860,7428131a-f272-433f-b7ae-725af2ab628d,4,mf,5,29
4861,f064f333-666c-499f-bfcb-b71607e60de7,5,mw,4,30
4862,0abe9114-4d57-4368-9b74-8ff8d5ab22cf,4,mw,5,18
4863,9dafb395-690f-4613-9aed-1761724d82c8,3,mdn,4,22
4864,c0db802b-635c-4f93-b4cb-7d9883a43093,5,mdn,5,28
4865,71dfef48-bb94-46ba-9eb5-66c917e928c7,5,ars,5,18
4866,789b8d4b-a8d0-430d-9fd4-29d445b2f6f2,5,ars,5,29
4867,b08e0cea-9237-4a5a-87d6-3f72a313ae3f,5,mdn,5,29
4868,e98d0b49-dc22-4be4-89e6-38ba25d671b3,3,mdn,2,21
4869,4ac5d5c7-fcf8-4d13-8384-5e452e3c04af,5,mdn,5,28
4870,abeb14a7-d8db-429f-9acc-79ef8cdf9a02,5,mw,5,23
4871,f0d0484f-f159-4fe0-8ed4-45dd77bc7cff,5,mdn,5,22
4872,273a109b-52b8-4925-8536-22ceb3b716dc,5,ars,4,30
4873,a4272ae2-4e7e-4252-a49a-10445c387bc6,5,ars,5,29
4874,ceb7a529-86be-4dc4-b116-38797aabd2dd,3,mf,5,29
4875,820fb470-45af-4458-a617-8ea1f9d8915d,5,mdn,4,30
4876,0b187bd8-2c9e-4c1a-ad95-1ac60fa3f39d,4,mdn,4,20
4877,dfc7c753-24c4-4193-ae2b-2ee1af876a13,5,mdn,4,30
4878,18d72f16-5e3b-4cdd-ac63-6847f84789e2,5,ars,4,25
4879,48a6d994-4f5b-468f-a96b-9ebe47e8e279,5,mdn,3,18
4880,9bb07206-a24d-488b-91d9-853f606d5fd4,4,ars,5,19
4881,bd3c3d70-fe18-477c-bdc3-51c106bd41b5,5,mdn,5,24
4882,90f03727-0a86-4f64-8828-9b8d6d2a0650,2,mf,4,28
4883,5fb096ef-d891-4c20-aabc-80216c7d0ac6,5,mw,5,22
4884,eb5ab705-64b5-4824-80b1-748c0c01560b,5,ars,4,30
4885,aafce93e-6e5f-46ad-b186-d642d5a456a1,4,ars,5,30
4886,455e0529-272b-4550-95d5-a0bdb835ca9f,5,mf,5,23
4887,9054ffc8-9df3-4b73-a700-17b228a19cba,4,mdn,4,29
4888,792a10ac-a9bb-45ce-af93-7a2619ef61fe,5,ars,5,30
4889,d59a405f-f8b3-49e9-9ac2-88dc3e6a1e53,3,mdn,5,23
4890,207a3175-fda0-43fb-8b30-c257bf055847,4,mf,3,29
4891,de26149b-380f-42c9-bdc1-a8584f2c5233,5,ars,4,29
4892,493c0fa8-bb96-4b13-b9fb-93abb37b65e7,5,ars,5,29
4893,7fab4381-0d58-4c87-890a-00f892c6b4d3,5,mf,3,27
4894,60a29855-f1ba-4d16-a0e5-45fdc18d8780,3,mdn,4,28
4895,709c8608-6cac-4147-9d6e-e8152ce6340c,5,mdn,5,24
4896,8633ed8f-31e9-45be-8c95-1a50d1658229,4,mf,4,27
4897,1f4653ef-22c9-4df4-acae-3ce6dcf43075,5,mf,4,26
4898,9c2aadbd-036d-45e6-b130-7f3d98892dba,3,mdn,5,20
4899,e9b443df-a15c-4c9f-b225-c44096cdcb9e,5,mw,4,19
4900,1b8f176a-44b5-4b9f-b3aa-7fd66e2c5697,5,ars,4,20
4901,a133b00f-54e3-42c5-87db-f89de83c6874,3,ars,5,20
4902,e0766991-32fc-4294-b1e2-a0dff52c64f2,5,mdn,5,23
4903,c0db802b-635c-4f93-b4cb-7d9883a43093,3,ars,5,28
4904,41c2499e-4649-4cd4-8476-d435c6166c58,5,mdn,5,22
4905,b57fcc40-677a-40da-9faa-265af0fca89d,4,ars,5,19
4906,e696ca58-d61a-449b-8aae-30772b7d92e3,5,ars,5,24
4907,8e0fa808-9c9f-47f2-aaa1-6fd29a3c638d,5,k,3,19
4908,f59c8c41-7c50-4929-a64d-49cf2e587423,5,mdn,5,24
4909,b661cc43-3695-4a39-b0dc-21164ec6e199,5,ars,5,20
4910,3ad458ed-6069-4907-a71e-efda23c5abff,3,mf,5,28
4911,e7ec3fdb-639e-430f-978e-10c034fd3978,5,mdn,5,21
4912,d13135a7-9a68-4169-815e-981149a54291,5,mw,5,27
4913,3d110c2c-e912-45ac-b49c-d55781dd00dd,4,ars,3,26
4914,4ac5d5c7-fcf8-4d13-8384-5e452e3c04af,5,mdn,5,28
4915,483a2cf3-98f9-456d-81d9-022710423c23,3,mdn,5,24
4916,c6843a46-7606-45f7-a642-7dfbe9bb61cf,5,mf,5,28
4917,2b46b282-1df9-4423-9625-2c6743a25144,5,mw,3,25
4918,d5bb291b-06cc-4dec-968a-ce7db7529f77,5,mdn,5,28
4919,483a2cf3-98f9-456d-81d9-022710423c23,3,mfars,5,24
4920,45d72ac3-0209-493e-9d5a-8a966d562845,4,mw,5,23
4921,ddd0d578-3230-498c-9471-c90132d0399a,5,mf,5,18
4922,4afd54fc-f5e7-41c3-beaf-b9b1270a218c,5,ars,4,28
4923,493c0fa8-bb96-4b13-b9fb-93abb37b65e7,5,mdn,4,29
4924,5ef119b1-883b-4964-8400-341414ee551a,5,mw,5,22
4925,c6843a46-7606-45f7-a642-7dfbe9bb61cf,5,mf,4,28
4926,b166452a-784d-4789-941e-1c7b8b6229f6,5,mf,5,21
4927,e33fe1f5-796c-4c1d-84c4-32eb396f9837,3,mf,5,24
4928,71dfef48-bb94-46ba-9eb5-66c917e928c7,4,mf,5,18
4929,9b87a188-a71f-4d7a-bb50-b7fae8022f80,4,ars,5,27
4930,2c7871c7-4bd5-43a8-aa2c-3c65fc33736c,4,mw,4,26
4931,d26cad8a-57db-41ec-9679-d73b30e718dc,5,ars,4,30
4932,2b9d541b-cc79-4e7a-8aca-958bed3b2c61,5,mdn,5,18
4933,8c45b709-a6d6-49b8-b996-e76dc0934213,5,mdn,5,23
4934,5cb0e54b-ec8d-46d8-8d81-eaa3e0687114,3,mdn,3,18
4935,7c7aeed7-f005-426d-aafd-368700609ba0,4,mdn,4,22
4936,0c2d68f2-4d17-4dab-b9a1-d0bdf4e10ce4,4,ars,5,22
4937,fefb10d9-4247-4d30-b89d-9efd8c703bf1,5,mfarsmdn,4,23
4938,14d84dec-8ae5-46d1-aebd-b3aa52f097ff,5,mdn,4,30
4939,c0f96359-1d50-4ea2-b4d2-98cffcc461bf,5,mdn,5,18
4940,f10cf3ff-f51e-442d-bee4-d1c0099c264c,5,mdn,4,29
4941,af410c09-749d-4f0b-bdb1-f3d0e42a2b0f,4,mdn,5,19
4942,d975480c-d90f-414e-a9e1-b1288c4fbd1c,5,je,5,28
4943,f29b1b86-ab96-4876-889d-70b5955a01c7,5,ars,5,27
4944,984f5641-df2b-40ba-83b2-61ba8eabc65c,4,ars,5,24
4945,18d72f16-5e3b-4cdd-ac63-6847f84789e2,5,ars,4,25
4946,9a61b41c-a3e3-4ee1-b5d0-fd87681fe92a,5,mw,4,21
4947,eb698920-996b-4bbd-b8a5-7414f307aa42,5,mdn,5,21
4948,e11ba41b-805a-4223-afa6-67c773666985,5,mw,5,30
4949,9cdeb8f3-f6ad-44fd-bccb-390c69038d0b,5,ars,5,20
4950,357a2790-e856-4dd3-a0f5-8f6e14d0267f,4,fg,5,26
4951,670e36fe-2b5e-4426-919b-889ef9ae7dc9,5,ars,5,26
4952,b19d51d1-cbaf-4d83-948a-e8f634e3ca48,4,mdn,5,21
4953,b07938ae-0ab3-44a5-9009-465521064ed4,4,ars,4,18
4954,1699c2dd-b2b5-4756-bc87-a4b933c25c01,5,mf,4,29
4955,6d494d2e-4ab9-4884-b620-e73214923863,5,mdn,5,18
4956,37ff7521-e05d-4635-8d59-e3c6f852d77d,5,ars,4,23
4957,b8711a0e-32ab-47db-aeb9-91be60b918a4,5,mdn,5,18
4958,663c3978-6013-4a55-9a58-5d538e435021,5,ars,5,25
4959,e11ba41b-805a-4223-afa6-67c773666985,5,ars,3,30
4960,dab9d52e-ee1a-4508-a4d6-5dd373bb25f6,5,mdn,5,19
4961,cbce132e-cb8f-4aac-a1c1-a776704aebef,4,mw,5,27
4962,ef4ca2ea-04a0-43cb-b257-87ad0f4d14b0,4,mdn,5,29
4963,2b9d541b-cc79-4e7a-8aca-958bed3b2c61,4,mf,4,18
4964,61dbc7bb-5997-4446-a7eb-5b0cd4ea98db,4,mdn,4,24
4965,6682a9bf-56ba-4596-8da7-14e90a00dcd4,5,mf,4,29
4966,51c428b4-c4a7-4da8-86e1-1fa640026086,5,mw,5,28
4967,b72ffd03-aef1-4d7f-896e-953964384583,5,mdn,3,24
4968,95d5bb8d-2790-43d4-a0a3-970e5fe6ac19,5,mf,5,18
4969,22c4015e-dc9e-4d9e-b7f2-3a69fe57a3b8,4,mdn,5,22
4970,71dfef48-bb94-46ba-9eb5-66c917e928c7,5,ars,5,18
4971,61dbc7bb-5997-4446-a7eb-5b0cd4ea98db,4,ars,5,24
4972,98101cf4-a26d-4e32-9f91-6f42993b3ea1,5,mw,4,18
4973,9edfb2eb-d613-48d3-bce6-bc81bffc2ac7,5,mf,5,25
4974,8633ed8f-31e9-45be-8c95-1a50d1658229,2,ars,5,27
4975,dda13a7f-e01e-4084-b353-9a7870744ff1,4,ars,4,26
4976,e98d0b49-dc22-4be4-89e6-38ba25d671b3,3,ars,4,21
4977,b7ba5486-611f-4ead-9e37-51de7d6961bb,5,ars,5,30
4978,0a986dd7-a658-40a9-9d1b-d3074e036e35,5,mdn,4,30
4979,20c3a3f4-11c6-43d4-a63d-88f54b3b8096,5,ars,5,30
4980,3dea5f61-f356-432f-b831-57df87d6b032,5,ars,3,23
4981,0e354232-854f-43ec-944d-b120245eea4d,5,mdn,5,21
4982,f05a9269-3068-486a-b87d-fda9d757275c,4,ars,4,28
4983,8c8342e9-a790-4117-b607-5415d372b7f6,5,mdn,5,29
4984,df68b52d-88f5-4b15-9731-39301acac35b,5,ars,5,24
4985,6f680a58-6e7f-4b24-ab2a-8f615cd14a21,5,mdn,3,27
4986,d1f141a2-1152-4522-ac13-eb572de63737,4,ars,5,23
4987,88f20ee0-e749-487f-a908-12f8ab47142b,4,mdn,4,22
4988,640d60da-a441-4460-b386-d9613ee01d28,5,ars,4,29
4989,78cb70fb-cca0-4d6b-83e3-0ca440be5174,5,k,4,27
4990,ad7840ca-5f92-40dd-963a-5f8460b3a9dd,3,ars,5,18
4991,d26cad8a-57db-41ec-9679-d73b30e718dc,5,mdn,5,30
4992,de26149b-380f-42c9-bdc1-a8584f2c5233,5,mfars,4,29
4993,83da35e2-88ab-4562-9f43-c192ecdaed1e,5,ars,4,18
4994,651aa3c1-3bba-4b30-9471-e0f7857900f7,5,mf,5,29
4995,d59a405f-f8b3-49e9-9ac2-88dc3e6a1e53,4,mdn,3,23
4996,d9196f86-a4c4-48aa-89e6-1f61947b8201,5,ars,5,24
4997,b8b1fa86-8f82-4898-a242-72dfdcfc0b75,3,ars,5,25
4998,22573f4b-b316-4b08-8b75-d05541ea7fcd,5,mdn,4,25
4999,acf94512-66a4-418e-98d7-dfc6c4691d80,5,mdn,3,24
5000,fcf4ee65-4267-4b08-bb3d-1860d83cb6e0,4,ars,5,29
5001,5d6539ff-441b-46cc-af23-5b77ff05230e,5,ars,5,25
5002,3715dae0-d872-499f-8f0c-fabf940e2bc0,3,mf,3,25
5003,40ef5c66-cc76-49a6-851d-1b58fe2953d7,5,mdn,3,29
5004,50fe2f3d-7fa4-43b4-b182-6ff9a0371dd4,5,ars,3,25
5005,a2509b39-af24-4703-842f-27c2dcd12475,4,ars,5,29
5006,eb5ab705-64b5-4824-80b1-748c0c01560b,5,ars,5,30
5007,c0f96359-1d50-4ea2-b4d2-98cffcc461bf,5,mf,3,18
5008,7c7aeed7-f005-426d-aafd-368700609ba0,4,k,5,22
5009,efee5412-be59-448d-9f6e-9a7dcf201113,5,ars,5,29
5010,ef4ca2ea-04a0-43cb-b257-87ad0f4d14b0,5,mdn,3,29
5011,e7d7ce10-2049-4fbe-8a69-710eb0c0b707,5,mfars,5,18
5012,1b06ccbe-4819-4c66-9629-77abef688416,5,ars,5,25
5013,bcb872cd-f6f8-422c-8729-59be0b01e4c4,4,ars,3,27
5014,9ac75f91-4f73-4df0-bb20-b7de3069baee,5,mf,5,25
5015,96491651-a46d-4fae-84ea-64c3c00a3071,5,mdn,3,19
5016,be5ec881-1245-4f55-9f25-8f76599294aa,3,ars,5,24
5017,f09830ac-90c9-4f96-82d2-30a969c28516,4,mdn,5,23
5018,91753f65-ede6-4be5-b7a7-9e8b4da7cc42,5,mdn,5,21
5019,273a109b-52b8-4925-8536-22ceb3b716dc,5,ars,3,30
5020,1bfa930d-cf1c-479b-87e4-bae0f9073321,3,mfars,4,23
5021,9a61b41c-a3e3-4ee1-b5d0-fd87681fe92a,4,mdn,5,21
5022,f6a23d22-7609-4675-b15a-07e2ac92d770,5,mdn,3,27
5023,6f680a58-6e7f-4b24-ab2a-8f615cd14a21,5,mf,4,27
5024,581e0c61-097c-43a1-807a-d1f21bf13e0c,4,mw,5,28
5025,0e321c7e-d2cf-4699-aa74-9544ab8f2090,5,ars,5,26
5026,cae3f7d3-ef38-44cd-99ae-c2606063e41f,4,mdn,5,22
5027,b7ba5486-611f-4ead-9e37-51de7d6961bb,4,ars,5,30
5028,80b41e1b-5190-447f-b409-c16b01162cf0,4,ars,5,22
5029,7a0157cb-c6fc-4ec5-873e-fafdddf66174,4,mdn,4,20
5030,ddd0d578-3230-498c-9471-c90132d0399a,4,k,5,18
5031,cb05f3e4-515e-4567-9ec2-b3d043b9f1e4,4,mdn,5,22
5032,73b6df25-7321-4250-8a5d-2d58573b14ec,4,mdn,5,24
5033,c0db802b-635c-4f93-b4cb-7d9883a43093,3,mdn,4,28
5034,e0766991-32fc-4294-b1e2-a0dff52c64f2,5,mdn,4,23
5035,6d494d2e-4ab9-4884-b620-e73214923863,5,mf,4,18
5036,d8eb4bf2-57a4-4a6a-8865-4ce0bf2c9e12,5,ars,5,29
5037,cee74a0a-0b19-443e-93ff-152112089c51,5,mw,5,24
5038,0c2d68f2-4d17-4dab-b9a1-d0bdf4e10ce4,4,ars,5,22
5039,393c8d69-3a0e-414a-8b81-6b069e1d3432,5,mf,5,19
5040,47ab6a24-9a36-4af9-b4a4-651bfa037130,4,ars,5,19
5041,b52aa66d-49b6-4823-b15d-19817ab072ab,5,mdn,3,24
5042,f09830ac-90c9-4f96-82d2-30a969c28516,4,ars,5,23
5043,444bb96e-33b5-408b-8f36-792f40a9e402,5,ars,3,20
5044,ddd0d578-3230-498c-9471-c90132d0399a,4,ars,4,18
5045,b5ed5b65-c1bf-4b2f-b650-e60a5139f1bc,4,mdn,5,20
5046,53292fdb-b353-457a-8482-81bdab16d44f,4,mdn,5,30
5047,b1d1a983-98bc-441f-96bf-b92fd2c78493,3,ars,3,26
5048,789b8d4b-a8d0-430d-9fd4-29d445b2f6f2,3,mw,3,29
5049,45d72ac3-0209-493e-9d5a-8a966d562845,5,mdn,4,23
5050,9fdd2e9f-bbb9-4c36-ad62-91b8914dd0ea,5,ars,3,25
5051,375b7df7-16cd-4376-965f-52dc0c4f3eb3,5,mf,5,23
5052,e98d0b49-dc22-4be4-89e6-38ba25d671b3,4,ars,4,21
5053,dda13a7f-e01e-4084-b353-9a7870744ff1,4,mf,4,26
5054,23f67700-5b2a-4ebb-a7a6-2b6bd78cea75,4,ars,5,21
5055,17f173bf-52a2-4042-80ee-6d30d0217f4c,5,mf,5,20
5056,8cc0183c-f480-475a-a25b-559f3576b7c5,5,mw,5,18
5057,3c24d078-c8f8-4f83-ab59-6d25c5b84bc2,4,ars,5,30
5058,f09830ac-90c9-4f96-82d2-30a969c28516,5,ars,5,23
5059,223e96b7-dfbe-442b-9b28-7fef065a6044,5,ars,5,19
5060,7fab4381-0d58-4c87-890a-00f892c6b4d3,5,ars,5,27
5061,2d1a4ae6-c125-4238-ae47-5496c45d5d8c,5,ars,5,24
5062,2a205037-8c86-4372-a92d-d81ee9b38025,4,mdn,4,21
5063,cec079b7-5691-4cd0-9092-3b0388c25d4a,5,mdn,3,22
5064,444bb96e-33b5-408b-8f36-792f40a9e402,5,ars,5,20
5065,37ff7521-e05d-4635-8d59-e3c6f852d77d,3,mdn,5,23
5066,ff4a3b75-5599-4d90-95f0-8a1bf29c5849,4,mf,5,27
5067,d5b84e64-0316-493b-9d2d-3d5a49490e9c,5,mw,5,21
5068,f627af83-24c8-4c96-a7fd-4e60eddea09e,3,mdn,5,24
5069,b07938ae-0ab3-44a5-9009-465521064ed4,5,ars,5,18
5070,38ba55a0-96fe-4f04-af03-fe2a75bf9968,5,mdn,3,26
5071,e8cf2675-3727-4525-970c-77eff23acff5,4,ars,5,22
5072,0d5f41b7-3ab8-478c-836a-767823fd4c82,3,ars,5,28
5073,6f680a58-6e7f-4b24-ab2a-8f615cd14a21,5,mdn,5,27
5074,a93b4520-48eb-4201-afbf-b8d72d7eb56a,5,mdn,5,28
5075,1b06ccbe-4819-4c66-9629-77abef688416,5,mdn,4,25
5076,66435fb2-4e78-43d7-952d-d83ed97c5590,4,mdn,5,21
5077,6e65b841-848c-46e7-a8b3-15ca81055f6a,5,ars,5,26
5078,3225e9ea-e884-40bd-a656-818e699d86ec,4,k,5,25
5079,d056ef76-a2d5-4e81-9a82-0a5190a878e8,5,k,5,28
5080,22c4015e-dc9e-4d9e-b7f2-3a69fe57a3b8,5,ars,5,22
5081,e0766991-32fc-4294-b1e2-a0dff52c64f2,5,mf,5,23
5082,53292fdb-b353-457a-8482-81bdab16d44f,5,mfars,4,30
5083,c005b690-b142-4d65-85e4-6ae65a48024d,5,mdn,3,27
5084,3dea5f61-f356-432f-b831-57df87d6b032,4,mdn,5,23
5085,ca5c06a4-b01e-4e89-b6e0-507d13da74e9,3,mdn,5,27
5086,2f773992-bd33-499d-b4d8-9de663d61d09,5,ars,5,18
5087,eb90a88d-20c0-4c51-98f1-a67bc873c84d,5,ars,4,20
5088,bd3c3d70-fe18-477c-bdc3-51c106bd41b5,4,ars,5,24
5089,dda13a7f-e01e-4084-b353-9a7870744ff1,3,mdn,5,26
5090,d6d28a99-70f3-4053-961c-029e34621e96,5,ars,4,21
5091,6e1d86b6-1249-4c44-a984-f1ea046d19b8,5,mfars,5,19
5092,38ba55a0-96fe-4f04-af03-fe2a75bf9968,5,j,5,26
5093,52a42141-4b24-488f-8631-7ef301b1c14c,5,mdn,4,27
5094,23205395-678b-4b55-a150-3fc8227c3a18,5,ars,5,29
5095,3c24d078-c8f8-4f83-ab59-6d25c5b84bc2,5,ars,3,30
5096,45d72ac3-0209-493e-9d5a-8a966d562845,5,ars,4,23
5097,a47a4348-5295-48e9-aea3-acb821b95f11,4,ars,5,23
5098,a21eedda-983a-47dd-81fc-20e1b1f34d9e,5,mdn,4,26
5099,b08e0cea-9237-4a5a-87d6-3f72a313ae3f,4,mdn,5,29
5100,efee5412-be59-448d-9f6e-9a7dcf201113,5,ars,4,29
5101,cbaaf4cd-85c3-4140-9033-acedf90fa1cb,5,fg,4,22
5102,22573f4b-b316-4b08-8b75-d05541ea7fcd,5,ars,5,25
5103,29db820a-86ac-4510-88f7-184d6f9dcf9c,5,ars,4,18
5104,67313ce6-34e5-492a-ab7b-4e50acceb029,5,ars,5,28
5105,d056ef76-a2d5-4e81-9a82-0a5190a878e8,5,mf,5,28
5106,e6167931-7dcd-40cb-a065-3804a08ae841,5,ars,3,30
5107,87fe0f9e-2ee2-4524-895b-5cb68e7b55ab,5,mfars,5,21
5108,1bfa930d-cf1c-479b-87e4-bae0f9073321,5,ars,4,23
5109,49b93c8d-21cf-4307-90e1-12f87a2a75a4,5,mf,5,26
5110,7c900363-ac5f-43a0-ae64-d5bb23688d88,3,mdn,5,27
5111,91753f65-ede6-4be5-b7a7-9e8b4da7cc42,5,mf,4,21
5112,a133b00f-54e3-42c5-87db-f89de83c6874,5,mf,3,20
5113,573f0cfc-29ec-4c96-b6fa-c4b9c5746ccf,5,mdn,3,28
5114,8905a79c-4956-4918-b85f-f194e57c2e62,5,mdn,4,24
5115,8bad8df3-fd1c-47eb-a830-cd085d8918f1,5,mf,4,20
5116,94173ad0-5841-4719-9ae3-44e387b19633,5,mw,5,28
5117,0b187bd8-2c9e-4c1a-ad95-1ac60fa3f39d,5,ars,5,20
5118,4ff66c05-68eb-4bc1-9ed7-4ca15066eb3c,5,ars,4,20
5119,8d2d94c5-8114-4962-a74e-d3f9ce3f36f5,5,ars,2,18
5120,ac687490-2263-42a4-b629-41f9cb808ec3,5,ars,5,28
5121,ed9b6e30-d898-4452-97e1-ccbcff4a27bb,4,mfars,5,18
5122,ec3f623a-65f2-4b0d-937b-d0d1c4325976,5,mdn,4,30
5123,af410c09-749d-4f0b-bdb1-f3d0e42a2b0f,5,mdn,5,19
5124,22b43ba7-0a64-49dd-bf2f-b6920e84a056,5,mdn,4,18
5125,a51ce71d-9acf-4e2f-b3bb-2d456a3de7ec,5,mdn,4,22
5126,d26cad8a-57db-41ec-9679-d73b30e718dc,5,mf,4,30
5127,68808f5c-066f-4afa-b2fa-ae7abe1e6ba5,5,mf,5,19
5128,39acfef6-976a-4ca5-a481-e5d887907fad,4,ars,5,19
5129,cdb366d6-e302-45aa-b61c-6bb4bd827c4f,5,ars,5,22
5130,fdf2851c-a685-4112-80fc-401747191dc3,5,mf,5,26
5131,55284c4b-b914-4e5d-9551-79d8f5b4eb5d,4,mdn,3,26
5132,22573f4b-b316-4b08-8b75-d05541ea7fcd,5,k,4,25
5133,e876c637-3708-402f-9fc3-ed2a59c697c9,4,ars,4,27
5134,ede1c719-13be-432a-958d-e5e220f7b972,5,ars,4,21
5135,b661cc43-3695-4a39-b0dc-21164ec6e199,4,mdn,5,20
5136,91e4721c-9e62-45f6-874a-878f40489739,3,mf,5,21
5137,b07938ae-0ab3-44a5-9009-465521064ed4,5,k,4,18
5138,f10cf3ff-f51e-442d-bee4-d1c0099c264c,5,mf,5,29
5139,3dea5f61-f356-432f-b831-57df87d6b032,5,mdn,4,23
5140,c7cccd38-9e0f-4c94-acfb-557606e7aadf,4,mf,5,22
5141,c43a7404-eeeb-4714-9bc9-598b448da6f9,5,mw,3,30
5142,5febecf8-2d9f-471b-9303-cd8dd0f658af,4,ars,4,28
5143,d8eb4bf2-57a4-4a6a-8865-4ce0bf2c9e12,5,mdn,5,29
5144,0e58e77d-a18e-44d2-9fb8-522685cc2b76,5,fg,3,21
5145,1b8f176a-44b5-4b9f-b3aa-7fd66e2c5697,5,mfars,5,20
5146,38ba55a0-96fe-4f04-af03-fe2a75bf9968,5,ars,5,26
5147,51c428b4-c4a7-4da8-86e1-1fa640026086,4,ars,4,28
5148,d4024ed1-cddb-4e3c-aea5-6616191d699f,5,mdn,4,29
5149,0ee3780f-36f5-4ce7-af65-420a0d0b528c,4,mdn,3,27
5150,b5ed5b65-c1bf-4b2f-b650-e60a5139f1bc,5,je,5,20
5151,216de2aa-e0bf-41b4-92da-3ad50ab2af5e,3,ars,3,22
5152,afcb575e-c985-4e48-8663-6e73dd6dbe65,5,mw,4,29
5153,64f2a8ab-33f5-42c6-9ba5-54e65b6b5af4,4,mdn,5,30
5154,18d72f16-5e3b-4cdd-ac63-6847f84789e2,5,mdn,3,25
5155,e70f6ce4-4606-4a3d-a5cb-3c22ac67b4ea,5,k,5,18
5156,b8711a0e-32ab-47db-aeb9-91be60b918a4,5,mf,5,18
5157,b57fcc40-677a-40da-9faa-265af0fca89d,5,mw,5,19
5158,8836f623-a6e4-442f-aa50-99c436187488,3,mdn,5,24
5159,747f065e-55d2-47c9-ab2b-c349fcbc001d,5,ars,5,23
5160,6ec72b3a-0222-42ca-a3fe-bc17e019a32f,5,mdn,5,24
5161,d26cad8a-57db-41ec-9679-d73b30e718dc,5,mfars,4,30
5162,4cab344d-1770-4c38-a71f-6d51e8f3b5cc,5,mdn,5,18
5163,216de2aa-e0bf-41b4-92da-3ad50ab2af5e,4,mdn,4,22
5164,9ffb6093-07ab-4c59-8f50-d7b38b640c04,4,mdn,4,29
5165,f79501bb-dbe6-4ba4-8439-e4740856c51a,5,ars,5,25
5166,8c8342e9-a790-4117-b607-5415d372b7f6,5,mdn,5,29
5167,4e5e83e4-af3a-4513-ae2d-281f7991fdb7,5,ars,5,25
5168,0e354232-854f-43ec-944d-b120245eea4d,4,mdn,4,21
5169,f0d0484f-f159-4fe0-8ed4-45dd77bc7cff,3,ars,5,22
5170,9ac75f91-4f73-4df0-bb20-b7de3069baee,5,mdn,5,25
5171,7828cf51-b3a0-48db-8231-70513625208a,4,mw,5,18
5172,1e22ce44-7a97-4f75-b7f5-d47bd96a8342,5,mdn,5,22
5173,a5a4ee5b-8385-4dfb-9185-a1deb1531cdb,5,ars,3,28
5174,d1f141a2-1152-4522-ac13-eb572de63737,4,mdn,5,23
5175,f6c33008-5144-41d8-b2a5-a570e9f1561b,4,mdn,4,21
5176,6f2f152e-fe85-4611-857a-528266761927,5,mdn,4,20
5177,3418969d-5c13-46ee-8df0-794019e7a64f,5,mdn,4,30
5178,1da45063-2dc1-41f2-88ea-7f61fe7f9a19,4,tam,5,25
5179,e42c716f-8970-4881-89c6-3db8a37ccd35,5,mf,5,30
5180,f064f333-666c-499f-bfcb-b71607e60de7,5,ars,5,30
5181,3957973a-682a-4959-b576-9a085c8a44ae,3,mdn,5,28
5182,87fe0f9e-2ee2-4524-895b-5cb68e7b55ab,5,ars,5,21
5183,663c3978-6013-4a55-9a58-5d538e435021,5,ars,4,25
5184,e18562d7-a549-49e1-ade6-2373fed3787d,5,ars,4,22
5185,da651f2b-7264-419b-86f7-c68c199ab2eb,5,mdn,5,22
5186,0d5f41b7-3ab8-478c-836a-767823fd4c82,3,mf,5,28
5187,40c6a39c-67fc-4202-b18e-ef0e0185bdd3,5,mdn,5,23
5188,b08e0cea-9237-4a5a-87d6-3f72a313ae3f,4,mdn,5,29
5189,e6167931-7dcd-40cb-a065-3804a08ae841,5,mf,5,30
5190,670e36fe-2b5e-4426-919b-889ef9ae7dc9,5,mdn,5,26
5191,c6843a46-7606-45f7-a642-7dfbe9bb61cf,4,mdn,5,28
5192,c0db802b-635c-4f93-b4cb-7d9883a43093,4,mf,5,28
5193,9bb07206-a24d-488b-91d9-853f606d5fd4,5,mf,5,19
5194,1105bd82-4df4-4116-be5a-0fc3f7506907,4,-,5,18
5195,2c867a72-877a-4cfb-8d18-01990c6c4846,4,mdn,5,19
5196,be5ec881-1245-4f55-9f25-8f76599294aa,4,mw,5,24
5197,4c618e0b-e52e-4b54-98ca-542b28fe4432,4,ars,5,18
5198,a04fce7c-b286-4d7c-a980-189ed10f7dcb,4,mdn,5,28
5199,5d8a1dd5-498e-47ba-8bfc-62763467a996,4,mf,5,27
5200,49e2e565-049d-4753-871a-2ec2587d386e,5,mf,5,30
5201,e8cf2675-3727-4525-970c-77eff23acff5,4,mdn,5,22
5202,be1f9c71-c6b8-48c6-84bb-6ef5174954aa,5,mw,4,20
5203,a93b4520-48eb-4201-afbf-b8d72d7eb56a,5,ars,4,28
5204,1b06ccbe-4819-4c66-9629-77abef688416,5,ars,5,25
5205,d4024ed1-cddb-4e3c-aea5-6616191d699f,5,ars,5,29
5206,bf94eb8d-5d4f-43d3-9528-ff5ef9009951,5,ars,5,24
5207,9b6d950a-d667-4f0b-ac67-0d810b2feff6,3,ars,3,22
5208,e876c637-3708-402f-9fc3-ed2a59c697c9,5,tam,3,27
5209,73b6df25-7321-4250-8a5d-2d58573b14ec,5,mdn,5,24
5210,96491651-a46d-4fae-84ea-64c3c00a3071,3,mdn,3,19
5211,393c8d69-3a0e-414a-8b81-6b069e1d3432,5,ars,5,19
5212,899d5675-9fe8-4dde-af03-7b62ba95428c,3,tam,4,22
5213,2af566fa-f86c-462b-b3cf-5868069d103e,4,ars,5,21
5214,b08e0cea-9237-4a5a-87d6-3f72a313ae3f,4,ars,5,29
5215,eb5ab705-64b5-4824-80b1-748c0c01560b,5,mdn,5,30
5216,202f45d7-fcef-4cc2-8278-6cd8e89d01cd,5,mw,3,19
5217,357bbbdb-8186-4709-a792-2b49f743fad2,3,mf,5,18
5218,e696ca58-d61a-449b-8aae-30772b7d92e3,5,mdn,5,24
5219,4073acaa-d216-4e04-8729-bfadada4d095,5,mdn,4,20
5220,87fe0f9e-2ee2-4524-895b-5cb68e7b55ab,5,ars,4,21
5221,47ab6a24-9a36-4af9-b4a4-651bfa037130,5,mdn,4,19
5222,efee5412-be59-448d-9f6e-9a7dcf201113,4,mfars,4,29
5223,0f1a02d0-badb-422e-a97f-76df0e23f581,5,mf,5,26
5224,e42c716f-8970-4881-89c6-3db8a37ccd35,5,ars,5,30
5225,87fe0f9e-2ee2-4524-895b-5cb68e7b55ab,4,mf,5,21
5226,f29b1b86-ab96-4876-889d-70b5955a01c7,5,ars,3,27
5227,8cc0183c-f480-475a-a25b-559f3576b7c5,5,ars,4,18
5228,47ab6a24-9a36-4af9-b4a4-651bfa037130,4,ars,5,19
5229,357a2790-e856-4dd3-a0f5-8f6e14d0267f,4,ars,4,26
5230,4cf82814-1d7e-430c-bba3-247af2552306,5,tam,5,19
5231,64272418-9b0a-406a-8bbe-e115bdbfc718,5,ars,4,25
5232,49b93c8d-21cf-4307-90e1-12f87a2a75a4,5,mdn,4,26
5233,fcf4ee65-4267-4b08-bb3d-1860d83cb6e0,5,ars,5,29
5234,44ca9a06-8b5d-42d1-a313-dfee18559727,5,mw,4,28
5235,b94abf88-995e-47ac-9dae-0fc713c19fd9,4,tam,3,27
5236,d9196f86-a4c4-48aa-89e6-1f61947b8201,5,ars,4,24
5237,5805dec2-b9a9-4314-9e19-729737c7a6c6,3,mf,5,21
5238,a59fa924-4733-471c-8754-f6595cd0e6f1,4,mw,5,27
5239,52a42141-4b24-488f-8631-7ef301b1c14c,5,mdn,5,27
5240,6b792bd6-6f66-4692-b446-832cc13edc39,4,mdn,4,25
5241,49b93c8d-21cf-4307-90e1-12f87a2a75a4,5,mf,5,26
5242,dceebdb5-1a91-4fa6-8072-aaa827868eb3,5,ars,4,26
5243,b52aa66d-49b6-4823-b15d-19817ab072ab,5,mf,4,24
5244,af8a0613-364e-42b4-903f-c2ea6ed41cea,5,mf,5,26
5245,c005b690-b142-4d65-85e4-6ae65a48024d,5,mfars,5,27
5246,a21eedda-983a-47dd-81fc-20e1b1f34d9e,5,mdn,4,26
5247,fdf2851c-a685-4112-80fc-401747191dc3,5,ars,5,26
5248,9dafb395-690f-4613-9aed-1761724d82c8,3,mdn,5,22
5249,d5bb291b-06cc-4dec-968a-ce7db7529f77,5,mf,3,28
5250,fea9deb6-7320-4e71-8c81-a5529ccdd68c,5,ars,4,23
5251,e7d7ce10-2049-4fbe-8a69-710eb0c0b707,5,ars,4,18
5252,2b46b282-1df9-4423-9625-2c6743a25144,4,mdn,5,25
5253,0a986dd7-a658-40a9-9d1b-d3074e036e35,4,mdn,4,30
5254,6182a456-4de8-43e2-b54f-5836017a532d,4,ars,5,19
5255,ce6e85c5-f384-4d46-b67e-a4ca72252a0a,5,ars,5,30
5256,1b06ccbe-4819-4c66-9629-77abef688416,4,ars,4,25
5257,2eebf90c-68dc-4631-a827-b59638b7ad52,4,mdn,5,26
5258,6682a9bf-56ba-4596-8da7-14e90a00dcd4,5,-,5,29
5259,7fab4381-0d58-4c87-890a-00f892c6b4d3,5,mdn,5,27
5260,f1242db3-e5af-4813-a6f1-4c9e531776bd,5,ars,5,20
5261,4afd54fc-f5e7-41c3-beaf-b9b1270a218c,5,mw,5,28
5262,7f337d29-cfd2-4a03-bbb9-ec6196e1d34d,5,ars,4,30
5263,f05a9269-3068-486a-b87d-fda9d757275c,4,ars,4,28
5264,7b2398e5-7c99-4ccd-aa73-5c987b82858f,3,ars,4,19
5265,a997b75b-15b5-4973-bd5c-0372fd8cb344,5,mdn,4,22
5266,2eebf90c-68dc-4631-a827-b59638b7ad52,5,mdn,4,26
5267,6cfc3694-9d16-4d0e-be7d-e717b3e39ea9,5,mf,5,19
5268,85c289f3-c492-4b55-91f1-25a199c58832,5,je,4,25
5269,d5bb291b-06cc-4dec-968a-ce7db7529f77,4,mdn,5,28
5270,927c3ada-c329-468f-8b53-036feb07b813,5,mdn,5,21
5271,9a72950d-597c-4488-8d80-702130f485ee,4,mdn,4,23
5272,f59c8c41-7c50-4929-a64d-49cf2e587423,5,mdn,5,24
5273,80b41e1b-5190-447f-b409-c16b01162cf0,5,mdn,4,22
5274,d5bb291b-06cc-4dec-968a-ce7db7529f77,3,mdn,5,28
5275,2384d785-bbf8-4c79-be46-5e56d3e5feee,4,mf,5,19
5276,8633ed8f-31e9-45be-8c95-1a50d1658229,4,k,5,27
5277,e876c637-3708-402f-9fc3-ed2a59c697c9,3,mw,4,27
5278,a14d25d1-f7f8-4220-8946-96cf6b19cae9,4,ars,4,24
5279,9f60f579-c330-400e-a75a-6d0d289424c1,5,mdn,5,19
5280,94173ad0-5841-4719-9ae3-44e387b19633,5,mdn,5,28
5281,1bbd002a-73c0-4f38-8e36-76560bba1f49,5,mdn,5,19
5282,273a109b-52b8-4925-8536-22ceb3b716dc,3,ars,5,30
5283,ede1c719-13be-432a-958d-e5e220f7b972,5,ars,5,21
5284,e42c716f-8970-4881-89c6-3db8a37ccd35,4,ars,5,30
5285,5ef1e3ae-45e5-41e7-956b-4cef7dcf95b5,4,ars,5,21
5286,a47a4348-5295-48e9-aea3-acb821b95f11,5,ars,5,23
5287,1c8b2fc6-6dea-4184-9cb0-5dfbe49b73da,5,mdn,5,30
5288,bd3c3d70-fe18-477c-bdc3-51c106bd41b5,5,ars,3,24
5289,483a2cf3-98f9-456d-81d9-022710423c23,5,mdn,4,24
5290,a9bdcbf6-4345-477c-a7a8-a7a09b29bd64,5,mf,5,19
5291,9a61b41c-a3e3-4ee1-b5d0-fd87681fe92a,4,mf,5,21
5292,87fe0f9e-2ee2-4524-895b-5cb68e7b55ab,4,mf,5,21
5293,f064f333-666c-499f-bfcb-b71607e60de7,5,mw,4,30
5294,2f17238b-3151-4596-bd04-d55f4c80a066,5,ars,5,30
5295,d056ef76-a2d5-4e81-9a82-0a5190a878e8,4,tam,5,28
5296,2ae01d22-116d-44c0-84be-cfad96fb519c,5,k,4,20
5297,f1242db3-e5af-4813-a6f1-4c9e531776bd,5,mdn,5,20
5298,2ae01d22-116d-44c0-84be-cfad96fb519c,5,mdn,3,20
5299,3ad458ed-6069-4907-a71e-efda23c5abff,3,mdn,3,28
5300,50bc13c3-0c72-4cab-a0af-b1569c6608e6,5,mf,5,30
5301,a5a4ee5b-8385-4dfb-9185-a1deb1531cdb,4,mf,5,28
5302,d26cad8a-57db-41ec-9679-d73b30e718dc,5,mdn,5,30
5303,aafce93e-6e5f-46ad-b186-d642d5a456a1,4,mdn,4,30
5304,b72ffd03-aef1-4d7f-896e-953964384583,4,mdn,5,24
5305,6682a9bf-56ba-4596-8da7-14e90a00dcd4,4,ars,5,29
5306,c34aed25-5a2c-400e-ba87-7168d634e3bd,5,ars,4,30
5307,95d5bb8d-2790-43d4-a0a3-970e5fe6ac19,5,mf,4,18
5308,ac687490-2263-42a4-b629-41f9cb808ec3,5,ars,2,28
5309,64272418-9b0a-406a-8bbe-e115bdbfc718,5,mdn,4,25
5310,f96dc1f6-d3a8-4cf6-a3ab-6a1182d41edd,4,ars,4,23
5311,fe2ef5d1-e5b0-4c59-b553-8a14aa6485fd,4,mdn,5,28
5312,f8a5ac4a-6f9a-4356-a9d7-142b91a4c9a4,5,mf,5,21
5313,d59a405f-f8b3-49e9-9ac2-88dc3e6a1e53,5,mf,4,23
5314,3957973a-682a-4959-b576-9a085c8a44ae,4,mw,4,28
5315,2a205037-8c86-4372-a92d-d81ee9b38025,3,mf,4,21
5316,f6079976-5f69-482b-8b84-179dd5524bfa,5,mf,4,28
5317,91753f65-ede6-4be5-b7a7-9e8b4da7cc42,5,mdn,5,21
5318,9493905e-b65c-40ce-b799-c350ed3e1f18,5,mf,5,23
5319,9fd059e2-db33-4855-9374-7ccccc82e66e,3,mdn,5,22
5320,7d446322-1542-4988-929c-6542663cfe0c,5,mdn,4,19
5321,1de40c3b-877b-48c2-be67-4021b5459754,3,mw,5,22
5322,d1953b54-615a-4056-af44-817e8a0c4b40,4,ars,5,20
5323,357bbbdb-8186-4709-a792-2b49f743fad2,3,mf,5,18
5324,90f03727-0a86-4f64-8828-9b8d6d2a0650,5,ars,3,28
5325,a21eedda-983a-47dd-81fc-20e1b1f34d9e,5,mdn,5,26
5326,cec079b7-5691-4cd0-9092-3b0388c25d4a,5,mdn,3,22
5327,cee38db4-d8fb-4876-affb-408d23f0c5fc,2,mdn,5,20
5328,23f67700-5b2a-4ebb-a7a6-2b6bd78cea75,4,mdn,4,21
5329,4e5e83e4-af3a-4513-ae2d-281f7991fdb7,4,mdn,5,25
5330,c44b54b6-297d-4d1f-a5cc-1fbf039d492b,3,fg,4,27
5331,3dea5f61-f356-432f-b831-57df87d6b032,5,je,3,23
5332,581e0c61-097c-43a1-807a-d1f21bf13e0c,5,ars,5,28
5333,44ca9a06-8b5d-42d1-a313-dfee18559727,5,ars,5,28
5334,45d72ac3-0209-493e-9d5a-8a966d562845,4,ars,5,23
5335,b8b1fa86-8f82-4898-a242-72dfdcfc0b75,3,mf,5,25
5336,d1560a24-8c99-4ae8-85f9-c9bf80991ce4,5,je,5,26
5337,7c032388-80b3-48e9-be91-56bf32f69e9c,4,mf,3,29
5338,da0a8407-c3fa-42bc-bd2b-23e1c7cde8a9,5,ars,4,30
5339,aac4a278-e82f-40cc-9662-861f6b2ac634,4,ars,5,18
5340,8836f623-a6e4-442f-aa50-99c436187488,4,mw,5,24
5341,2f520f04-c2d9-4b9c-a029-6f9df9507b70,5,mdn,4,20
5342,3c24d078-c8f8-4f83-ab59-6d25c5b84bc2,4,mdn,5,30
5343,da0a8407-c3fa-42bc-bd2b-23e1c7cde8a9,4,mdn,4,30
5344,fcf4ee65-4267-4b08-bb3d-1860d83cb6e0,5,mw,5,29
5345,5939bdfb-18e1-40ee-8654-d802e218a33f,5,mdn,5,29
5346,6cfc3694-9d16-4d0e-be7d-e717b3e39ea9,4,ars,5,19
5347,e11ba41b-805a-4223-afa6-67c773666985,4,mdn,4,30
5348,573f0cfc-29ec-4c96-b6fa-c4b9c5746ccf,4,ars,5,28
5349,3d110c2c-e912-45ac-b49c-d55781dd00dd,5,mdn,5,26
5350,2f17238b-3151-4596-bd04-d55f4c80a066,4,ars,5,30
5351,6975f225-5acc-48bb-a80d-6a3a5e442fae,5,ars,5,28
5352,391319c2-41bc-4213-ba51-0e06718e1803,4,mdn,5,26
5353,c0f96359-1d50-4ea2-b4d2-98cffcc461bf,4,ars,5,18
5354,a2509b39-af24-4703-842f-27c2dcd12475,4,mdn,5,29
5355,af8a0613-364e-42b4-903f-c2ea6ed41cea,5,ars,5,26
5356,b5ed5b65-c1bf-4b2f-b650-e60a5139f1bc,5,mf,4,20
5357,ddd0d578-3230-498c-9471-c90132d0399a,5,mdn,4,18
5358,8f526ed2-d369-4494-ac76-83d6b718337f,5,ars,5,21
5359,e7ec3fdb-639e-430f-978e-10c034fd3978,5,mw,5,21
5360,342ea9ee-c313-48ec-9c3e-d11cc7614f54,4,ars,5,29
5361,9f60f579-c330-400e-a75a-6d0d289424c1,5,ars,4,19
5362,d1953b54-615a-4056-af44-817e8a0c4b40,4,ars,5,20
5363,a9bdcbf6-4345-477c-a7a8-a7a09b29bd64,5,mw,5,19
5364,a76629f6-fe9d-4e32-a4ab-46b9faf116a0,5,fg,4,25
5365,a1408643-a549-447c-b867-6886faa00fca,5,mdn,5,19
5366,b201d5cd-6e38-4c63-8347-e1dbd89720e9,5,j,3,24
5367,b2120df0-7828-41fd-8a67-19bf1554d594,4,mdn,5,19
5368,d1953b54-615a-4056-af44-817e8a0c4b40,5,mdn,4,20
5369,cee74a0a-0b19-443e-93ff-152112089c51,5,ars,5,24
5370,9b87a188-a71f-4d7a-bb50-b7fae8022f80,5,mdn,5,27
5371,52a42141-4b24-488f-8631-7ef301b1c14c,4,mdn,4,27
5372,4afd54fc-f5e7-41c3-beaf-b9b1270a218c,5,mf,5,28
5373,5cd193d4-8ecf-4845-a463-61edf2b05ff3,5,mw,4,26
5374,273a109b-52b8-4925-8536-22ceb3b716dc,5,mdn,5,30
5375,7c900363-ac5f-43a0-ae64-d5bb23688d88,5,mf,5,27
5376,8e0fa808-9c9f-47f2-aaa1-6fd29a3c638d,5,k,4,19
5377,7d446322-1542-4988-929c-6542663cfe0c,5,k,5,19
5378,6182a456-4de8-43e2-b54f-5836017a532d,4,mdn,5,19
5379,ac1781e0-796b-4d94-a324-680e348fe2cb,3,mdn,4,22
5380,eb90a88d-20c0-4c51-98f1-a67bc873c84d,5,mdn,5,20
5381,6975f225-5acc-48bb-a80d-6a3a5e442fae,5,mdn,5,28
5382,357a2790-e856-4dd3-a0f5-8f6e14d0267f,4,k,4,26
5383,17f173bf-52a2-4042-80ee-6d30d0217f4c,5,ars,5,20
5384,a93b4520-48eb-4201-afbf-b8d72d7eb56a,5,ars,5,28
5385,50bc13c3-0c72-4cab-a0af-b1569c6608e6,5,ars,5,30
5386,789b8d4b-a8d0-430d-9fd4-29d445b2f6f2,5,ars,3,29
5387,dfac5d22-8882-4707-bbe8-9325b9ddc739,5,mdn,5,20
5388,ef4ca2ea-04a0-43cb-b257-87ad0f4d14b0,4,mf,4,29
5389,2b7f0ba7-166f-43e5-9c60-056b72b479a4,4,mdn,5,27
5390,41ae8e3f-715e-4fe0-aa5f-75aca345731c,2,ars,4,28
5391,de511cef-1fc8-493b-bb99-d9ba30a042c9,5,ars,5,28
5392,f4470d04-89ee-4c8e-99d8-4ed12535524b,4,mdn,5,23
5393,a8272db8-0e9f-4372-a757-661bd02f9051,5,ars,3,26
5394,c7cccd38-9e0f-4c94-acfb-557606e7aadf,5,ars,4,22
5395,ab3fe741-a432-4b93-97e7-ca7f86b14d56,5,ars,4,21
5396,8bad8df3-fd1c-47eb-a830-cd085d8918f1,4,mdn,5,20
5397,792a10ac-a9bb-45ce-af93-7a2619ef61fe,4,mdn,5,30
5398,11cb3da8-b076-4554-b86b-ad619773b101,5,mdn,4,27
5399,8c8342e9-a790-4117-b607-5415d372b7f6,5,mdn,5,29
5400,2f586764-da78-499d-9a41-eafd03844e80,5,ars,5,29
5401,0ef4cecc-887a-460d-b699-659969939b87,4,mdn,3,24
5402,2384d785-bbf8-4c79-be46-5e56d3e5feee,5,ars,3,19
5403,cbce132e-cb8f-4aac-a1c1-a776704aebef,5,ars,5,27
5404,820fb470-45af-4458-a617-8ea1f9d8915d,5,mdn,5,30
5405,d99430cc-3810-4660-823f-02144b19ea3d,5,mdn,5,29
5406,e7cb74f4-ab7a-4555-90a9-a9f5ecb3f9b6,5,mw,4,28
5407,48aeea0c-cfef-4b4a-b94f-415455a9d7af,5,mw,5,20
5408,c6843a46-7606-45f7-a642-7dfbe9bb61cf,2,mdn,4,28
5409,e7ec3fdb-639e-430f-978e-10c034fd3978,4,mw,3,21
5410,dda13a7f-e01e-4084-b353-9a7870744ff1,5,ars,5,26
5411,9bb07206-a24d-488b-91d9-853f606d5fd4,4,mdn,5,19
5412,670e36fe-2b5e-4426-919b-889ef9ae7dc9,5,mdn,5,26
5413,f064f333-666c-499f-bfcb-b71607e60de7,4,mdn,5,30
5414,d8eb4bf2-57a4-4a6a-8865-4ce0bf2c9e12,3,mdn,4,29
5415,58d13a75-2efb-4254-85fa-13bdb2ac2156,5,ars,5,19
5416,22c4015e-dc9e-4d9e-b7f2-3a69fe57a3b8,4,mdn,5,22
5417,606ef552-6427-489e-aec2-43a4a17643e2,5,ars,5,20
5418,5e6e310e-6abc-4e1a-b8e6-75b0a5b991b2,5,mdn,4,28
5419,cb05f3e4-515e-4567-9ec2-b3d043b9f1e4,3,ars,5,22
5420,e9877472-82b1-472c-8e62-929561e5e2e7,5,mdn,5,30
5421,b94abf88-995e-47ac-9dae-0fc713c19fd9,4,mdn,4,27
5422,87fe0f9e-2ee2-4524-895b-5cb68e7b55ab,5,mw,4,21
5423,2f17238b-3151-4596-bd04-d55f4c80a066,4,ars,5,30
5424,93515f8d-d789-46de-bb36-728e6b16625a,3,mdn,4,20
5425,ad7840ca-5f92-40dd-963a-5f8460b3a9dd,4,k,5,18
5426,357a2790-e856-4dd3-a0f5-8f6e14d0267f,5,mw,5,26
5427,0aa927af-2e14-47b5-bb75-c1c700b13262,4,ars,3,25
5428,e33fe1f5-796c-4c1d-84c4-32eb396f9837,5,mdn,5,24
5429,a51ce71d-9acf-4e2f-b3bb-2d456a3de7ec,5,ars,3,22
5430,b57fcc40-677a-40da-9faa-265af0fca89d,5,ars,5,19
5431,6b544598-bc17-4e6f-9cd4-987f46c83902,5,mfmw,3,19
5432,7aaf2ee9-a6f9-4256-8f6b-742a0ee1ac2e,5,mdn,5,26
5433,58d13a75-2efb-4254-85fa-13bdb2ac2156,4,mdn,5,19
5434,984f5641-df2b-40ba-83b2-61ba8eabc65c,5,mdn,4,24
5435,0abe9114-4d57-4368-9b74-8ff8d5ab22cf,5,mfarsmdn,5,18
5436,11cb3da8-b076-4554-b86b-ad619773b101,4,ars,4,27
5437,d13135a7-9a68-4169-815e-981149a54291,5,ars,4,27
5438,689f72f3-8a26-4eb9-abf2-c41108bc5bb6,5,mf,5,23
5439,c44794ff-60de-42e8-9ac1-d221a8ab29c0,5,mdn,5,30
5440,86677349-04ed-425a-b521-0389359ed54e,4,mdn,5,25
5441,558a3ec4-7fbc-40e7-9553-f8cff87516c7,5,mf,4,29
5442,4c618e0b-e52e-4b54-98ca-542b28fe4432,4,je,5,18
5443,ceb7a529-86be-4dc4-b116-38797aabd2dd,5,mdn,5,29
5444,ae40a3a5-e900-4cbc-8955-280bd7529d92,4,mf,3,21
5445,581e0c61-097c-43a1-807a-d1f21bf13e0c,5,mdn,4,28
5446,ff4a3b75-5599-4d90-95f0-8a1bf29c5849,5,ars,5,27
5447,52a42141-4b24-488f-8631-7ef301b1c14c,5,mdn,5,27
5448,a76629f6-fe9d-4e32-a4ab-46b9faf116a0,5,ars,4,25
5449,d1d66775-cc03-42ea-ad3c-681efafb3682,5,mdn,4,24
5450,59ad52ab-0325-4f71-bbf8-6d0eabc630ad,5,ars,5,30
5451,89659f75-6600-40be-8c14-322a5ae87e24,5,ars,4,23
5452,f6a23d22-7609-4675-b15a-07e2ac92d770,5,mdn,5,27
5453,87fe0f9e-2ee2-4524-895b-5cb68e7b55ab,4,mdn,5,21
5454,cec079b7-5691-4cd0-9092-3b0388c25d4a,4,k,5,22
5455,de511cef-1fc8-493b-bb99-d9ba30a042c9,4,mdn,5,28
5456,6f680a58-6e7f-4b24-ab2a-8f615cd14a21,3,mdn,4,27
5457,f9c4d67a-8176-4831-b098-8d866ed2dd52,4,mdn,4,20
5458,a997b75b-15b5-4973-bd5c-0372fd8cb344,5,ars,5,22
5459,d26cad8a-57db-41ec-9679-d73b30e718dc,5,ars,4,30
5460,89659f75-6600-40be-8c14-322a5ae87e24,4,mdn,5,23
5461,3aa83f6f-e363-4f12-9770-8902a51fbfbc,5,mdn,5,27
5462,ab3fe741-a432-4b93-97e7-ca7f86b14d56,5,mdn,3,21
5463,ab3fe741-a432-4b93-97e7-ca7f86b14d56,5,mfars,5,21
5464,59ad52ab-0325-4f71-bbf8-6d0eabc630ad,4,ars,5,30
5465,9ffb6093-07ab-4c59-8f50-d7b38b640c04,4,ars,4,29
5466,b1d1a983-98bc-441f-96bf-b92fd2c78493,5,ars,5,26
5467,a2b117e7-ab57-476e-831c-33f7ceb1aa35,5,ars,5,29
5468,eb90a88d-20c0-4c51-98f1-a67bc873c84d,5,mf,5,20
5469,b94abf88-995e-47ac-9dae-0fc713c19fd9,3,mfars,3,27
5470,e9877472-82b1-472c-8e62-929561e5e2e7,5,ars,4,30
5471,51c428b4-c4a7-4da8-86e1-1fa640026086,5,mdn,5,28
5472,7f337d29-cfd2-4a03-bbb9-ec6196e1d34d,5,mdn,4,30
5473,8c45b709-a6d6-49b8-b996-e76dc0934213,3,ars,5,23
5474,5ea1e29a-d64c-4b9b-bf02-d7bb6e8b1156,5,mf,5,29
5475,b50df7ff-04f6-45b6-b3fd-0d96d4fbcd61,5,mdn,4,18
5476,fea9deb6-7320-4e71-8c81-a5529ccdd68c,3,mf,4,23
5477,18ef96e8-9a73-4678-8c6c-772ce127d7f9,5,mf,5,30
5478,d9196f86-a4c4-48aa-89e6-1f61947b8201,4,ars,4,24
5479,22c4015e-dc9e-4d9e-b7f2-3a69fe57a3b8,5,ars,5,22
5480,6be004f0-b701-4daa-b7e2-312b56f97129,5,ars,5,23
5481,366c8261-243e-4eab-9695-6df81979597a,3,ars,5,18
5482,9ffb6093-07ab-4c59-8f50-d7b38b640c04,4,k,4,29
5483,e8cf2675-3727-4525-970c-77eff23acff5,5,mdn,4,22
5484,4ac5d5c7-fcf8-4d13-8384-5e452e3c04af,5,mdn,4,28
5485,dfc7c753-24c4-4193-ae2b-2ee1af876a13,3,mfmw,5,30
5486,af8a0613-364e-42b4-903f-c2ea6ed41cea,5,mf,5,26
5487,f6079976-5f69-482b-8b84-179dd5524bfa,5,ars,5,28
5488,fcf4ee65-4267-4b08-bb3d-1860d83cb6e0,5,mdn,5,29
5489,2eebf90c-68dc-4631-a827-b59638b7ad52,4,mdn,3,26
5490,d057bbf9-c5fa-420a-9bb9-1f6322853d1c,5,mdn,5,27
5491,1fb37a6e-bfb4-48da-b71f-d813fb59ef1c,4,ars,5,30
5492,d13135a7-9a68-4169-815e-981149a54291,5,ars,5,27
5493,6f9ed042-aee1-4527-9335-284bb7d27521,5,mw,4,29
5494,4c618e0b-e52e-4b54-98ca-542b28fe4432,5,mdn,5,18
5495,c44794ff-60de-42e8-9ac1-d221a8ab29c0,4,mdn,4,30
5496,d59a405f-f8b3-49e9-9ac2-88dc3e6a1e53,5,ars,5,23
5497,18d72f16-5e3b-4cdd-ac63-6847f84789e2,5,mdn,3,25
5498,f59c8c41-7c50-4929-a64d-49cf2e587423,4,mdn,5,24
5499,2c867a72-877a-4cfb-8d18-01990c6c4846,4,ars,5,19
5500,1b06ccbe-4819-4c66-9629-77abef688416,3,mdn,5,25
5501,1d9c5351-1850-448d-a113-86faf797165f,5,mw,5,20
5502,cee74a0a-0b19-443e-93ff-152112089c51,5,ars,5,24
5503,606ef552-6427-489e-aec2-43a4a17643e2,5,mdn,5,20
5504,afcb575e-c985-4e48-8663-6e73dd6dbe65,5,mdn,5,29
5505,9c2aadbd-036d-45e6-b130-7f3d98892dba,5,ars,4,20
5506,d1953b54-615a-4056-af44-817e8a0c4b40,3,mdn,5,20
5507,9ffb6093-07ab-4c59-8f50-d7b38b640c04,5,mdn,5,29
5508,7aaf2ee9-a6f9-4256-8f6b-742a0ee1ac2e,5,ars,5,26
5509,8e3026d2-a977-4221-a6cc-c30fd3590962,4,mdn,5,30
5510,2384d785-bbf8-4c79-be46-5e56d3e5feee,5,mw,5,19
5511,8f526ed2-d369-4494-ac76-83d6b718337f,5,mdn,4,21
5512,4c39b0b9-c9d0-45ac-b545-190c3da984fa,5,mf,4,21
5513,8f526ed2-d369-4494-ac76-83d6b718337f,5,mdn,5,21
5514,f8a5ac4a-6f9a-4356-a9d7-142b91a4c9a4,3,mf,5,21
5515,6682a9bf-56ba-4596-8da7-14e90a00dcd4,5,mw,5,29
5516,5ea1e29a-d64c-4b9b-bf02-d7bb6e8b1156,4,k,5,29
5517,22573f4b-b316-4b08-8b75-d05541ea7fcd,5,ars,5,25
5518,ca5c06a4-b01e-4e89-b6e0-507d13da74e9,4,ars,5,27
5519,9493905e-b65c-40ce-b799-c350ed3e1f18,5,mw,4,23
5520,7428131a-f272-433f-b7ae-725af2ab628d,5,mf,5,29
5521,f4470d04-89ee-4c8e-99d8-4ed12535524b,5,j,3,23
5522,c44b54b6-297d-4d1f-a5cc-1fbf039d492b,4,ars,5,27
5523,c7cccd38-9e0f-4c94-acfb-557606e7aadf,3,ars,5,22
5524,5e6e310e-6abc-4e1a-b8e6-75b0a5b991b2,5,mdn,4,28
5525,e0766991-32fc-4294-b1e2-a0dff52c64f2,3,mdn,4,23
5526,2f17238b-3151-4596-bd04-d55f4c80a066,5,mdn,5,30
5527,9ffb6093-07ab-4c59-8f50-d7b38b640c04,5,mdn,4,29
5528,de26149b-380f-42c9-bdc1-a8584f2c5233,3,ars,5,29
5529,0a986dd7-a658-40a9-9d1b-d3074e036e35,5,mdn,4,30
5530,393c8d69-3a0e-414a-8b81-6b069e1d3432,5,mdn,5,19
5531,4c618e0b-e52e-4b54-98ca-542b28fe4432,4,ars,4,18
5532,709c8608-6cac-4147-9d6e-e8152ce6340c,5,mdn,5,24
5533,cbce132e-cb8f-4aac-a1c1-a776704aebef,5,mf,5,27
5534,7428131a-f272-433f-b7ae-725af2ab628d,5,mf,5,29
5535,273a109b-52b8-4925-8536-22ceb3b716dc,5,ars,5,30
5536,11b7094b-b88a-4478-b067-09000dfe4062,4,mdn,5,25
5537,41c2499e-4649-4cd4-8476-d435c6166c58,5,mdn,5,22
5538,2e276933-00b1-44a5-93f7-8327f3fcca83,3,je,5,25
5539,91e4721c-9e62-45f6-874a-878f40489739,5,ars,5,21
5540,9c190f0c-c070-4a52-946b-462086f30106,4,ars,5,25
5541,53292fdb-b353-457a-8482-81bdab16d44f,5,mf,4,30
5542,ff9d3a2b-707a-4274-9447-421946699738,3,ars,5,25
5543,d1953b54-615a-4056-af44-817e8a0c4b40,5,ars,3,20
5544,c6843a46-7606-45f7-a642-7dfbe9bb61cf,5,ars,5,28
5545,6cfc3694-9d16-4d0e-be7d-e717b3e39ea9,5,mf,5,19
5546,3d110c2c-e912-45ac-b49c-d55781dd00dd,3,mf,3,26
5547,e6574fcd-b5fd-40b8-b94a-e3fdf1c887b6,4,mw,5,24
5548,820fb470-45af-4458-a617-8ea1f9d8915d,5,mw,5,30
5549,7428131a-f272-433f-b7ae-725af2ab628d,5,ars,4,29
5550,2e276933-00b1-44a5-93f7-8327f3fcca83,3,ars,3,25
5551,4f727795-2eba-42fd-97a6-dd7a8a15282b,5,ars,5,19
5552,f6c33008-5144-41d8-b2a5-a570e9f1561b,5,ars,5,21
5553,be4db01d-a7c7-4918-93df-7014dc077733,5,mdn,4,22
5554,5c1e8c88-6c25-4e21-99e7-98f3140d754f,4,mdn,3,22
5555,4afd54fc-f5e7-41c3-beaf-b9b1270a218c,5,mdn,5,28
5556,3c24d078-c8f8-4f83-ab59-6d25c5b84bc2,5,mdn,5,30
5557,d4024ed1-cddb-4e3c-aea5-6616191d699f,5,ars,5,29
5558,747f065e-55d2-47c9-ab2b-c349fcbc001d,5,ars,5,23
5559,1c8b2fc6-6dea-4184-9cb0-5dfbe49b73da,5,mw,4,30
5560,90f03727-0a86-4f64-8828-9b8d6d2a0650,5,ars,4,28
5561,ed2064be-7d40-4f59-9e7d-d7e7dd54b118,5,mfars,5,28
5562,64f2a8ab-33f5-42c6-9ba5-54e65b6b5af4,3,ars,4,30
5563,1e22ce44-7a97-4f75-b7f5-d47bd96a8342,5,ars,5,22
5564,d056ef76-a2d5-4e81-9a82-0a5190a878e8,3,mdn,4,28
5565,663c3978-6013-4a55-9a58-5d538e435021,4,mf,5,25
5566,bd3c3d70-fe18-477c-bdc3-51c106bd41b5,3,mdn,5,24
5567,64272418-9b0a-406a-8bbe-e115bdbfc718,5,mf,5,25
5568,b19d51d1-cbaf-4d83-948a-e8f634e3ca48,5,mw,5,21
5569,bf94eb8d-5d4f-43d3-9528-ff5ef9009951,4,mdn,4,24
5570,d1f141a2-1152-4522-ac13-eb572de63737,5,mfmw,5,23
5571,6e65b841-848c-46e7-a8b3-15ca81055f6a,5,ars,5,26
5572,91e4721c-9e62-45f6-874a-878f40489739,5,mdn,5,21
5573,93515f8d-d789-46de-bb36-728e6b16625a,4,ars,5,20
5574,29db820a-86ac-4510-88f7-184d6f9dcf9c,4,mdn,5,18
5575,ba649e58-8a55-492c-bf39-5d660ebef5c7,4,mdn,5,20
5576,216de2aa-e0bf-41b4-92da-3ad50ab2af5e,4,mw,5,22
5577,f21916d7-d541-4ce8-a39b-d7f0276da589,5,mdn,5,21
5578,0e354232-854f-43ec-944d-b120245eea4d,5,mw,4,21
5579,b94abf88-995e-47ac-9dae-0fc713c19fd9,4,mdn,3,27
5580,f79501bb-dbe6-4ba4-8439-e4740856c51a,5,ars,5,25
5581,6975f225-5acc-48bb-a80d-6a3a5e442fae,4,ars,3,28
5582,0b187bd8-2c9e-4c1a-ad95-1ac60fa3f39d,4,mw,5,20
5583,ff4a3b75-5599-4d90-95f0-8a1bf29c5849,5,ars,4,27
5584,2c7871c7-4bd5-43a8-aa2c-3c65fc33736c,5,ars,5,26
5585,d5fbe51e-866a-4bc6-acd4-65604d50f3e6,5,ars,3,22
5586,fe2ef5d1-e5b0-4c59-b553-8a14aa6485fd,5,mdn,5,28
5587,0f1a02d0-badb-422e-a97f-76df0e23f581,5,ars,5,26
5588,b52aa66d-49b6-4823-b15d-19817ab072ab,5,mw,5,24
5589,2ae01d22-116d-44c0-84be-cfad96fb519c,5,mdn,5,20
5590,24e8d7e7-70e0-47f0-835c-f03045861de5,4,k,5,25
5591,8905a79c-4956-4918-b85f-f194e57c2e62,5,mf,5,24
5592,3e262f96-1a3a-4620-a5cb-26350e9ead3e,5,ars,5,22
5593,28c21980-3720-4511-bec7-cc2e6275750a,3,mf,5,28
5594,de26149b-380f-42c9-bdc1-a8584f2c5233,5,mdn,5,29
5595,f79501bb-dbe6-4ba4-8439-e4740856c51a,5,mdn,5,25
5596,22c4015e-dc9e-4d9e-b7f2-3a69fe57a3b8,5,ars,5,22
5597,3e262f96-1a3a-4620-a5cb-26350e9ead3e,5,ars,4,22
5598,6f680a58-6e7f-4b24-ab2a-8f615cd14a21,5,mw,5,27
5599,c7bf0ed5-820e-4544-920d-c50b944dec2c,4,mdn,5,26
5600,dceebdb5-1a91-4fa6-8072-aaa827868eb3,5,mdn,4,26
5601,34099491-cba6-4b79-9c62-38e83f1cf9db,5,ars,4,22
5602,637a2933-734a-4323-a7e9-7f9f79ad4dc4,5,mdn,5,23
5603,0e58e77d-a18e-44d2-9fb8-522685cc2b76,5,ars,5,21
5604,e6167931-7dcd-40cb-a065-3804a08ae841,5,mf,5,30
5605,6e77a16f-1fc0-43a6-bf10-ef592e2084ea,3,mfmw,5,28
5606,af8a0613-364e-42b4-903f-c2ea6ed41cea,5,ars,5,26
5607,606ef552-6427-489e-aec2-43a4a17643e2,3,mf,4,20
5608,18d72f16-5e3b-4cdd-ac63-6847f84789e2,3,mdn,5,25
5609,dceebdb5-1a91-4fa6-8072-aaa827868eb3,4,mf,5,26
5610,9edfb2eb-d613-48d3-bce6-bc81bffc2ac7,5,ars,5,25
5611,1699c2dd-b2b5-4756-bc87-a4b933c25c01,4,ars,5,29
5612,77a3f484-80a6-4184-b278-fc2ba7a9bc4d,3,mdn,5,24
5613,73b6df25-7321-4250-8a5d-2d58573b14ec,5,mdn,5,24
5614,90f03727-0a86-4f64-8828-9b8d6d2a0650,4,ars,4,28
5615,c44794ff-60de-42e8-9ac1-d221a8ab29c0,4,ars,5,30
5616,f4470d04-89ee-4c8e-99d8-4ed12535524b,5,mfmw,4,23
5617,17f173bf-52a2-4042-80ee-6d30d0217f4c,5,ars,5,20
5618,ca5c06a4-b01e-4e89-b6e0-507d13da74e9,4,ars,5,27
5619,51c428b4-c4a7-4da8-86e1-1fa640026086,5,mf,5,28
5620,f1242db3-e5af-4813-a6f1-4c9e531776bd,3,ars,5,20
5621,84d29b44-26c6-4b05-8a67-31831d35be32,4,mdn,5,28
5622,6975f225-5acc-48bb-a80d-6a3a5e442fae,5,mdn,3,28
5623,28c21980-3720-4511-bec7-cc2e6275750a,5,mw,5,28
5624,1e22ce44-7a97-4f75-b7f5-d47bd96a8342,4,mfars,4,22
5625,1bfa930d-cf1c-479b-87e4-bae0f9073321,5,mdn,5,23
5626,3aa83f6f-e363-4f12-9770-8902a51fbfbc,5,mw,2,27
5627,216de2aa-e0bf-41b4-92da-3ad50ab2af5e,5,mf,5,22
5628,a14d25d1-f7f8-4220-8946-96cf6b19cae9,4,ars,4,24
5629,e6167931-7dcd-40cb-a065-3804a08ae841,4,ars,4,30
5630,cbce132e-cb8f-4aac-a1c1-a776704aebef,4,mdn,3,27
5631,2eebf90c-68dc-4631-a827-b59638b7ad52,3,mdn,4,26
5632,7c900363-ac5f-43a0-ae64-d5bb23688d88,5,mw,5,27
5633,d1f141a2-1152-4522-ac13-eb572de63737,4,mdn,5,23
5634,9798eef8-20b9-4df4-a0de-81ed2227b9bf,4,mdn,5,24
5635,7a024b41-0a4e-41dd-ad47-121884fa8a11,4,ars,5,23
5636,f5d4a203-e308-452c-86e4-9412e871f2e8,4,mfars,5,19
5637,20d213ef-76bf-41bb-bc87-9ffcfa2127bc,5,mw,5,26
5638,7c900363-ac5f-43a0-ae64-d5bb23688d88,5,ars,5,27
5639,61dbc7bb-5997-4446-a7eb-5b0cd4ea98db,3,ars,5,24
5640,9f60f579-c330-400e-a75a-6d0d289424c1,5,ars,5,19
5641,38f9af29-497a-49e7-b561-797d2a207cf0,5,mdn,5,30
5642,73b6df25-7321-4250-8a5d-2d58573b14ec,5,mw,5,24
5643,ae40a3a5-e900-4cbc-8955-280bd7529d92,5,mdn,5,21
5644,e33fe1f5-796c-4c1d-84c4-32eb396f9837,5,mdn,5,24
5645,c7cccd38-9e0f-4c94-acfb-557606e7aadf,2,mdn,5,22
5646,dab9d52e-ee1a-4508-a4d6-5dd373bb25f6,4,mdn,5,19
5647,dd17fd3c-6723-465c-8b53-ce5998b51003,4,mdn,5,20
5648,be4db01d-a7c7-4918-93df-7014dc077733,3,mw,4,22
5649,709c8608-6cac-4147-9d6e-e8152ce6340c,5,ars,3,24
5650,4073acaa-d216-4e04-8729-bfadada4d095,4,fg,5,20
5651,3c24d078-c8f8-4f83-ab59-6d25c5b84bc2,3,mdn,4,30
5652,651aa3c1-3bba-4b30-9471-e0f7857900f7,5,mdn,5,29
5653,f064f333-666c-499f-bfcb-b71607e60de7,5,ars,5,30
5654,8aef2d51-8022-4436-a3a6-8c80ea4e0d91,4,mf,5,29
5655,14d84dec-8ae5-46d1-aebd-b3aa52f097ff,3,mf,5,30
5656,d1adf242-5e1a-4a78-9c07-f0ba06758c42,5,mf,5,19
5657,7a024b41-0a4e-41dd-ad47-121884fa8a11,5,mf,5,23
5658,dac33426-3c77-4e9c-807c-3ecdc261339f,4,mf,5,20
5659,48aeea0c-cfef-4b4a-b94f-415455a9d7af,5,mf,5,20
5660,d8eb4bf2-57a4-4a6a-8865-4ce0bf2c9e12,5,ars,5,29
5661,c005b690-b142-4d65-85e4-6ae65a48024d,4,mdn,5,27
5662,c44b54b6-297d-4d1f-a5cc-1fbf039d492b,4,ars,5,27
5663,483a2cf3-98f9-456d-81d9-022710423c23,4,mdn,5,24
5664,64f2a8ab-33f5-42c6-9ba5-54e65b6b5af4,5,ars,4,30
5665,9b6d950a-d667-4f0b-ac67-0d810b2feff6,4,mw,5,22
5666,1699c2dd-b2b5-4756-bc87-a4b933c25c01,5,ars,5,29
5667,e11ba41b-805a-4223-afa6-67c773666985,4,mdn,4,30
5668,bcb872cd-f6f8-422c-8729-59be0b01e4c4,4,mdn,4,27
5669,71dfef48-bb94-46ba-9eb5-66c917e928c7,3,mw,5,18
5670,e7d7ce10-2049-4fbe-8a69-710eb0c0b707,2,mf,5,18
5671,6e77a16f-1fc0-43a6-bf10-ef592e2084ea,4,mf,5,28
5672,d056ef76-a2d5-4e81-9a82-0a5190a878e8,3,mdn,5,28
5673,20c3a3f4-11c6-43d4-a63d-88f54b3b8096,3,mw,5,30
5674,f4470d04-89ee-4c8e-99d8-4ed12535524b,5,mf,4,23
5675,9347de8d-7c8f-4fe7-bb9d-ccf63c729d89,5,ars,4,26
5676,c0db802b-635c-4f93-b4cb-7d9883a43093,3,mdn,5,28
5677,391319c2-41bc-4213-ba51-0e06718e1803,5,mdn,5,26
5678,7d446322-1542-4988-929c-6542663cfe0c,5,mf,5,19
5679,11b7094b-b88a-4478-b067-09000dfe4062,5,mw,4,25
5680,1c8b2fc6-6dea-4184-9cb0-5dfbe49b73da,5,mdn,5,30
5681,5939bdfb-18e1-40ee-8654-d802e218a33f,5,ars,5,29
5682,b2120df0-7828-41fd-8a67-19bf1554d594,5,mf,5,19
5683,a76629f6-fe9d-4e32-a4ab-46b9faf116a0,5,mdn,4,25
5684,c4cf804a-7759-4269-8562-c7141d2c18c7,5,mdn,5,24
5685,11cb3da8-b076-4554-b86b-ad619773b101,4,ars,5,27
5686,45d72ac3-0209-493e-9d5a-8a966d562845,4,ars,5,23
5687,f6079976-5f69-482b-8b84-179dd5524bfa,5,mdn,4,28
5688,40c6a39c-67fc-4202-b18e-ef0e0185bdd3,4,mf,4,23
5689,95d5bb8d-2790-43d4-a0a3-970e5fe6ac19,5,ars,3,18
5690,29db820a-86ac-4510-88f7-184d6f9dcf9c,4,ars,4,18
5691,ef4ca2ea-04a0-43cb-b257-87ad0f4d14b0,5,mdn,5,29
5692,6f2f152e-fe85-4611-857a-528266761927,5,ars,5,20
5693,0f1a02d0-badb-422e-a97f-76df0e23f581,3,fg,5,26
5694,cec079b7-5691-4cd0-9092-3b0388c25d4a,2,mf,5,22
5695,f05a9269-3068-486a-b87d-fda9d757275c,5,mdn,5,28
5696,de511cef-1fc8-493b-bb99-d9ba30a042c9,5,mf,4,28
5697,f443f8f7-c1f8-4b45-a91c-5a994f4c0ef6,5,mdn,4,20
5698,d5b84e64-0316-493b-9d2d-3d5a49490e9c,5,ars,5,21
5699,77a3f484-80a6-4184-b278-fc2ba7a9bc4d,3,mdn,5,24
5700,23f67700-5b2a-4ebb-a7a6-2b6bd78cea75,5,ars,5,21
5701,581e0c61-097c-43a1-807a-d1f21bf13e0c,5,ars,5,28
5702,8bad8df3-fd1c-47eb-a830-cd085d8918f1,5,ars,4,20
5703,50fe2f3d-7fa4-43b4-b182-6ff9a0371dd4,5,mdn,5,25
5704,2b9d541b-cc79-4e7a-8aca-958bed3b2c61,5,ars,5,18
5705,c16dd75d-767f-4f05-a3cf-e3207ecb51a4,5,ars,5,19
5706,48aeea0c-cfef-4b4a-b94f-415455a9d7af,5,mdn,4,20
5707,3dea5f61-f356-432f-b831-57df87d6b032,5,mfmw,3,23
5708,c005b690-b142-4d65-85e4-6ae65a48024d,5,ars,5,27
5709,ac1781e0-796b-4d94-a324-680e348fe2cb,5,mdn,5,22
5710,b72ffd03-aef1-4d7f-896e-953964384583,5,ars,4,24
5711,ed2064be-7d40-4f59-9e7d-d7e7dd54b118,5,mw,5,28
5712,daba59b7-3cb9-4533-b8a8-9e0562490dd2,4,mf,3,23
5713,223e96b7-dfbe-442b-9b28-7fef065a6044,5,ars,5,19
5714,48a6d994-4f5b-468f-a96b-9ebe47e8e279,5,ars,5,18
5715,37ff7521-e05d-4635-8d59-e3c6f852d77d,3,mdn,5,23
5716,5939bdfb-18e1-40ee-8654-d802e218a33f,4,mdn,2,29
5717,ebd78cae-0a5d-43ed-bf3e-b6c496bd4b64,4,ars,3,26
5718,e6167931-7dcd-40cb-a065-3804a08ae841,5,ars,5,30
5719,a04fce7c-b286-4d7c-a980-189ed10f7dcb,4,ars,5,28
5720,d2def5be-4ed5-4735-ba73-d6a360f58a69,4,ars,5,25
5721,b08e0cea-9237-4a5a-87d6-3f72a313ae3f,5,ars,5,29
5722,357bbbdb-8186-4709-a792-2b49f743fad2,5,ars,3,18
5723,41ae8e3f-715e-4fe0-aa5f-75aca345731c,4,mdn,5,28
5724,83da35e2-88ab-4562-9f43-c192ecdaed1e,5,ars,5,18
5725,91e4721c-9e62-45f6-874a-878f40489739,4,mdn,3,21
5726,80b41e1b-5190-447f-b409-c16b01162cf0,5,mw,5,22
5727,9e679f83-7105-4a2c-b9d2-82964ea88b4f,5,mdn,5,25
5728,0ef4cecc-887a-460d-b699-659969939b87,5,ars,5,24
5729,b5ed5b65-c1bf-4b2f-b650-e60a5139f1bc,4,k,5,20
5730,64272418-9b0a-406a-8bbe-e115bdbfc718,5,ars,5,25
5731,f79501bb-dbe6-4ba4-8439-e4740856c51a,5,mdn,3,25
5732,d9196f86-a4c4-48aa-89e6-1f61947b8201,5,mdn,5,24
5733,4ac5d5c7-fcf8-4d13-8384-5e452e3c04af,5,mdn,4,28
5734,8836f623-a6e4-442f-aa50-99c436187488,4,ars,4,24
5735,ebcfc29b-0f9a-4a12-88c4-66d907cc65c9,5,ars,5,18
5736,a137710a-0bfc-4d4e-be3b-2aa711ee0d7c,5,ars,4,19
5737,b19d51d1-cbaf-4d83-948a-e8f634e3ca48,4,mw,5,21
5738,c44b54b6-297d-4d1f-a5cc-1fbf039d492b,4,mdn,5,27
5739,7d446322-1542-4988-929c-6542663cfe0c,4,ars,4,19
5740,e876c637-3708-402f-9fc3-ed2a59c697c9,5,mf,5,27
5741,f2359723-11a9-4415-8278-4adb624d9e6b,2,mf,5,29
5742,bd3c3d70-fe18-477c-bdc3-51c106bd41b5,4,mw,5,24
5743,0ee3780f-36f5-4ce7-af65-420a0d0b528c,3,ars,5,27
5744,9b6d950a-d667-4f0b-ac67-0d810b2feff6,5,mw,5,22
5745,670e36fe-2b5e-4426-919b-889ef9ae7dc9,5,mdn,4,26
5746,1fb37a6e-bfb4-48da-b71f-d813fb59ef1c,3,ars,5,30
5747,44ca9a06-8b5d-42d1-a313-dfee18559727,5,mdn,4,28
5748,921eaf8b-9aee-46c9-8e43-76663964131c,4,ars,5,21
5749,38ba55a0-96fe-4f04-af03-fe2a75bf9968,4,mdn,5,26
5750,ce6e85c5-f384-4d46-b67e-a4ca72252a0a,5,ars,5,30
5751,50bc13c3-0c72-4cab-a0af-b1569c6608e6,5,mdn,5,30
5752,3d0ea613-5462-4785-91d0-04f2331473f5,5,mdn,5,19
5753,84d29b44-26c6-4b05-8a67-31831d35be32,5,mw,4,28
5754,3225e9ea-e884-40bd-a656-818e699d86ec,4,mdn,5,25
5755,7a024b41-0a4e-41dd-ad47-121884fa8a11,4,mdn,4,23
5756,f63a1efa-33c6-40c7-8688-ef9d34466284,5,mdn,5,24
5757,aac4a278-e82f-40cc-9662-861f6b2ac634,4,mf,5,18
5758,c233c56b-6f1a-4f53-9f27-e39f5220f9d3,4,ars,5,26
5759,6be004f0-b701-4daa-b7e2-312b56f97129,3,mw,5,23
5760,0d5f41b7-3ab8-478c-836a-767823fd4c82,5,mdn,4,28
5761,41c2499e-4649-4cd4-8476-d435c6166c58,2,mdn,5,22
5762,ebcfc29b-0f9a-4a12-88c4-66d907cc65c9,5,ars,4,18
5763,91753f65-ede6-4be5-b7a7-9e8b4da7cc42,4,ars,5,21
5764,2b7f0ba7-166f-43e5-9c60-056b72b479a4,4,ars,3,27
5765,9493905e-b65c-40ce-b799-c350ed3e1f18,5,ars,5,23
5766,1e22ce44-7a97-4f75-b7f5-d47bd96a8342,5,ars,5,22
5767,0b187bd8-2c9e-4c1a-ad95-1ac60fa3f39d,3,mw,4,20
5768,a8272db8-0e9f-4372-a757-661bd02f9051,5,mdn,5,26
5769,d057bbf9-c5fa-420a-9bb9-1f6322853d1c,4,mdn,4,27
5770,0a986dd7-a658-40a9-9d1b-d3074e036e35,5,ars,5,30
5771,7c7aeed7-f005-426d-aafd-368700609ba0,4,mw,5,22
5772,ebd78cae-0a5d-43ed-bf3e-b6c496bd4b64,4,mf,3,26
5773,26180c48-bfbb-4af5-b4ff-6a1aa15b9f84,4,ars,5,28
5774,18ef96e8-9a73-4678-8c6c-772ce127d7f9,5,ars,4,30
5775,53292fdb-b353-457a-8482-81bdab16d44f,5,-,4,30
5776,0bb3ee6a-85cc-4eb3-b648-e8c08e1364db,4,ars,5,24
5777,e0c2a19b-d844-4f21-887c-a90f7c9b4346,4,mdn,5,28
5778,e6167931-7dcd-40cb-a065-3804a08ae841,4,ars,5,30
5779,ceb7a529-86be-4dc4-b116-38797aabd2dd,5,ars,5,29
5780,64f2a8ab-33f5-42c6-9ba5-54e65b6b5af4,4,ars,5,30
5781,9fd059e2-db33-4855-9374-7ccccc82e66e,5,mdn,5,22
5782,3ad458ed-6069-4907-a71e-efda23c5abff,5,mdn,4,28
5783,abeb14a7-d8db-429f-9acc-79ef8cdf9a02,4,mdn,5,23
5784,9ac75f91-4f73-4df0-bb20-b7de3069baee,4,ars,5,25
5785,f05a9269-3068-486a-b87d-fda9d757275c,5,k,4,28
5786,0e58e77d-a18e-44d2-9fb8-522685cc2b76,5,mdn,5,21
5787,1de40c3b-877b-48c2-be67-4021b5459754,5,ars,4,22
5788,6e65b841-848c-46e7-a8b3-15ca81055f6a,3,ars,4,26
5789,663c3978-6013-4a55-9a58-5d538e435021,3,mdn,5,25
5790,4e5e83e4-af3a-4513-ae2d-281f7991fdb7,5,mw,4,25
5791,ebd78cae-0a5d-43ed-bf3e-b6c496bd4b64,4,k,4,26
5792,f6a23d22-7609-4675-b15a-07e2ac92d770,5,mw,3,27
5793,8c45b709-a6d6-49b8-b996-e76dc0934213,5,-,4,23
5794,d13135a7-9a68-4169-815e-981149a54291,4,mf,5,27
5795,789b8d4b-a8d0-430d-9fd4-29d445b2f6f2,4,mf,4,29
5796,792a10ac-a9bb-45ce-af93-7a2619ef61fe,5,mfars,5,30
5797,f05a9269-3068-486a-b87d-fda9d757275c,5,mdn,5,28
5798,9ac75f91-4f73-4df0-bb20-b7de3069baee,4,ars,5,25
5799,b52aa66d-49b6-4823-b15d-19817ab072ab,5,ars,5,24
5800,5cb0e54b-ec8d-46d8-8d81-eaa3e0687114,3,mdn,5,18
5801,a9c35b24-76a8-4b67-addd-81845fb390c7,5,mf,5,29
5802,c4cf804a-7759-4269-8562-c7141d2c18c7,5,mdn,5,24
5803,5d674651-5ef2-4f04-b0fd-1cb744d92488,4,mf,4,18
5804,6682a9bf-56ba-4596-8da7-14e90a00dcd4,5,mdn,5,29
5805,9edfb2eb-d613-48d3-bce6-bc81bffc2ac7,5,ars,3,25
5806,9798eef8-20b9-4df4-a0de-81ed2227b9bf,5,mdn,5,24
5807,8bad8df3-fd1c-47eb-a830-cd085d8918f1,4,ars,3,20
5808,1b06ccbe-4819-4c66-9629-77abef688416,5,mdn,4,25
5809,b8d47eb3-c03a-46ae-9ccb-29bb9f61162b,5,ars,3,30
5810,abeb14a7-d8db-429f-9acc-79ef8cdf9a02,3,ars,5,23
5811,b8617d9b-d83b-4256-a87a-6edeaaedc6ba,5,ars,5,24
5812,77a3f484-80a6-4184-b278-fc2ba7a9bc4d,5,-,4,24
5813,7428131a-f272-433f-b7ae-725af2ab628d,5,mf,4,29
5814,af410c09-749d-4f0b-bdb1-f3d0e42a2b0f,3,mdn,4,19
5815,37801059-5d8a-4bb8-ac44-c92f83dbfa3a,5,ars,5,19
5816,d59a405f-f8b3-49e9-9ac2-88dc3e6a1e53,3,ars,3,23
5817,581e0c61-097c-43a1-807a-d1f21bf13e0c,4,mdn,4,28
5818,899d5675-9fe8-4dde-af03-7b62ba95428c,3,ars,3,22
5819,9ffb6093-07ab-4c59-8f50-d7b38b640c04,5,mdn,4,29
5820,558a3ec4-7fbc-40e7-9553-f8cff87516c7,5,mf,5,29
5821,3cd61aab-db88-4ef9-8be4-5f94ff9698e7,5,mf,5,20
5822,fcf4ee65-4267-4b08-bb3d-1860d83cb6e0,5,mdn,4,29
5823,a2b117e7-ab57-476e-831c-33f7ceb1aa35,4,ars,4,29
5824,1d9c5351-1850-448d-a113-86faf797165f,5,ars,4,20
5825,e18562d7-a549-49e1-ade6-2373fed3787d,5,je,4,22
5826,3d110c2c-e912-45ac-b49c-d55781dd00dd,5,ars,4,26
5827,375b7df7-16cd-4376-965f-52dc0c4f3eb3,5,ars,4,23
5828,b8d47eb3-c03a-46ae-9ccb-29bb9f61162b,5,mdn,5,30
5829,49b93c8d-21cf-4307-90e1-12f87a2a75a4,4,mw,5,26
5830,73ae6177-466a-40ab-833a-67f5a7eedc79,4,mdn,5,26
5831,5e454df6-a68f-4b76-b06a-f576ed27a11e,5,mdn,5,22
5832,d5fbe51e-866a-4bc6-acd4-65604d50f3e6,5,mdn,5,22
5833,d975480c-d90f-414e-a9e1-b1288c4fbd1c,5,mdn,4,28
5834,5febecf8-2d9f-471b-9303-cd8dd0f658af,5,mdn,3,28
5835,789055e5-3d0a-423a-bd82-c9fcfdf03bac,5,ars,3,30
5836,0d5f41b7-3ab8-478c-836a-767823fd4c82,4,ars,4,28
5837,1de40c3b-877b-48c2-be67-4021b5459754,5,ars,5,22
5838,2eebf90c-68dc-4631-a827-b59638b7ad52,4,ars,4,26
5839,11a3f0b6-30be-4055-bd52-045a04e860fe,5,mdn,4,25
5840,22b43ba7-0a64-49dd-bf2f-b6920e84a056,4,mdn,5,18
5841,dd17fd3c-6723-465c-8b53-ce5998b51003,5,mdn,4,20
5842,9b87a188-a71f-4d7a-bb50-b7fae8022f80,5,mf,5,27
5843,0e321c7e-d2cf-4699-aa74-9544ab8f2090,5,mw,5,26
5844,dd17fd3c-6723-465c-8b53-ce5998b51003,4,mdn,5,20
5845,2f17238b-3151-4596-bd04-d55f4c80a066,4,mdn,4,30
5846,984f5641-df2b-40ba-83b2-61ba8eabc65c,4,mdn,3,24
5847,8d2d94c5-8114-4962-a74e-d3f9ce3f36f5,4,tam,5,18
5848,84d29b44-26c6-4b05-8a67-31831d35be32,4,mdn,5,28
5849,a14d25d1-f7f8-4220-8946-96cf6b19cae9,4,mw,5,24
5850,581e0c61-097c-43a1-807a-d1f21bf13e0c,3,mdn,5,28
5851,20c3a3f4-11c6-43d4-a63d-88f54b3b8096,5,ars,5,30
5852,dfac5d22-8882-4707-bbe8-9325b9ddc739,5,mdn,5,20
5853,7c032388-80b3-48e9-be91-56bf32f69e9c,4,mdn,5,29
5854,20c3a3f4-11c6-43d4-a63d-88f54b3b8096,3,ars,3,30
5855,455e0529-272b-4550-95d5-a0bdb835ca9f,4,mf,4,23
5856,20d213ef-76bf-41bb-bc87-9ffcfa2127bc,5,mf,5,26
5857,cbce132e-cb8f-4aac-a1c1-a776704aebef,5,ars,5,27
5858,ceb7a529-86be-4dc4-b116-38797aabd2dd,4,mdn,5,29
5859,b8d47eb3-c03a-46ae-9ccb-29bb9f61162b,3,mdn,4,30
5860,acf94512-66a4-418e-98d7-dfc6c4691d80,5,ars,5,24
5861,e6167931-7dcd-40cb-a065-3804a08ae841,4,mw,4,30
5862,52a42141-4b24-488f-8631-7ef301b1c14c,4,mw,4,27
5863,94173ad0-5841-4719-9ae3-44e387b19633,5,ars,5,28
5864,5ea1e29a-d64c-4b9b-bf02-d7bb6e8b1156,5,j,5,29
5865,c393b545-0428-4a31-927b-e603aa307049,5,ars,4,18
5866,8cc0183c-f480-475a-a25b-559f3576b7c5,4,ars,5,18
5867,53204bad-4011-4a1a-b4d1-cee62543e32e,5,mw,4,20
5868,a9bdcbf6-4345-477c-a7a8-a7a09b29bd64,3,mdn,4,19
5869,f6a23d22-7609-4675-b15a-07e2ac92d770,4,mf,5,27
5870,3c24d078-c8f8-4f83-ab59-6d25c5b84bc2,5,mdn,5,30
5871,41ae8e3f-715e-4fe0-aa5f-75aca345731c,5,mdn,5,28
5872,a4272ae2-4e7e-4252-a49a-10445c387bc6,5,ars,3,29
5873,b50df7ff-04f6-45b6-b3fd-0d96d4fbcd61,3,mf,5,18
5874,3e262f96-1a3a-4620-a5cb-26350e9ead3e,5,mdn,5,22
5875,3cd61aab-db88-4ef9-8be4-5f94ff9698e7,5,mdn,4,20
5876,717bbe10-f11f-4197-820a-cc03420e2016,5,ars,5,18
5877,4e5e83e4-af3a-4513-ae2d-281f7991fdb7,5,ars,5,25
5878,1cb0d1bf-328c-48fc-ba36-d238bcf1b7f6,4,ars,5,22
5879,b8d47eb3-c03a-46ae-9ccb-29bb9f61162b,5,mw,5,30
5880,65f9bddd-fe54-4b4a-b2fa-8104c5db89c0,5,ars,4,30
5881,c233c56b-6f1a-4f53-9f27-e39f5220f9d3,5,ars,5,26
5882,34099491-cba6-4b79-9c62-38e83f1cf9db,4,mw,3,22
5883,61dbc7bb-5997-4446-a7eb-5b0cd4ea98db,5,mfarsmdn,5,24
5884,dac33426-3c77-4e9c-807c-3ecdc261339f,4,mdn,5,20
5885,0e321c7e-d2cf-4699-aa74-9544ab8f2090,5,k,5,26
5886,0c2d68f2-4d17-4dab-b9a1-d0bdf4e10ce4,3,mw,5,22
5887,7d446322-1542-4988-929c-6542663cfe0c,5,mf,4,19
5888,fcf4ee65-4267-4b08-bb3d-1860d83cb6e0,5,fg,5,29
5889,88f20ee0-e749-487f-a908-12f8ab47142b,4,mf,5,22
5890,53204bad-4011-4a1a-b4d1-cee62543e32e,3,mdn,5,20
5891,3715dae0-d872-499f-8f0c-fabf940e2bc0,5,mdn,5,25
5892,e98d0b49-dc22-4be4-89e6-38ba25d671b3,4,ars,4,21
5893,0b187bd8-2c9e-4c1a-ad95-1ac60fa3f39d,5,mdn,4,20
5894,f627af83-24c8-4c96-a7fd-4e60eddea09e,5,ars,5,24
5895,5805dec2-b9a9-4314-9e19-729737c7a6c6,3,mdn,4,21
5896,7fab4381-0d58-4c87-890a-00f892c6b4d3,5,ars,4,27
5897,2d289025-ff1e-4ba7-a201-6b6053e593e8,5,mdn,4,21
5898,ab9d4c1f-1773-4f12-88e1-ecd78f51e309,4,ars,5,30
5899,789055e5-3d0a-423a-bd82-c9fcfdf03bac,5,mdn,5,30
5900,5ef119b1-883b-4964-8400-341414ee551a,5,mdn,5,22
5901,8bad8df3-fd1c-47eb-a830-cd085d8918f1,5,mdn,5,20
5902,984f5641-df2b-40ba-83b2-61ba8eabc65c,5,ars,3,24
5903,dfac5d22-8882-4707-bbe8-9325b9ddc739,4,mdn,5,20
5904,d1d66775-cc03-42ea-ad3c-681efafb3682,5,mw,5,24
5905,ce6e85c5-f384-4d46-b67e-a4ca72252a0a,5,ars,5,30
5906,d5bb291b-06cc-4dec-968a-ce7db7529f77,5,ars,5,28
5907,d5bb291b-06cc-4dec-968a-ce7db7529f77,4,ars,4,28
5908,ec3f623a-65f2-4b0d-937b-d0d1c4325976,5,ars,5,30
5909,7828cf51-b3a0-48db-8231-70513625208a,4,mdn,5,18
5910,0b187bd8-2c9e-4c1a-ad95-1ac60fa3f39d,3,mdn,4,20
5911,b661cc43-3695-4a39-b0dc-21164ec6e199,4,ars,5,20
5912,eb90a88d-20c0-4c51-98f1-a67bc873c84d,4,ars,3,20
5913,f4470d04-89ee-4c8e-99d8-4ed12535524b,5,mdn,5,23
5914,e33fe1f5-796c-4c1d-84c4-32eb396f9837,5,mdn,4,24
5915,9bb07206-a24d-488b-91d9-853f606d5fd4,5,ars,5,19
5916,c43a7404-eeeb-4714-9bc9-598b448da6f9,5,mf,5,30
5917,28c21980-3720-4511-bec7-cc2e6275750a,4,mf,5,28
5918,73ae6177-466a-40ab-833a-67f5a7eedc79,5,ars,5,26
5919,5fab557d-756e-44e7-8f28-2896570692b2,3,mdn,4,30
5920,18ef96e8-9a73-4678-8c6c-772ce127d7f9,3,mdn,5,30
5921,444bb96e-33b5-408b-8f36-792f40a9e402,5,mdn,5,20
5922,e6574fcd-b5fd-40b8-b94a-e3fdf1c887b6,5,ars,5,24
5923,ba649e58-8a55-492c-bf39-5d660ebef5c7,4,ars,3,20
5924,5d8a1dd5-498e-47ba-8bfc-62763467a996,5,mdn,4,27
5925,5d674651-5ef2-4f04-b0fd-1cb744d92488,4,mf,3,18
5926,da651f2b-7264-419b-86f7-c68c199ab2eb,4,mdn,5,22
5927,5805dec2-b9a9-4314-9e19-729737c7a6c6,4,mdn,4,21
5928,6d494d2e-4ab9-4884-b620-e73214923863,5,ars,4,18
5929,c43a7404-eeeb-4714-9bc9-598b448da6f9,5,mf,5,30
5930,4c618e0b-e52e-4b54-98ca-542b28fe4432,4,mf,5,18
5931,2d1a4ae6-c125-4238-ae47-5496c45d5d8c,5,ars,5,24
5932,d5b84e64-0316-493b-9d2d-3d5a49490e9c,5,ars,5,21
5933,220cc7c6-0cef-413b-af2a-ec2208ceac65,5,ars,4,20
5934,273a109b-52b8-4925-8536-22ceb3b716dc,4,mdn,3,30
5935,88f20ee0-e749-487f-a908-12f8ab47142b,5,mdn,5,22
5936,5d6539ff-441b-46cc-af23-5b77ff05230e,5,ars,5,25
5937,9c7b2243-d03e-419c-babb-f8b3ea3c8400,4,mdn,4,19
5938,19d5ec55-7543-48c4-8fbc-f01f5a9b2c95,5,mdn,4,26
5939,9a72950d-597c-4488-8d80-702130f485ee,5,mdn,5,23
5940,0e58e77d-a18e-44d2-9fb8-522685cc2b76,5,je,5,21
5941,493c0fa8-bb96-4b13-b9fb-93abb37b65e7,5,mdn,5,29
5942,19d5ec55-7543-48c4-8fbc-f01f5a9b2c95,5,ars,4,26
5943,393c8d69-3a0e-414a-8b81-6b069e1d3432,5,mdn,5,19
5944,26180c48-bfbb-4af5-b4ff-6a1aa15b9f84,5,mdn,5,28
5945,cec079b7-5691-4cd0-9092-3b0388c25d4a,5,tam,5,22
5946,ef4ca2ea-04a0-43cb-b257-87ad0f4d14b0,5,mdn,4,29
5947,9493905e-b65c-40ce-b799-c350ed3e1f18,4,mdn,5,23
5948,d13135a7-9a68-4169-815e-981149a54291,5,mdn,3,27
5949,375b7df7-16cd-4376-965f-52dc0c4f3eb3,5,mdn,4,23
5950,820fb470-45af-4458-a617-8ea1f9d8915d,4,mdn,5,30
5951,bd3fa596-ba3b-4756-90a8-164d551c2b98,5,mdn,5,19
5952,6ec72b3a-0222-42ca-a3fe-bc17e019a32f,5,ars,4,24
5953,ab9d4c1f-1773-4f12-88e1-ecd78f51e309,5,ars,5,30
5954,59ad52ab-0325-4f71-bbf8-6d0eabc630ad,5,mdn,5,30
5955,a5a4ee5b-8385-4dfb-9185-a1deb1531cdb,4,mdn,4,28
5956,49e2e565-049d-4753-871a-2ec2587d386e,5,mdn,5,30
5957,391319c2-41bc-4213-ba51-0e06718e1803,5,mdn,4,26
5958,d8eb4bf2-57a4-4a6a-8865-4ce0bf2c9e12,4,ars,5,29
5959,73b6df25-7321-4250-8a5d-2d58573b14ec,5,ars,5,24
5960,637a2933-734a-4323-a7e9-7f9f79ad4dc4,4,mdn,5,23
5961,9c190f0c-c070-4a52-946b-462086f30106,5,mdn,4,25
5962,7f337d29-cfd2-4a03-bbb9-ec6196e1d34d,5,mdn,4,30
5963,9054ffc8-9df3-4b73-a700-17b228a19cba,5,ars,4,29
5964,26321a8a-0e7d-451e-a0f3-787a7432d9cb,5,ars,5,28
5965,48aeea0c-cfef-4b4a-b94f-415455a9d7af,2,mdn,5,20
5966,b2120df0-7828-41fd-8a67-19bf1554d594,5,mw,5,19
5967,fdf2851c-a685-4112-80fc-401747191dc3,5,mw,5,26
5968,fefb10d9-4247-4d30-b89d-9efd8c703bf1,5,mdn,5,23
5969,0b5bc2f8-6b6b-4cd8-abdd-7c9350676492,5,mdn,4,26
5970,7b2398e5-7c99-4ccd-aa73-5c987b82858f,5,mdn,4,19
5971,18ef96e8-9a73-4678-8c6c-772ce127d7f9,4,mdn,5,30
5972,23f67700-5b2a-4ebb-a7a6-2b6bd78cea75,4,mdn,5,21
5973,c7cccd38-9e0f-4c94-acfb-557606e7aadf,4,mdn,5,22
5974,2e276933-00b1-44a5-93f7-8327f3fcca83,4,ars,3,25
5975,2b7f0ba7-166f-43e5-9c60-056b72b479a4,5,mdn,5,27
5976,f63a1efa-33c6-40c7-8688-ef9d34466284,5,mdn,5,24
5977,e0c2a19b-d844-4f21-887c-a90f7c9b4346,3,ars,5,28
5978,e0c2a19b-d844-4f21-887c-a90f7c9b4346,5,mf,3,28
5979,58d13a75-2efb-4254-85fa-13bdb2ac2156,5,mw,5,19
5980,de511cef-1fc8-493b-bb99-d9ba30a042c9,5,k,4,28
5981,22573f4b-b316-4b08-8b75-d05541ea7fcd,5,mf,5,25
5982,cbce132e-cb8f-4aac-a1c1-a776704aebef,5,mdn,5,27
5983,3c24d078-c8f8-4f83-ab59-6d25c5b84bc2,5,ars,5,30
5984,9272dcff-3d6f-401f-9f68-7c06df177b96,5,mdn,3,20
5985,4ac5d5c7-fcf8-4d13-8384-5e452e3c04af,5,mdn,4,28
5986,efee5412-be59-448d-9f6e-9a7dcf201113,5,mdn,5,29
5987,e0c2a19b-d844-4f21-887c-a90f7c9b4346,4,mdn,4,28
5988,207a3175-fda0-43fb-8b30-c257bf055847,5,ars,5,29
5989,ebd78cae-0a5d-43ed-bf3e-b6c496bd4b64,5,ars,5,26
5990,3225e9ea-e884-40bd-a656-818e699d86ec,4,mdn,4,25
5991,709c8608-6cac-4147-9d6e-e8152ce6340c,5,mdn,5,24
5992,61dbc7bb-5997-4446-a7eb-5b0cd4ea98db,5,mf,4,24
5993,ab9d4c1f-1773-4f12-88e1-ecd78f51e309,5,mdn,5,30
5994,79ce6eb0-d1d0-42fe-b157-1bb64abf5596,3,ars,4,23
5995,49b93c8d-21cf-4307-90e1-12f87a2a75a4,3,mdn,5,26
5996,a8272db8-0e9f-4372-a757-661bd02f9051,5,mdn,4,26
5997,2c7871c7-4bd5-43a8-aa2c-3c65fc33736c,5,mdn,5,26
5998,1da45063-2dc1-41f2-88ea-7f61fe7f9a19,4,ars,5,25
5999,7c7aeed7-f005-426d-aafd-368700609ba0,5,mdn,4,22
6000,8836f623-a6e4-442f-aa50-99c436187488,4,mdn,4,24
6001,24e8d7e7-70e0-47f0-835c-f03045861de5,5,ars,5,25
6002,1699c2dd-b2b5-4756-bc87-a4b933c25c01,5,mdn,5,29
6003,1699c2dd-b2b5-4756-bc87-a4b933c25c01,5,ars,5,29
6004,ad7840ca-5f92-40dd-963a-5f8460b3a9dd,5,mw,5,18
6005,90f03727-0a86-4f64-8828-9b8d6d2a0650,5,ars,5,28
6006,899d5675-9fe8-4dde-af03-7b62ba95428c,4,mdn,5,22
6007,49b93c8d-21cf-4307-90e1-12f87a2a75a4,4,ars,4,26
6008,1da45063-2dc1-41f2-88ea-7f61fe7f9a19,5,ars,5,25
6009,15500f87-5d38-4e31-b34d-fe209c3a5de4,3,j,5,18
6010,8c8342e9-a790-4117-b607-5415d372b7f6,5,mdn,5,29
6011,8aef2d51-8022-4436-a3a6-8c80ea4e0d91,4,mdn,3,29
6012,a4272ae2-4e7e-4252-a49a-10445c387bc6,5,ars,5,29
6013,b166452a-784d-4789-941e-1c7b8b6229f6,4,ars,5,21
6014,670e36fe-2b5e-4426-919b-889ef9ae7dc9,5,ars,5,26
6015,2e276933-00b1-44a5-93f7-8327f3fcca83,3,mdn,5,25
6016,6f9ed042-aee1-4527-9335-284bb7d27521,4,mdn,5,29
6017,9e679f83-7105-4a2c-b9d2-82964ea88b4f,5,mdn,4,25
6018,ff9d3a2b-707a-4274-9447-421946699738,5,mdn,5,25
6019,c4cf804a-7759-4269-8562-c7141d2c18c7,5,ars,5,24
6020,6682a9bf-56ba-4596-8da7-14e90a00dcd4,5,mfarsmdn,3,29
6021,3d110c2c-e912-45ac-b49c-d55781dd00dd,5,ars,3,26
6022,c0f96359-1d50-4ea2-b4d2-98cffcc461bf,3,mf,4,18
6023,0bb3ee6a-85cc-4eb3-b648-e8c08e1364db,5,mdn,5,24
6024,9c190f0c-c070-4a52-946b-462086f30106,4,ars,5,25
6025,0e97a2f7-f21a-4142-b564-eac1d55150cb,5,mdn,5,28
6026,0f1a02d0-badb-422e-a97f-76df0e23f581,4,mdn,4,26
6027,1de40c3b-877b-48c2-be67-4021b5459754,5,k,4,22
6028,5d11e9c3-db2d-42ce-a4b2-676294bcab5c,4,ars,4,24
6029,f21916d7-d541-4ce8-a39b-d7f0276da589,5,mdn,5,21
6030,53f8916f-1f81-4fd4-ba7e-b3574e6852eb,5,ars,4,19
6031,5cd193d4-8ecf-4845-a463-61edf2b05ff3,4,mdn,5,26
6032,921eaf8b-9aee-46c9-8e43-76663964131c,5,mf,5,21
6033,0aa927af-2e14-47b5-bb75-c1c700b13262,5,je,4,25
6034,58326bf0-4f33-4c16-b328-cc206f87d423,5,mdn,3,28
6035,bd3fa596-ba3b-4756-90a8-164d551c2b98,4,ars,4,19
6036,29db820a-86ac-4510-88f7-184d6f9dcf9c,5,mdn,5,18
6037,5e6e310e-6abc-4e1a-b8e6-75b0a5b991b2,5,ars,5,28
6038,3418969d-5c13-46ee-8df0-794019e7a64f,5,mf,5,30
6039,e7d7ce10-2049-4fbe-8a69-710eb0c0b707,4,fg,5,18
6040,6f9ed042-aee1-4527-9335-284bb7d27521,4,mdn,5,29
6041,66435fb2-4e78-43d7-952d-d83ed97c5590,5,mdn,5,21
6042,c43a7404-eeeb-4714-9bc9-598b448da6f9,4,mw,3,30
6043,1105bd82-4df4-4116-be5a-0fc3f7506907,5,mw,4,18
6044,85c289f3-c492-4b55-91f1-25a199c58832,4,ars,5,25
6045,b8617d9b-d83b-4256-a87a-6edeaaedc6ba,5,ars,5,24
6046,bd3c3d70-fe18-477c-bdc3-51c106bd41b5,5,mdn,4,24
6047,6182a456-4de8-43e2-b54f-5836017a532d,5,mw,5,19
6048,f2359723-11a9-4415-8278-4adb624d9e6b,5,ars,5,29
6049,1d9c5351-1850-448d-a113-86faf797165f,3,mdn,5,20
6050,651aa3c1-3bba-4b30-9471-e0f7857900f7,5,mf,5,29
6051,18ef96e8-9a73-4678-8c6c-772ce127d7f9,5,ars,3,30
6052,ef4ca2ea-04a0-43cb-b257-87ad0f4d14b0,4,mf,4,29
6053,73ae6177-466a-40ab-833a-67f5a7eedc79,4,ars,5,26
6054,8cc0183c-f480-475a-a25b-559f3576b7c5,5,ars,5,18
6055,0e97a2f7-f21a-4142-b564-eac1d55150cb,5,ars,5,28
6056,1b06ccbe-4819-4c66-9629-77abef688416,5,mf,5,25
6057,cb05f3e4-515e-4567-9ec2-b3d043b9f1e4,4,mf,4,22
6058,342ea9ee-c313-48ec-9c3e-d11cc7614f54,5,mdn,4,29
6059,2e276933-00b1-44a5-93f7-8327f3fcca83,4,mf,5,25
6060,2384d785-bbf8-4c79-be46-5e56d3e5feee,5,mf,5,19
6061,f79501bb-dbe6-4ba4-8439-e4740856c51a,5,ars,5,25
6062,b07938ae-0ab3-44a5-9009-465521064ed4,5,mdn,3,18
6063,41c2499e-4649-4cd4-8476-d435c6166c58,5,mdn,4,22
6064,2eebf90c-68dc-4631-a827-b59638b7ad52,4,mdn,3,26
6065,a9c35b24-76a8-4b67-addd-81845fb390c7,5,ars,4,29
6066,c1843817-41a0-4488-9c7a-5a537f4659b5,4,tam,5,29
6067,38f9af29-497a-49e7-b561-797d2a207cf0,5,-,3,30
6068,f5d4a203-e308-452c-86e4-9412e871f2e8,5,ars,3,19
6069,b8d47eb3-c03a-46ae-9ccb-29bb9f61162b,5,mdn,5,30
6070,1f4653ef-22c9-4df4-acae-3ce6dcf43075,3,ars,5,26
6071,ebd78cae-0a5d-43ed-bf3e-b6c496bd4b64,4,ars,5,26
6072,c44b54b6-297d-4d1f-a5cc-1fbf039d492b,3,mf,4,27
6073,c44b54b6-297d-4d1f-a5cc-1fbf039d492b,4,mdn,5,27
6074,a2509b39-af24-4703-842f-27c2dcd12475,4,ars,3,29
6075,5c1e8c88-6c25-4e21-99e7-98f3140d754f,4,ars,5,22
6076,c393b545-0428-4a31-927b-e603aa307049,5,ars,3,18
6077,acf94512-66a4-418e-98d7-dfc6c4691d80,5,mdn,5,24
6078,e490e589-c757-4a79-9fb9-b96dc034c08b,4,mw,4,22
6079,4e5e83e4-af3a-4513-ae2d-281f7991fdb7,5,mw,5,25
6080,220cc7c6-0cef-413b-af2a-ec2208ceac65,5,ars,5,20
6081,79ce6eb0-d1d0-42fe-b157-1bb64abf5596,4,mdn,5,23
6082,7828cf51-b3a0-48db-8231-70513625208a,5,mdn,5,18
6083,1efd7e76-acea-457d-b43c-d2c538c532b2,3,mf,4,22
6084,c7bf0ed5-820e-4544-920d-c50b944dec2c,4,ars,5,26
6085,e10e6103-9fa7-4a16-bfe4-f437f8ccfdbc,5,mdn,5,19
6086,15500f87-5d38-4e31-b34d-fe209c3a5de4,5,ars,4,18
6087,22b43ba7-0a64-49dd-bf2f-b6920e84a056,5,mdn,4,18
6088,7fab4381-0d58-4c87-890a-00f892c6b4d3,5,mdn,4,27
6089,64f2a8ab-33f5-42c6-9ba5-54e65b6b5af4,4,mf,5,30
6090,58d13a75-2efb-4254-85fa-13bdb2ac2156,5,mdn,5,19
6091,e33fe1f5-796c-4c1d-84c4-32eb396f9837,5,ars,3,24
6092,b50df7ff-04f6-45b6-b3fd-0d96d4fbcd61,5,ars,5,18
6093,2384d785-bbf8-4c79-be46-5e56d3e5feee,4,mdn,4,19
6094,64f2a8ab-33f5-42c6-9ba5-54e65b6b5af4,5,mdn,5,30
6095,da0a8407-c3fa-42bc-bd2b-23e1c7cde8a9,3,mdn,5,30
6096,5ea1e29a-d64c-4b9b-bf02-d7bb6e8b1156,5,mf,5,29
6097,d2def5be-4ed5-4735-ba73-d6a360f58a69,5,ars,5,25
6098,e8cf2675-3727-4525-970c-77eff23acff5,5,ars,5,22
6099,22b43ba7-0a64-49dd-bf2f-b6920e84a056,4,mdn,5,18
6100,e6167931-7dcd-40cb-a065-3804a08ae841,5,mdn,5,30
6101,5ef119b1-883b-4964-8400-341414ee551a,4,mw,5,22
6102,2ae01d22-116d-44c0-84be-cfad96fb519c,5,ars,4,20
6103,e59739bb-d66f-479b-92f8-1a526fb5a428,4,mdn,5,22
6104,9347de8d-7c8f-4fe7-bb9d-ccf63c729d89,5,ars,5,26
6105,d5b84e64-0316-493b-9d2d-3d5a49490e9c,5,mf,5,21
6106,f6079976-5f69-482b-8b84-179dd5524bfa,5,ars,5,28
6107,11b7094b-b88a-4478-b067-09000dfe4062,5,mf,4,25
6108,ed2064be-7d40-4f59-9e7d-d7e7dd54b118,4,mf,5,28
6109,375b7df7-16cd-4376-965f-52dc0c4f3eb3,5,ars,3,23
6110,e59739bb-d66f-479b-92f8-1a526fb5a428,5,ars,5,22
6111,5ea1e29a-d64c-4b9b-bf02-d7bb6e8b1156,5,ars,5,29
6112,7c7aeed7-f005-426d-aafd-368700609ba0,5,mdn,4,22
6113,bf94eb8d-5d4f-43d3-9528-ff5ef9009951,5,mdn,5,24
6114,a47a4348-5295-48e9-aea3-acb821b95f11,5,ars,4,23
6115,717bbe10-f11f-4197-820a-cc03420e2016,5,mw,5,18
6116,adc0ba52-ad0c-4888-9527-72d7900b42bd,4,mdn,4,26
6117,f8a5ac4a-6f9a-4356-a9d7-142b91a4c9a4,3,mdn,5,21
6118,c3199038-0991-484e-bfee-899557351e13,4,ars,5,25
6119,f2359723-11a9-4415-8278-4adb624d9e6b,4,mf,4,29
6120,adc0ba52-ad0c-4888-9527-72d7900b42bd,4,mf,5,26
6121,f96dc1f6-d3a8-4cf6-a3ab-6a1182d41edd,5,ars,5,23
6122,3ad458ed-6069-4907-a71e-efda23c5abff,5,ars,5,28
6123,a137710a-0bfc-4d4e-be3b-2aa711ee0d7c,4,ars,4,19
6124,f05a9269-3068-486a-b87d-fda9d757275c,5,mfars,5,28
6125,8aef2d51-8022-4436-a3a6-8c80ea4e0d91,5,mdn,5,29
6126,59ad52ab-0325-4f71-bbf8-6d0eabc630ad,4,ars,5,30
6127,f10cf3ff-f51e-442d-bee4-d1c0099c264c,4,ars,5,29
6128,a04fce7c-b286-4d7c-a980-189ed10f7dcb,5,mw,5,28
6129,789055e5-3d0a-423a-bd82-c9fcfdf03bac,5,mw,4,30
6130,60a29855-f1ba-4d16-a0e5-45fdc18d8780,4,mw,4,28
6131,15500f87-5d38-4e31-b34d-fe209c3a5de4,4,ars,5,18
6132,dbf069ee-b1dd-4b75-8b6e-73734ec2cb48,5,ars,4,21
6133,357a2790-e856-4dd3-a0f5-8f6e14d0267f,5,mdn,5,26
6134,1b8f176a-44b5-4b9f-b3aa-7fd66e2c5697,5,tam,3,20
6135,bd3c3d70-fe18-477c-bdc3-51c106bd41b5,4,mdn,5,24
6136,14d84dec-8ae5-46d1-aebd-b3aa52f097ff,4,mdn,4,30
6137,c43a7404-eeeb-4714-9bc9-598b448da6f9,4,mdn,4,30
6138,5939bdfb-18e1-40ee-8654-d802e218a33f,5,ars,5,29
6139,e18562d7-a549-49e1-ade6-2373fed3787d,4,mw,4,22
6140,f79501bb-dbe6-4ba4-8439-e4740856c51a,5,-,4,25
6141,7c7aeed7-f005-426d-aafd-368700609ba0,5,mdn,4,22
6142,b2120df0-7828-41fd-8a67-19bf1554d594,5,mdn,5,19
6143,ca5c06a4-b01e-4e89-b6e0-507d13da74e9,3,mdn,4,27
6144,a04fce7c-b286-4d7c-a980-189ed10f7dcb,5,ars,5,28
6145,c6843a46-7606-45f7-a642-7dfbe9bb61cf,5,mdn,4,28
6146,5fb096ef-d891-4c20-aabc-80216c7d0ac6,4,ars,5,22
6147,d1d66775-cc03-42ea-ad3c-681efafb3682,5,mdn,5,24
6148,f8a5ac4a-6f9a-4356-a9d7-142b91a4c9a4,3,mw,5,21
6149,747f065e-55d2-47c9-ab2b-c349fcbc001d,3,mdn,5,23
6150,84d29b44-26c6-4b05-8a67-31831d35be32,4,mw,5,28
6151,eb5ab705-64b5-4824-80b1-748c0c01560b,4,ars,5,30
6152,a1408643-a549-447c-b867-6886faa00fca,4,mdn,4,19
6153,9ffb6093-07ab-4c59-8f50-d7b38b640c04,5,mw,4,29
6154,b8711a0e-32ab-47db-aeb9-91be60b918a4,5,mdn,5,18
6155,d99430cc-3810-4660-823f-02144b19ea3d,5,mdn,5,29
6156,86677349-04ed-425a-b521-0389359ed54e,5,mf,5,25
6157,4cf82814-1d7e-430c-bba3-247af2552306,5,mw,5,19
6158,b19d51d1-cbaf-4d83-948a-e8f634e3ca48,5,mdn,3,21
6159,7828cf51-b3a0-48db-8231-70513625208a,4,mdn,5,18
6160,be4db01d-a7c7-4918-93df-7014dc077733,5,mdn,5,22
6161,7aaf2ee9-a6f9-4256-8f6b-742a0ee1ac2e,5,tam,4,26
6162,dda13a7f-e01e-4084-b353-9a7870744ff1,5,ars,5,26
6163,789055e5-3d0a-423a-bd82-c9fcfdf03bac,2,mdn,5,30
6164,dfac5d22-8882-4707-bbe8-9325b9ddc739,5,je,4,20
6165,58d13a75-2efb-4254-85fa-13bdb2ac2156,5,ars,5,19
6166,29db820a-86ac-4510-88f7-184d6f9dcf9c,5,ars,3,18
6167,5ea1e29a-d64c-4b9b-bf02-d7bb6e8b1156,4,mf,5,29
6168,83cff052-3ad9-416d-b26e-4797eccc0f10,5,mw,5,25
6169,934eaca0-2d10-4419-8175-7812976e2931,4,mf,5,21
6170,4c39b0b9-c9d0-45ac-b545-190c3da984fa,5,ars,3,21
6171,ceb7a529-86be-4dc4-b116-38797aabd2dd,5,mdn,5,29
6172,e469cc62-5dfe-42a1-be57-e686c98e01c6,4,ars,5,25
6173,f79501bb-dbe6-4ba4-8439-e4740856c51a,5,mdn,5,25
6174,c233c56b-6f1a-4f53-9f27-e39f5220f9d3,5,mdn,5,26
6175,96491651-a46d-4fae-84ea-64c3c00a3071,2,mdn,4,19
6176,6b544598-bc17-4e6f-9cd4-987f46c83902,4,ars,5,19
6177,11cb3da8-b076-4554-b86b-ad619773b101,3,mdn,4,27
6178,b08e0cea-9237-4a5a-87d6-3f72a313ae3f,5,ars,5,29
6179,b8617d9b-d83b-4256-a87a-6edeaaedc6ba,5,mdn,4,24
6180,8e3026d2-a977-4221-a6cc-c30fd3590962,5,ars,5,30
6181,b08e0cea-9237-4a5a-87d6-3f72a313ae3f,5,mdn,4,29
6182,0ef4cecc-887a-460d-b699-659969939b87,5,mdn,5,24
6183,3aa83f6f-e363-4f12-9770-8902a51fbfbc,3,mf,5,27
6184,7a024b41-0a4e-41dd-ad47-121884fa8a11,5,mdn,4,23
6185,a47a4348-5295-48e9-aea3-acb821b95f11,5,mw,3,23
6186,1c8b2fc6-6dea-4184-9cb0-5dfbe49b73da,4,mw,4,30
6187,afcb575e-c985-4e48-8663-6e73dd6dbe65,4,ars,3,29
6188,1efd7e76-acea-457d-b43c-d2c538c532b2,5,mdn,4,22
6189,ef4ca2ea-04a0-43cb-b257-87ad0f4d14b0,5,mdn,5,29
6190,78cb70fb-cca0-4d6b-83e3-0ca440be5174,5,mdn,3,27
6191,6f9ed042-aee1-4527-9335-284bb7d27521,5,mf,5,29
6192,ede1c719-13be-432a-958d-e5e220f7b972,4,ars,3,21
6193,7c900363-ac5f-43a0-ae64-d5bb23688d88,4,ars,5,27
6194,1e22ce44-7a97-4f75-b7f5-d47bd96a8342,4,mdn,3,22
6195,f6079976-5f69-482b-8b84-179dd5524bfa,5,mw,3,28
6196,eb5ab705-64b5-4824-80b1-748c0c01560b,5,ars,5,30
6197,0c2d68f2-4d17-4dab-b9a1-d0bdf4e10ce4,4,mfmw,3,22
6198,7b2398e5-7c99-4ccd-aa73-5c987b82858f,5,ars,5,19
6199,0ee3780f-36f5-4ce7-af65-420a0d0b528c,5,mw,5,27
6200,1699c2dd-b2b5-4756-bc87-a4b933c25c01,3,mdn,4,29
6201,6f9ed042-aee1-4527-9335-284bb7d27521,4,ars,5,29
6202,1c8b2fc6-6dea-4184-9cb0-5dfbe49b73da,5,ars,4,30
6203,3225e9ea-e884-40bd-a656-818e699d86ec,3,mdn,4,25
6204,84d29b44-26c6-4b05-8a67-31831d35be32,5,ars,3,28
6205,e490e589-c757-4a79-9fb9-b96dc034c08b,5,ars,4,22
6206,9347de8d-7c8f-4fe7-bb9d-ccf63c729d89,5,mdn,5,26
6207,6682a9bf-56ba-4596-8da7-14e90a00dcd4,5,mdn,5,29
6208,0d5f41b7-3ab8-478c-836a-767823fd4c82,4,mdn,5,28
6209,0d81df22-243d-48a5-829e-9b4954d5cd5b,5,mw,5,20
6210,24e8d7e7-70e0-47f0-835c-f03045861de5,5,ars,5,25
6211,18ef96e8-9a73-4678-8c6c-772ce127d7f9,5,mdn,4,30
6212,d057bbf9-c5fa-420a-9bb9-1f6322853d1c,5,mdn,5,27
6213,93cc8629-4757-4a91-acbe-cb586e385c66,4,ars,3,18
6214,be4db01d-a7c7-4918-93df-7014dc077733,5,mdn,4,22
6215,f6079976-5f69-482b-8b84-179dd5524bfa,5,mdn,5,28
6216,2d1a4ae6-c125-4238-ae47-5496c45d5d8c,5,mw,4,24
6217,98101cf4-a26d-4e32-9f91-6f42993b3ea1,5,mdn,5,18
6218,8633ed8f-31e9-45be-8c95-1a50d1658229,5,mdn,5,27
6219,94173ad0-5841-4719-9ae3-44e387b19633,3,k,5,28
6220,d5b84e64-0316-493b-9d2d-3d5a49490e9c,5,ars,5,21
6221,d99430cc-3810-4660-823f-02144b19ea3d,5,mdn,5,29
6222,3ebec66e-6765-4b6b-a97a-c0eb8314e327,5,ars,5,20
6223,51c428b4-c4a7-4da8-86e1-1fa640026086,3,tam,4,28
6224,1bfa930d-cf1c-479b-87e4-bae0f9073321,5,ars,5,23
6225,8f526ed2-d369-4494-ac76-83d6b718337f,5,mdn,4,21
6226,53204bad-4011-4a1a-b4d1-cee62543e32e,5,ars,4,20
6227,f9c4d67a-8176-4831-b098-8d866ed2dd52,3,ars,5,20
6228,e10e6103-9fa7-4a16-bfe4-f437f8ccfdbc,3,ars,5,19
6229,273a109b-52b8-4925-8536-22ceb3b716dc,5,mdn,5,30
6230,752ccf1a-c3a9-463a-af5a-ee8a0815ddad,5,ars,3,18
6231,689f72f3-8a26-4eb9-abf2-c41108bc5bb6,5,ars,4,23
6232,4ac5d5c7-fcf8-4d13-8384-5e452e3c04af,5,mw,2,28
6233,e04076e5-3fab-4e6b-9f79-38c54336e47b,5,mdn,5,20
6234,52a42141-4b24-488f-8631-7ef301b1c14c,5,ars,4,27
6235,1cb0d1bf-328c-48fc-ba36-d238bcf1b7f6,5,ars,3,22
6236,44f5e566-7fef-484a-b881-c53d9249ae9b,4,mdn,5,28
6237,40c6a39c-67fc-4202-b18e-ef0e0185bdd3,5,ars,5,23
6238,93515f8d-d789-46de-bb36-728e6b16625a,4,ars,5,20
6239,b2120df0-7828-41fd-8a67-19bf1554d594,4,mdn,3,19
6240,d8eb4bf2-57a4-4a6a-8865-4ce0bf2c9e12,5,mw,5,29
6241,c7cccd38-9e0f-4c94-acfb-557606e7aadf,5,mw,5,22
6242,cec079b7-5691-4cd0-9092-3b0388c25d4a,4,ars,5,22
6243,23f67700-5b2a-4ebb-a7a6-2b6bd78cea75,5,mw,5,21
6244,fcf4ee65-4267-4b08-bb3d-1860d83cb6e0,5,ars,5,29
6245,73ae6177-466a-40ab-833a-67f5a7eedc79,5,ars,5,26
6246,e7d7ce10-2049-4fbe-8a69-710eb0c0b707,5,mdn,5,18
6247,e18562d7-a549-49e1-ade6-2373fed3787d,4,ars,5,22
6248,789055e5-3d0a-423a-bd82-c9fcfdf03bac,4,mw,5,30
6249,5cd193d4-8ecf-4845-a463-61edf2b05ff3,5,mf,3,26
6250,d1953b54-615a-4056-af44-817e8a0c4b40,5,mf,4,20
6251,0bb3ee6a-85cc-4eb3-b648-e8c08e1364db,5,ars,5,24
6252,f627af83-24c8-4c96-a7fd-4e60eddea09e,5,ars,5,24
6253,927c3ada-c329-468f-8b53-036feb07b813,5,ars,3,21
6254,5d11e9c3-db2d-42ce-a4b2-676294bcab5c,5,mf,5,24
6255,7aaf2ee9-a6f9-4256-8f6b-742a0ee1ac2e,3,mw,5,26
6256,984f5641-df2b-40ba-83b2-61ba8eabc65c,4,ars,5,24
6257,9c7b2243-d03e-419c-babb-f8b3ea3c8400,5,k,5,19
6258,3ebec66e-6765-4b6b-a97a-c0eb8314e327,5,mdn,4,20
6259,ab3fe741-a432-4b93-97e7-ca7f86b14d56,4,mdn,5,21
6260,c81c0d30-be22-4d14-a328-3760bfd5e023,5,mdn,5,20
6261,6d494d2e-4ab9-4884-b620-e73214923863,4,k,4,18
6262,f6c33008-5144-41d8-b2a5-a570e9f1561b,4,mf,4,21
6263,4afd54fc-f5e7-41c3-beaf-b9b1270a218c,4,ars,5,28
6264,18ef96e8-9a73-4678-8c6c-772ce127d7f9,5,mf,5,30
6265,ac687490-2263-42a4-b629-41f9cb808ec3,5,ars,5,28
6266,a07d4949-be64-47ce-b0d2-c4b3e775404e,5,k,3,24
6267,48aeea0c-cfef-4b4a-b94f-415455a9d7af,3,mdn,5,20
6268,d056ef76-a2d5-4e81-9a82-0a5190a878e8,5,ars,5,28
6269,9ffb6093-07ab-4c59-8f50-d7b38b640c04,5,mf,5,29
6270,934eaca0-2d10-4419-8175-7812976e2931,5,k,5,21
6271,c44794ff-60de-42e8-9ac1-d221a8ab29c0,3,ars,4,30
6272,18d72f16-5e3b-4cdd-ac63-6847f84789e2,5,k,5,25
6273,ebd78cae-0a5d-43ed-bf3e-b6c496bd4b64,4,mdn,5,26
6274,2c7871c7-4bd5-43a8-aa2c-3c65fc33736c,4,mdn,5,26
6275,7c900363-ac5f-43a0-ae64-d5bb23688d88,4,ars,5,27
6276,17f173bf-52a2-4042-80ee-6d30d0217f4c,5,k,5,20
6277,d99430cc-3810-4660-823f-02144b19ea3d,5,ars,4,29
6278,8633ed8f-31e9-45be-8c95-1a50d1658229,5,mdn,5,27
6279,5d674651-5ef2-4f04-b0fd-1cb744d92488,5,ars,3,18
6280,6e65b841-848c-46e7-a8b3-15ca81055f6a,4,mdn,4,26
6281,b1d1a983-98bc-441f-96bf-b92fd2c78493,4,mdn,5,26
6282,9fdd2e9f-bbb9-4c36-ad62-91b8914dd0ea,5,mw,5,25
6283,cee74a0a-0b19-443e-93ff-152112089c51,5,mf,5,24
6284,d975480c-d90f-414e-a9e1-b1288c4fbd1c,4,ars,5,28
6285,ebd78cae-0a5d-43ed-bf3e-b6c496bd4b64,5,mf,5,26
6286,50fe2f3d-7fa4-43b4-b182-6ff9a0371dd4,5,mdn,4,25
6287,f6a23d22-7609-4675-b15a-07e2ac92d770,5,ars,4,27
6288,22c4015e-dc9e-4d9e-b7f2-3a69fe57a3b8,5,mdn,5,22
6289,52a42141-4b24-488f-8631-7ef301b1c14c,5,mf,5,27
6290,14d84dec-8ae5-46d1-aebd-b3aa52f097ff,5,ars,5,30
6291,e469cc62-5dfe-42a1-be57-e686c98e01c6,3,ars,5,25
6292,6ec72b3a-0222-42ca-a3fe-bc17e019a32f,5,ars,3,24
6293,789b8d4b-a8d0-430d-9fd4-29d445b2f6f2,5,mdn,5,29
6294,89659f75-6600-40be-8c14-322a5ae87e24,4,ars,5,23
6295,af410c09-749d-4f0b-bdb1-f3d0e42a2b0f,5,mdn,5,19
6296,7b2398e5-7c99-4ccd-aa73-5c987b82858f,4,mf,5,19
6297,55284c4b-b914-4e5d-9551-79d8f5b4eb5d,4,mdn,4,26
6298,41ae8e3f-715e-4fe0-aa5f-75aca345731c,3,ars,5,28
6299,61dbc7bb-5997-4446-a7eb-5b0cd4ea98db,5,mdn,5,24
6300,de26149b-380f-42c9-bdc1-a8584f2c5233,5,ars,5,29
6301,1fb37a6e-bfb4-48da-b71f-d813fb59ef1c,4,ars,5,30
6302,a2b117e7-ab57-476e-831c-33f7ceb1aa35,5,mf,5,29
6303,e70f6ce4-4606-4a3d-a5cb-3c22ac67b4ea,4,mdn,5,18
6304,9272dcff-3d6f-401f-9f68-7c06df177b96,4,mdn,5,20
6305,50fe2f3d-7fa4-43b4-b182-6ff9a0371dd4,5,mdn,5,25
6306,689f72f3-8a26-4eb9-abf2-c41108bc5bb6,5,mdn,5,23
6307,78cb70fb-cca0-4d6b-83e3-0ca440be5174,4,ars,5,27
6308,e6167931-7dcd-40cb-a065-3804a08ae841,3,mdn,3,30
6309,a14d25d1-f7f8-4220-8946-96cf6b19cae9,4,mfars,5,24
6310,e696ca58-d61a-449b-8aae-30772b7d92e3,5,mdn,5,24
6311,86677349-04ed-425a-b521-0389359ed54e,5,mf,5,25
6312,8905a79c-4956-4918-b85f-f194e57c2e62,5,mf,5,24
6313,37ff7521-e05d-4635-8d59-e3c6f852d77d,5,ars,4,23
6314,9edfb2eb-d613-48d3-bce6-bc81bffc2ac7,5,mfarsmdn,4,25
6315,6e1d86b6-1249-4c44-a984-f1ea046d19b8,4,ars,5,19
6316,5939bdfb-18e1-40ee-8654-d802e218a33f,5,ars,5,29
6317,2f586764-da78-499d-9a41-eafd03844e80,5,ars,5,29
6318,5d11e9c3-db2d-42ce-a4b2-676294bcab5c,4,mf,5,24
6319,717bbe10-f11f-4197-820a-cc03420e2016,5,mf,4,18
6320,38ba55a0-96fe-4f04-af03-fe2a75bf9968,4,mdn,4,26
6321,e6574fcd-b5fd-40b8-b94a-e3fdf1c887b6,5,ars,4,24
6322,4f727795-2eba-42fd-97a6-dd7a8a15282b,4,-,5,19
6323,6182a456-4de8-43e2-b54f-5836017a532d,5,ars,5,19
6324,dbf069ee-b1dd-4b75-8b6e-73734ec2cb48,5,ars,4,21
6325,5e6e310e-6abc-4e1a-b8e6-75b0a5b991b2,5,ars,5,28
6326,ac1781e0-796b-4d94-a324-680e348fe2cb,4,mdn,4,22
6327,651aa3c1-3bba-4b30-9471-e0f7857900f7,4,mdn,5,29
6328,651aa3c1-3bba-4b30-9471-e0f7857900f7,5,ars,5,29
6329,52a42141-4b24-488f-8631-7ef301b1c14c,4,mf,4,27
6330,d057bbf9-c5fa-420a-9bb9-1f6322853d1c,3,mdn,5,27
6331,651aa3c1-3bba-4b30-9471-e0f7857900f7,4,ars,5,29
6332,77a3f484-80a6-4184-b278-fc2ba7a9bc4d,5,ars,5,24
6333,95d5bb8d-2790-43d4-a0a3-970e5fe6ac19,5,ars,5,18
6334,670e36fe-2b5e-4426-919b-889ef9ae7dc9,5,k,4,26
6335,b08e0cea-9237-4a5a-87d6-3f72a313ae3f,4,ars,5,29
6336,0fe94c00-c05c-4d31-9f39-7d31012ea47a,5,ars,4,24
6337,d1adf242-5e1a-4a78-9c07-f0ba06758c42,4,ars,4,19
6338,52a42141-4b24-488f-8631-7ef301b1c14c,4,mdn,5,27
6339,8c8342e9-a790-4117-b607-5415d372b7f6,5,mw,4,29
6340,91e4721c-9e62-45f6-874a-878f40489739,5,mw,5,21
6341,b8711a0e-32ab-47db-aeb9-91be60b918a4,4,mdn,5,18
6342,ff9d3a2b-707a-4274-9447-421946699738,4,mf,4,25
6343,66435fb2-4e78-43d7-952d-d83ed97c5590,5,mdn,4,21
6344,4ac5d5c7-fcf8-4d13-8384-5e452e3c04af,5,ars,4,28
6345,b8b1fa86-8f82-4898-a242-72dfdcfc0b75,4,ars,5,25
6346,49e2e565-049d-4753-871a-2ec2587d386e,5,mdn,5,30
6347,9c7b2243-d03e-419c-babb-f8b3ea3c8400,3,ars,5,19
6348,da0a8407-c3fa-42bc-bd2b-23e1c7cde8a9,5,mdn,2,30
6349,1b06ccbe-4819-4c66-9629-77abef688416,5,mdn,4,25
6350,6682a9bf-56ba-4596-8da7-14e90a00dcd4,4,ars,5,29
6351,dceebdb5-1a91-4fa6-8072-aaa827868eb3,3,mw,5,26
6352,b201d5cd-6e38-4c63-8347-e1dbd89720e9,5,ars,5,24
6353,5cd193d4-8ecf-4845-a463-61edf2b05ff3,4,ars,5,26
6354,0f1a02d0-badb-422e-a97f-76df0e23f581,5,-,5,26
6355,ab3fe741-a432-4b93-97e7-ca7f86b14d56,5,mfars,5,21
6356,606ef552-6427-489e-aec2-43a4a17643e2,5,ars,5,20
6357,e04076e5-3fab-4e6b-9f79-38c54336e47b,5,ars,4,20
6358,a21eedda-983a-47dd-81fc-20e1b1f34d9e,5,mw,3,26
6359,45d72ac3-0209-493e-9d5a-8a966d562845,4,ars,5,23
6360,e59739bb-d66f-479b-92f8-1a526fb5a428,4,mdn,5,22
6361,921eaf8b-9aee-46c9-8e43-76663964131c,3,mdn,3,21
6362,7a024b41-0a4e-41dd-ad47-121884fa8a11,5,ars,5,23
6363,f6a23d22-7609-4675-b15a-07e2ac92d770,4,ars,4,27
6364,64f2a8ab-33f5-42c6-9ba5-54e65b6b5af4,5,mdn,5,30
6365,e62e4b0c-e929-48f4-ad21-f172df57e747,5,mdn,4,23
6366,b661cc43-3695-4a39-b0dc-21164ec6e199,4,ars,5,20
6367,a04fce7c-b286-4d7c-a980-189ed10f7dcb,5,mf,5,28
6368,a14d25d1-f7f8-4220-8946-96cf6b19cae9,4,ars,5,24
6369,cb05f3e4-515e-4567-9ec2-b3d043b9f1e4,5,mw,4,22
6370,51c428b4-c4a7-4da8-86e1-1fa640026086,5,ars,5,28
6371,c393b545-0428-4a31-927b-e603aa307049,5,ars,5,18
6372,29db820a-86ac-4510-88f7-184d6f9dcf9c,4,mdn,4,18
6373,717bbe10-f11f-4197-820a-cc03420e2016,4,mdn,4,18
6374,c005b690-b142-4d65-85e4-6ae65a48024d,3,ars,3,27
6375,f443f8f7-c1f8-4b45-a91c-5a994f4c0ef6,5,mf,5,20
6376,58326bf0-4f33-4c16-b328-cc206f87d423,5,ars,5,28
6377,5c1e8c88-6c25-4e21-99e7-98f3140d754f,5,mdn,4,22
6378,de26149b-380f-42c9-bdc1-a8584f2c5233,3,ars,5,29
6379,41ae8e3f-715e-4fe0-aa5f-75aca345731c,4,ars,4,28
6380,d1adf242-5e1a-4a78-9c07-f0ba06758c42,5,ars,5,19
6381,efee5412-be59-448d-9f6e-9a7dcf201113,5,ars,4,29
6382,2f586764-da78-499d-9a41-eafd03844e80,5,mdn,5,29
6383,a50dc3c0-5a19-4025-83eb-5812671c9480,5,mdn,5,20
6384,342ea9ee-c313-48ec-9c3e-d11cc7614f54,5,mf,5,29
6385,6f9ed042-aee1-4527-9335-284bb7d27521,5,mdn,5,29
6386,c34aed25-5a2c-400e-ba87-7168d634e3bd,4,ars,4,30
6387,ec3f623a-65f2-4b0d-937b-d0d1c4325976,5,ars,5,30
6388,0aa927af-2e14-47b5-bb75-c1c700b13262,4,mdn,5,25
6389,d1d66775-cc03-42ea-ad3c-681efafb3682,4,ars,5,24
6390,afcb575e-c985-4e48-8663-6e73dd6dbe65,5,mf,5,29
6391,1f4653ef-22c9-4df4-acae-3ce6dcf43075,5,mdn,3,26
6392,c34aed25-5a2c-400e-ba87-7168d634e3bd,5,ars,4,30
6393,1bbd002a-73c0-4f38-8e36-76560bba1f49,5,mdn,5,19
6394,5939bdfb-18e1-40ee-8654-d802e218a33f,5,ars,5,29
6395,ba649e58-8a55-492c-bf39-5d660ebef5c7,4,mdn,5,20
6396,6975f225-5acc-48bb-a80d-6a3a5e442fae,3,mdn,5,28
6397,802f27c7-ea1a-4e42-97b3-8174f236e379,4,mf,4,29
6398,0abe9114-4d57-4368-9b74-8ff8d5ab22cf,4,mdn,5,18
6399,7a0157cb-c6fc-4ec5-873e-fafdddf66174,5,ars,5,20
6400,a9c35b24-76a8-4b67-addd-81845fb390c7,3,j,5,29
6401,637a2933-734a-4323-a7e9-7f9f79ad4dc4,5,mdn,5,23
6402,7c032388-80b3-48e9-be91-56bf32f69e9c,4,mf,3,29
6403,df68b52d-88f5-4b15-9731-39301acac35b,5,mf,3,24
6404,afcb575e-c985-4e48-8663-6e73dd6dbe65,4,mf,4,29
6405,65f9bddd-fe54-4b4a-b2fa-8104c5db89c0,5,ars,4,30
6406,3dea5f61-f356-432f-b831-57df87d6b032,5,ars,3,23
6407,e10e6103-9fa7-4a16-bfe4-f437f8ccfdbc,5,mdn,5,19
6408,5ef1e3ae-45e5-41e7-956b-4cef7dcf95b5,4,mdn,4,21
6409,40c6a39c-67fc-4202-b18e-ef0e0185bdd3,5,mf,5,23
6410,2b9d541b-cc79-4e7a-8aca-958bed3b2c61,5,mdn,4,18
6411,de511cef-1fc8-493b-bb99-d9ba30a042c9,5,mf,4,28
6412,c0f96359-1d50-4ea2-b4d2-98cffcc461bf,4,mw,4,18
6413,cae3f7d3-ef38-44cd-99ae-c2606063e41f,4,mfarsmdn,5,22
6414,b19d51d1-cbaf-4d83-948a-e8f634e3ca48,5,ars,5,21
6415,b2120df0-7828-41fd-8a67-19bf1554d594,5,mdn,4,19
6416,ce6e85c5-f384-4d46-b67e-a4ca72252a0a,5,mdn,5,30
6417,216de2aa-e0bf-41b4-92da-3ad50ab2af5e,4,ars,5,22
6418,bd3c3d70-fe18-477c-bdc3-51c106bd41b5,5,mdn,4,24
6419,e42c716f-8970-4881-89c6-3db8a37ccd35,5,mf,4,30
6420,9ac75f91-4f73-4df0-bb20-b7de3069baee,3,ars,5,25
6421,2f586764-da78-499d-9a41-eafd03844e80,5,mdn,4,29
6422,15500f87-5d38-4e31-b34d-fe209c3a5de4,5,mdn,5,18
6423,40ef5c66-cc76-49a6-851d-1b58fe2953d7,5,mw,5,29
6424,c44794ff-60de-42e8-9ac1-d221a8ab29c0,4,ars,5,30
6425,927c3ada-c329-468f-8b53-036feb07b813,5,mdn,5,21
6426,fb0fdb0e-a962-4fa1-8447-b5f52235ffe8,3,mdn,5,20
6427,c44794ff-60de-42e8-9ac1-d221a8ab29c0,5,mdn,5,30
6428,44f5e566-7fef-484a-b881-c53d9249ae9b,5,mw,5,28
6429,375b7df7-16cd-4376-965f-52dc0c4f3eb3,5,mdn,5,23
6430,e62e4b0c-e929-48f4-ad21-f172df57e747,5,mdn,5,23
6431,b5ed5b65-c1bf-4b2f-b650-e60a5139f1bc,5,mf,3,20
6432,f10cf3ff-f51e-442d-bee4-d1c0099c264c,5,mdn,5,29
6433,2d1a4ae6-c125-4238-ae47-5496c45d5d8c,5,mdn,5,24
6434,78cb70fb-cca0-4d6b-83e3-0ca440be5174,4,mf,5,27
6435,a4272ae2-4e7e-4252-a49a-10445c387bc6,5,fg,5,29
6436,1f4653ef-22c9-4df4-acae-3ce6dcf43075,5,mdn,5,26
6437,ed2064be-7d40-4f59-9e7d-d7e7dd54b118,5,ars,5,28
6438,c6990f5b-cd7a-4dda-a877-6155653d134e,4,mw,3,19
6439,375b7df7-16cd-4376-965f-52dc0c4f3eb3,4,ars,5,23
6440,7f337d29-cfd2-4a03-bbb9-ec6196e1d34d,5,mdn,5,30
6441,83cff052-3ad9-416d-b26e-4797eccc0f10,4,je,5,25
6442,e42c716f-8970-4881-89c6-3db8a37ccd35,4,ars,5,30
6443,c1133665-1bdf-4e34-ad54-083732118089,5,mf,5,18
6444,f10cf3ff-f51e-442d-bee4-d1c0099c264c,5,mfarsmdn,5,29
6445,e6167931-7dcd-40cb-a065-3804a08ae841,4,mdn,4,30
6446,88f20ee0-e749-487f-a908-12f8ab47142b,4,ars,5,22
6447,28c21980-3720-4511-bec7-cc2e6275750a,5,mdn,4,28
6448,eeebd242-3df2-464c-9aa3-cd5781da8039,4,mdn,5,20
6449,37ff7521-e05d-4635-8d59-e3c6f852d77d,5,ars,5,23
6450,be4db01d-a7c7-4918-93df-7014dc077733,5,mf,5,22
6451,89659f75-6600-40be-8c14-322a5ae87e24,5,ars,5,23
6452,17f173bf-52a2-4042-80ee-6d30d0217f4c,3,mdn,4,20
6453,9798eef8-20b9-4df4-a0de-81ed2227b9bf,5,mdn,5,24
6454,d13135a7-9a68-4169-815e-981149a54291,4,mfmw,5,27
6455,55284c4b-b914-4e5d-9551-79d8f5b4eb5d,5,mdn,5,26
6456,dbf069ee-b1dd-4b75-8b6e-73734ec2cb48,5,mw,5,21
6457,e04076e5-3fab-4e6b-9f79-38c54336e47b,4,mw,5,20
6458,6e77a16f-1fc0-43a6-bf10-ef592e2084ea,4,ars,5,28
6459,9f60f579-c330-400e-a75a-6d0d289424c1,4,ars,5,19
6460,6f680a58-6e7f-4b24-ab2a-8f615cd14a21,5,mdn,4,27
6461,1fb37a6e-bfb4-48da-b71f-d813fb59ef1c,4,mdn,5,30
6462,e42c716f-8970-4881-89c6-3db8a37ccd35,5,ars,4,30
6463,52a42141-4b24-488f-8631-7ef301b1c14c,5,mdn,5,27
6464,9fd059e2-db33-4855-9374-7ccccc82e66e,3,mdn,4,22
6465,d5fbe51e-866a-4bc6-acd4-65604d50f3e6,4,mf,5,22
6466,1cb0d1bf-328c-48fc-ba36-d238bcf1b7f6,4,mdn,5,22
6467,4cab344d-1770-4c38-a71f-6d51e8f3b5cc,5,ars,5,18
6468,b8617d9b-d83b-4256-a87a-6edeaaedc6ba,5,mdn,5,24
6469,37801059-5d8a-4bb8-ac44-c92f83dbfa3a,5,mf,4,19
6470,5c1e8c88-6c25-4e21-99e7-98f3140d754f,5,ars,5,22
6471,fcf4ee65-4267-4b08-bb3d-1860d83cb6e0,5,ars,5,29
6472,1a26488b-6cd0-47ce-a93f-a8b4c8da09e2,5,ars,5,19
6473,6ec72b3a-0222-42ca-a3fe-bc17e019a32f,4,mf,5,24
6474,ebd78cae-0a5d-43ed-bf3e-b6c496bd4b64,5,mdn,5,26
6475,c0db802b-635c-4f93-b4cb-7d9883a43093,4,ars,4,28
6476,4cab344d-1770-4c38-a71f-6d51e8f3b5cc,3,mdn,5,18
6477,d9196f86-a4c4-48aa-89e6-1f61947b8201,5,-,4,24
6478,9ffb6093-07ab-4c59-8f50-d7b38b640c04,5,-,4,29
6479,e0c2a19b-d844-4f21-887c-a90f7c9b4346,5,ars,5,28
6480,f79501bb-dbe6-4ba4-8439-e4740856c51a,2,ars,5,25
6481,dceebdb5-1a91-4fa6-8072-aaa827868eb3,5,mf,5,26
6482,802f27c7-ea1a-4e42-97b3-8174f236e379,3,mf,5,29
6483,0fe94c00-c05c-4d31-9f39-7d31012ea47a,5,ars,5,24
6484,573f0cfc-29ec-4c96-b6fa-c4b9c5746ccf,4,mw,5,28
6485,fdf2851c-a685-4112-80fc-401747191dc3,4,mdn,5,26
6486,0d81df22-243d-48a5-829e-9b4954d5cd5b,4,mdn,5,20
6487,357a2790-e856-4dd3-a0f5-8f6e14d0267f,4,mdn,4,26
6488,d1adf242-5e1a-4a78-9c07-f0ba06758c42,4,ars,5,19
6489,0aa927af-2e14-47b5-bb75-c1c700b13262,4,mf,5,25
6490,f2359723-11a9-4415-8278-4adb624d9e6b,4,ars,4,29
6491,c005b690-b142-4d65-85e4-6ae65a48024d,5,mdn,5,27
6492,61dbc7bb-5997-4446-a7eb-5b0cd4ea98db,3,ars,4,24
6493,e7ec3fdb-639e-430f-978e-10c034fd3978,3,ars,5,21
6494,6f2f152e-fe85-4611-857a-528266761927,5,mdn,5,20
6495,e6167931-7dcd-40cb-a065-3804a08ae841,4,ars,5,30
6496,e59739bb-d66f-479b-92f8-1a526fb5a428,5,mf,5,22
6497,26321a8a-0e7d-451e-a0f3-787a7432d9cb,4,mdn,5,28
6498,493c0fa8-bb96-4b13-b9fb-93abb37b65e7,5,ars,4,29
6499,357a2790-e856-4dd3-a0f5-8f6e14d0267f,5,ars,5,26
6500,1de40c3b-877b-48c2-be67-4021b5459754,5,ars,4,22
6501,493c0fa8-bb96-4b13-b9fb-93abb37b65e7,4,mf,3,29
6502,50bc13c3-0c72-4cab-a0af-b1569c6608e6,5,mf,5,30
6503,c6843a46-7606-45f7-a642-7dfbe9bb61cf,4,mdn,5,28
6504,9a72950d-597c-4488-8d80-702130f485ee,5,ars,5,23
6505,6ec72b3a-0222-42ca-a3fe-bc17e019a32f,5,ars,5,24
6506,cdb366d6-e302-45aa-b61c-6bb4bd827c4f,4,ars,4,22
6507,3957973a-682a-4959-b576-9a085c8a44ae,4,mfmw,4,28
6508,2ae01d22-116d-44c0-84be-cfad96fb519c,5,ars,5,20
6509,50bc13c3-0c72-4cab-a0af-b1569c6608e6,5,ars,5,30
6510,fdf2851c-a685-4112-80fc-401747191dc3,5,ars,5,26
6511,91753f65-ede6-4be5-b7a7-9e8b4da7cc42,5,ars,4,21
6512,789b8d4b-a8d0-430d-9fd4-29d445b2f6f2,4,-,5,29
6513,1f4653ef-22c9-4df4-acae-3ce6dcf43075,5,mdn,5,26
6514,e18562d7-a549-49e1-ade6-2373fed3787d,4,ars,5,22
6515,c44b54b6-297d-4d1f-a5cc-1fbf039d492b,4,mdn,4,27
6516,67313ce6-34e5-492a-ab7b-4e50acceb029,5,ars,4,28
6517,a21eedda-983a-47dd-81fc-20e1b1f34d9e,3,mfars,4,26
6518,d8eb4bf2-57a4-4a6a-8865-4ce0bf2c9e12,4,mf,5,29
6519,2eebf90c-68dc-4631-a827-b59638b7ad52,5,mdn,4,26
6520,1da45063-2dc1-41f2-88ea-7f61fe7f9a19,5,mf,3,25
6521,202f45d7-fcef-4cc2-8278-6cd8e89d01cd,5,mf,5,19
6522,2d1a4ae6-c125-4238-ae47-5496c45d5d8c,5,mf,5,24
6523,9798eef8-20b9-4df4-a0de-81ed2227b9bf,4,ars,4,24
6524,2e276933-00b1-44a5-93f7-8327f3fcca83,3,ars,5,25
6525,b1d1a983-98bc-441f-96bf-b92fd2c78493,5,mf,5,26
6526,9272dcff-3d6f-401f-9f68-7c06df177b96,5,ars,4,20
6527,2eebf90c-68dc-4631-a827-b59638b7ad52,5,mdn,5,26
6528,16b89a6a-1ce4-4a2d-b19e-8d37bc7c7c5e,5,mdn,4,21
6529,fcf4ee65-4267-4b08-bb3d-1860d83cb6e0,4,ars,4,29
6530,8cc0183c-f480-475a-a25b-559f3576b7c5,5,ars,4,18
6531,4ff66c05-68eb-4bc1-9ed7-4ca15066eb3c,5,mdn,3,20
6532,b5bc6003-dc35-4ca6-b16c-1752ffb0d186,4,mdn,5,20
6533,5e6e310e-6abc-4e1a-b8e6-75b0a5b991b2,5,je,5,28
6534,afcb575e-c985-4e48-8663-6e73dd6dbe65,5,mf,5,29
6535,22b43ba7-0a64-49dd-bf2f-b6920e84a056,4,ars,5,18
6536,eb5ab705-64b5-4824-80b1-748c0c01560b,5,-,3,30
6537,6f2f152e-fe85-4611-857a-528266761927,4,mw,5,20
6538,9fd059e2-db33-4855-9374-7ccccc82e66e,4,mdn,5,22
6539,921eaf8b-9aee-46c9-8e43-76663964131c,4,ars,4,21
6540,a9c35b24-76a8-4b67-addd-81845fb390c7,5,mdn,3,29
6541,2d289025-ff1e-4ba7-a201-6b6053e593e8,4,mdn,3,21
6542,40ef5c66-cc76-49a6-851d-1b58fe2953d7,4,mf,4,29
6543,c4cf804a-7759-4269-8562-c7141d2c18c7,5,ars,5,24
6544,2c867a72-877a-4cfb-8d18-01990c6c4846,3,mdn,3,19
6545,73ae6177-466a-40ab-833a-67f5a7eedc79,5,mw,3,26
6546,26321a8a-0e7d-451e-a0f3-787a7432d9cb,4,mdn,5,28
6547,40c6a39c-67fc-4202-b18e-ef0e0185bdd3,3,mw,5,23
6548,c3199038-0991-484e-bfee-899557351e13,4,mf,5,25
6549,58326bf0-4f33-4c16-b328-cc206f87d423,4,mf,4,28
6550,2e276933-00b1-44a5-93f7-8327f3fcca83,5,ars,5,25
6551,9347de8d-7c8f-4fe7-bb9d-ccf63c729d89,4,-,3,26
6552,d975480c-d90f-414e-a9e1-b1288c4fbd1c,5,ars,5,28
6553,9b87a188-a71f-4d7a-bb50-b7fae8022f80,4,ars,5,27
6554,c233c56b-6f1a-4f53-9f27-e39f5220f9d3,4,mdn,4,26
6555,2b46b282-1df9-4423-9625-2c6743a25144,4,j,5,25
6556,80b41e1b-5190-447f-b409-c16b01162cf0,4,mw,4,22
6557,26180c48-bfbb-4af5-b4ff-6a1aa15b9f84,5,mdn,4,28
6558,e9b443df-a15c-4c9f-b225-c44096cdcb9e,4,ars,5,19
6559,ae0bc742-9002-4ac9-b183-a2041b84bc8b,5,ars,4,28
6560,24f641eb-913a-4416-84af-07ec8721940e,5,ars,5,20
6561,14d84dec-8ae5-46d1-aebd-b3aa52f097ff,3,ars,5,30
6562,7428131a-f272-433f-b7ae-725af2ab628d,5,ars,4,29
6563,1c8b2fc6-6dea-4184-9cb0-5dfbe49b73da,5,ars,4,30
6564,c1133665-1bdf-4e34-ad54-083732118089,4,mdn,4,18
6565,f10cf3ff-f51e-442d-bee4-d1c0099c264c,4,mf,4,29
6566,53204bad-4011-4a1a-b4d1-cee62543e32e,4,mdn,4,20
6567,daba59b7-3cb9-4533-b8a8-9e0562490dd2,3,ars,4,23
6568,e33fe1f5-796c-4c1d-84c4-32eb396f9837,3,ars,4,24
6569,789055e5-3d0a-423a-bd82-c9fcfdf03bac,5,mw,4,30
6570,9b87a188-a71f-4d7a-bb50-b7fae8022f80,5,mdn,5,27
6571,b5bc6003-dc35-4ca6-b16c-1752ffb0d186,3,mf,5,20
6572,640d60da-a441-4460-b386-d9613ee01d28,5,ars,5,29
6573,8c8342e9-a790-4117-b607-5415d372b7f6,5,mf,4,29
6574,ae40a3a5-e900-4cbc-8955-280bd7529d92,5,mf,4,21
6575,ec3f623a-65f2-4b0d-937b-d0d1c4325976,4,mdn,5,30
6576,68808f5c-066f-4afa-b2fa-ae7abe1e6ba5,5,mf,5,19
6577,4cf82814-1d7e-430c-bba3-247af2552306,5,mf,5,19
6578,aa994a1c-055e-4751-b4cf-ddc08d3a5f8c,4,mdn,5,18
6579,d13135a7-9a68-4169-815e-981149a54291,5,ars,5,27
6580,f2708137-31a5-416c-bbff-7155fb5aa25c,3,mf,5,19
6581,18d72f16-5e3b-4cdd-ac63-6847f84789e2,5,mdn,3,25
6582,4c39b0b9-c9d0-45ac-b545-190c3da984fa,5,mdn,5,21
6583,0b5bc2f8-6b6b-4cd8-abdd-7c9350676492,5,mw,4,26
6584,0f1a02d0-badb-422e-a97f-76df0e23f581,5,ars,4,26
6585,b7ba5486-611f-4ead-9e37-51de7d6961bb,4,-,4,30
6586,14d84dec-8ae5-46d1-aebd-b3aa52f097ff,5,ars,5,30
6587,3c24d078-c8f8-4f83-ab59-6d25c5b84bc2,5,ars,4,30
6588,d5fbe51e-866a-4bc6-acd4-65604d50f3e6,5,mdn,5,22
6589,64f2a8ab-33f5-42c6-9ba5-54e65b6b5af4,5,mdn,5,30
6590,e9877472-82b1-472c-8e62-929561e5e2e7,5,mf,5,30
6591,391319c2-41bc-4213-ba51-0e06718e1803,4,fg,3,26
6592,3d0ea613-5462-4785-91d0-04f2331473f5,5,ars,3,19
6593,48a6d994-4f5b-468f-a96b-9ebe47e8e279,5,mf,4,18
6594,5ef119b1-883b-4964-8400-341414ee551a,5,mf,4,22
6595,ff9d3a2b-707a-4274-9447-421946699738,3,mdn,5,25
6596,c6990f5b-cd7a-4dda-a877-6155653d134e,3,mf,5,19
6597,2d289025-ff1e-4ba7-a201-6b6053e593e8,5,mw,5,21
6598,e11ba41b-805a-4223-afa6-67c773666985,5,mdn,4,30
6599,e490e589-c757-4a79-9fb9-b96dc034c08b,5,mf,4,22
6600,24f641eb-913a-4416-84af-07ec8721940e,3,mw,5,20
6601,899d5675-9fe8-4dde-af03-7b62ba95428c,5,mdn,5,22
6602,5d11e9c3-db2d-42ce-a4b2-676294bcab5c,5,ars,5,24
6603,53204bad-4011-4a1a-b4d1-cee62543e32e,5,mdn,5,20
6604,f6a23d22-7609-4675-b15a-07e2ac92d770,5,ars,5,27
6605,d1adf242-5e1a-4a78-9c07-f0ba06758c42,5,ars,4,19
6606,1cb0d1bf-328c-48fc-ba36-d238bcf1b7f6,4,ars,5,22
6607,dfc7c753-24c4-4193-ae2b-2ee1af876a13,4,ars,4,30
6608,11cb3da8-b076-4554-b86b-ad619773b101,5,mw,5,27
6609,49e2e565-049d-4753-871a-2ec2587d386e,5,mdn,4,30
6610,61dbc7bb-5997-4446-a7eb-5b0cd4ea98db,3,ars,5,24
6611,cdb366d6-e302-45aa-b61c-6bb4bd827c4f,4,mdn,5,22
6612,e8cf2675-3727-4525-970c-77eff23acff5,5,mdn,5,22
6613,ebcfc29b-0f9a-4a12-88c4-66d907cc65c9,5,mw,4,18
6614,d057bbf9-c5fa-420a-9bb9-1f6322853d1c,4,mdn,5,27
6615,e8cf2675-3727-4525-970c-77eff23acff5,5,j,5,22
6616,59ad52ab-0325-4f71-bbf8-6d0eabc630ad,5,mdn,5,30
6617,c6843a46-7606-45f7-a642-7dfbe9bb61cf,4,mdn,5,28
6618,5d11e9c3-db2d-42ce-a4b2-676294bcab5c,5,ars,5,24
6619,cee74a0a-0b19-443e-93ff-152112089c51,5,je,4,24
6620,cae3f7d3-ef38-44cd-99ae-c2606063e41f,5,ars,5,22
6621,9f60f579-c330-400e-a75a-6d0d289424c1,4,mdn,5,19
6622,85c289f3-c492-4b55-91f1-25a199c58832,5,mf,5,25
6623,4c39b0b9-c9d0-45ac-b545-190c3da984fa,5,mdn,5,21
6624,2b7f0ba7-166f-43e5-9c60-056b72b479a4,5,tam,5,27
6625,6d494d2e-4ab9-4884-b620-e73214923863,5,ars,5,18
6626,aafce93e-6e5f-46ad-b186-d642d5a456a1,5,mdn,5,30
6627,11a3f0b6-30be-4055-bd52-045a04e860fe,4,-,4,25
6628,5d6539ff-441b-46cc-af23-5b77ff05230e,5,mdn,5,25
6629,393c8d69-3a0e-414a-8b81-6b069e1d3432,5,-,4,19
6630,eb90a88d-20c0-4c51-98f1-a67bc873c84d,5,mdn,5,20
6631,adc0ba52-ad0c-4888-9527-72d7900b42bd,5,ars,5,26
6632,f05a9269-3068-486a-b87d-fda9d757275c,5,j,5,28
6633,a07d4949-be64-47ce-b0d2-c4b3e775404e,5,mdn,5,24
6634,391319c2-41bc-4213-ba51-0e06718e1803,5,mdn,5,26
6635,ebcfc29b-0f9a-4a12-88c4-66d907cc65c9,4,ars,5,18
6636,c34aed25-5a2c-400e-ba87-7168d634e3bd,5,ars,5,30
6637,be1f9c71-c6b8-48c6-84bb-6ef5174954aa,5,ars,5,20
6638,d056ef76-a2d5-4e81-9a82-0a5190a878e8,5,mw,5,28
6639,ceb7a529-86be-4dc4-b116-38797aabd2dd,5,ars,3,29
6640,ef4ca2ea-04a0-43cb-b257-87ad0f4d14b0,5,mdn,5,29
6641,b2120df0-7828-41fd-8a67-19bf1554d594,4,ars,4,19
6642,41c2499e-4649-4cd4-8476-d435c6166c58,5,mdn,4,22
6643,342ea9ee-c313-48ec-9c3e-d11cc7614f54,3,mdn,5,29
6644,8633ed8f-31e9-45be-8c95-1a50d1658229,5,ars,4,27
6645,2af566fa-f86c-462b-b3cf-5868069d103e,4,mw,5,21
6646,6f2f152e-fe85-4611-857a-528266761927,5,mdn,4,20
6647,c81c0d30-be22-4d14-a328-3760bfd5e023,5,k,3,20
6648,8aef2d51-8022-4436-a3a6-8c80ea4e0d91,4,mdn,5,29
6649,c3199038-0991-484e-bfee-899557351e13,5,ars,5,25
6650,d99430cc-3810-4660-823f-02144b19ea3d,4,k,4,29
6651,e62e4b0c-e929-48f4-ad21-f172df57e747,5,mdn,5,23
6652,984f5641-df2b-40ba-83b2-61ba8eabc65c,3,mf,5,24
6653,49e2e565-049d-4753-871a-2ec2587d386e,3,mdn,5,30
6654,59ad52ab-0325-4f71-bbf8-6d0eabc630ad,5,ars,5,30
6655,d2def5be-4ed5-4735-ba73-d6a360f58a69,5,mfars,5,25
6656,357a2790-e856-4dd3-a0f5-8f6e14d0267f,4,mf,5,26
6657,ed9b6e30-d898-4452-97e1-ccbcff4a27bb,4,mf,4,18
6658,d26cad8a-57db-41ec-9679-d73b30e718dc,3,ars,4,30
6659,d1560a24-8c99-4ae8-85f9-c9bf80991ce4,5,mdn,4,26
6660,9fdd2e9f-bbb9-4c36-ad62-91b8914dd0ea,5,mf,4,25
6661,6682a9bf-56ba-4596-8da7-14e90a00dcd4,4,mf,5,29
6662,e9877472-82b1-472c-8e62-929561e5e2e7,5,ars,5,30
6663,f443f8f7-c1f8-4b45-a91c-5a994f4c0ef6,5,mw,4,20
6664,a5a4ee5b-8385-4dfb-9185-a1deb1531cdb,5,mf,5,28
6665,acf94512-66a4-418e-98d7-dfc6c4691d80,5,mdn,3,24
6666,64f2a8ab-33f5-42c6-9ba5-54e65b6b5af4,5,mdn,5,30
6667,ec3f623a-65f2-4b0d-937b-d0d1c4325976,5,mdn,5,30
6668,8e3026d2-a977-4221-a6cc-c30fd3590962,4,ars,3,30
6669,37725a9e-f7e1-4803-ad03-e9be32e186d4,5,ars,5,20
6670,dab9d52e-ee1a-4508-a4d6-5dd373bb25f6,5,fg,5,19
6671,709c8608-6cac-4147-9d6e-e8152ce6340c,5,mw,4,24
6672,93cc8629-4757-4a91-acbe-cb586e385c66,5,mdn,5,18
6673,391319c2-41bc-4213-ba51-0e06718e1803,4,je,4,26
6674,ebd78cae-0a5d-43ed-bf3e-b6c496bd4b64,5,mdn,5,26
6675,2a205037-8c86-4372-a92d-d81ee9b38025,4,mf,4,21
6676,4e5e83e4-af3a-4513-ae2d-281f7991fdb7,5,mf,5,25
6677,a50dc3c0-5a19-4025-83eb-5812671c9480,4,mdn,4,20
6678,24f641eb-913a-4416-84af-07ec8721940e,5,ars,3,20
6679,4c39b0b9-c9d0-45ac-b545-190c3da984fa,5,mf,5,21
6680,640d60da-a441-4460-b386-d9613ee01d28,5,je,5,29
6681,c43a7404-eeeb-4714-9bc9-598b448da6f9,3,ars,4,30
6682,637a2933-734a-4323-a7e9-7f9f79ad4dc4,5,ars,5,23
6683,a59fa924-4733-471c-8754-f6595cd0e6f1,4,ars,4,27
6684,26321a8a-0e7d-451e-a0f3-787a7432d9cb,4,mw,3,28
6685,2c7871c7-4bd5-43a8-aa2c-3c65fc33736c,5,ars,5,26
6686,adc0ba52-ad0c-4888-9527-72d7900b42bd,3,ars,5,26
6687,dfac5d22-8882-4707-bbe8-9325b9ddc739,3,ars,5,20
6688,c1133665-1bdf-4e34-ad54-083732118089,5,k,3,18
6689,5e454df6-a68f-4b76-b06a-f576ed27a11e,5,ars,5,22
6690,de511cef-1fc8-493b-bb99-d9ba30a042c9,5,k,5,28
6691,24f641eb-913a-4416-84af-07ec8721940e,3,ars,4,20
6692,dac33426-3c77-4e9c-807c-3ecdc261339f,5,mf,5,20
6693,f0d0484f-f159-4fe0-8ed4-45dd77bc7cff,4,mf,3,22
6694,3ad458ed-6069-4907-a71e-efda23c5abff,5,ars,5,28
6695,64f2a8ab-33f5-42c6-9ba5-54e65b6b5af4,4,mdn,4,30
6696,19d5ec55-7543-48c4-8fbc-f01f5a9b2c95,4,mdn,5,26
6697,cee38db4-d8fb-4876-affb-408d23f0c5fc,5,mdn,4,20
6698,c3199038-0991-484e-bfee-899557351e13,5,ars,4,25
6699,820fb470-45af-4458-a617-8ea1f9d8915d,5,mdn,5,30
6700,393c8d69-3a0e-414a-8b81-6b069e1d3432,5,ars,5,19
6701,59ad52ab-0325-4f71-bbf8-6d0eabc630ad,5,mdn,5,30
6702,caa1cb22-fbe5-43dd-bba4-11dd60e108aa,5,mdn,5,26
6703,b166452a-784d-4789-941e-1c7b8b6229f6,5,mdn,4,21
6704,f1242db3-e5af-4813-a6f1-4c9e531776bd,5,mw,5,20
6705,7fab4381-0d58-4c87-890a-00f892c6b4d3,4,mdn,4,27
6706,483a2cf3-98f9-456d-81d9-022710423c23,5,ars,5,24
6707,899d5675-9fe8-4dde-af03-7b62ba95428c,4,mdn,5,22
6708,f627af83-24c8-4c96-a7fd-4e60eddea09e,5,mf,5,24
6709,22b43ba7-0a64-49dd-bf2f-b6920e84a056,4,mdn,4,18
6710,eb5ab705-64b5-4824-80b1-748c0c01560b,5,mfmw,5,30
6711,a59fa924-4733-471c-8754-f6595cd0e6f1,3,mdn,5,27
6712,e7cb74f4-ab7a-4555-90a9-a9f5ecb3f9b6,3,mdn,3,28
6713,1bbd002a-73c0-4f38-8e36-76560bba1f49,3,mw,2,19
6714,22b43ba7-0a64-49dd-bf2f-b6920e84a056,5,ars,5,18
6715,573f0cfc-29ec-4c96-b6fa-c4b9c5746ccf,2,ars,5,28
6716,f09830ac-90c9-4f96-82d2-30a969c28516,5,mdn,4,23
6717,8836f623-a6e4-442f-aa50-99c436187488,5,tam,4,24
6718,cec079b7-5691-4cd0-9092-3b0388c25d4a,4,mfars,5,22
6719,fe2ef5d1-e5b0-4c59-b553-8a14aa6485fd,5,ars,4,28
6720,4073acaa-d216-4e04-8729-bfadada4d095,4,ars,4,20
6721,40ef5c66-cc76-49a6-851d-1b58fe2953d7,5,mdn,4,29
6722,a21eedda-983a-47dd-81fc-20e1b1f34d9e,4,ars,4,26
6723,96491651-a46d-4fae-84ea-64c3c00a3071,4,ars,5,19
6724,f9c4d67a-8176-4831-b098-8d866ed2dd52,5,j,5,20
6725,2eebf90c-68dc-4631-a827-b59638b7ad52,5,mw,5,26
6726,55284c4b-b914-4e5d-9551-79d8f5b4eb5d,5,ars,4,26
6727,f6a23d22-7609-4675-b15a-07e2ac92d770,5,mw,5,27
6728,a133b00f-54e3-42c5-87db-f89de83c6874,5,ars,5,20
6729,e9b443df-a15c-4c9f-b225-c44096cdcb9e,5,mw,4,19
6730,5cf62f0f-9b68-4dd7-9dd1-78727e147558,5,mdn,5,19
6731,6b792bd6-6f66-4692-b446-832cc13edc39,5,ars,4,25
6732,b08e0cea-9237-4a5a-87d6-3f72a313ae3f,5,mdn,5,29
6733,0f1a02d0-badb-422e-a97f-76df0e23f581,5,ars,4,26
6734,899d5675-9fe8-4dde-af03-7b62ba95428c,3,mf,3,22
6735,cdb366d6-e302-45aa-b61c-6bb4bd827c4f,5,ars,5,22
6736,ef4ca2ea-04a0-43cb-b257-87ad0f4d14b0,4,ars,3,29
6737,ab9d4c1f-1773-4f12-88e1-ecd78f51e309,3,mdn,4,30
6738,f6079976-5f69-482b-8b84-179dd5524bfa,5,mf,5,28
6739,8836f623-a6e4-442f-aa50-99c436187488,5,mfars,5,24
6740,6e65b841-848c-46e7-a8b3-15ca81055f6a,5,mdn,3,26
6741,64f2a8ab-33f5-42c6-9ba5-54e65b6b5af4,5,mf,5,30
6742,da0a8407-c3fa-42bc-bd2b-23e1c7cde8a9,4,mdn,4,30
6743,83da35e2-88ab-4562-9f43-c192ecdaed1e,5,mfars,5,18
6744,558a3ec4-7fbc-40e7-9553-f8cff87516c7,4,ars,4,29
6745,fefb10d9-4247-4d30-b89d-9efd8c703bf1,3,ars,5,23
6746,ff4a3b75-5599-4d90-95f0-8a1bf29c5849,4,mfars,5,27
6747,5805dec2-b9a9-4314-9e19-729737c7a6c6,4,mf,5,21
6748,ce6e85c5-f384-4d46-b67e-a4ca72252a0a,4,mdn,4,30
6749,ff4a3b75-5599-4d90-95f0-8a1bf29c5849,5,mfars,4,27
6750,dd17fd3c-6723-465c-8b53-ce5998b51003,5,mdn,4,20
6751,73b6df25-7321-4250-8a5d-2d58573b14ec,4,mf,4,24
6752,85c289f3-c492-4b55-91f1-25a199c58832,5,ars,5,25
6753,9347de8d-7c8f-4fe7-bb9d-ccf63c729d89,5,ars,5,26
6754,0d5f41b7-3ab8-478c-836a-767823fd4c82,4,mdn,4,28
6755,792a10ac-a9bb-45ce-af93-7a2619ef61fe,4,mdn,5,30
6756,9fd059e2-db33-4855-9374-7ccccc82e66e,5,mf,4,22
6757,fe2ef5d1-e5b0-4c59-b553-8a14aa6485fd,5,mdn,4,28
6758,640d60da-a441-4460-b386-d9613ee01d28,5,ars,3,29
6759,0e321c7e-d2cf-4699-aa74-9544ab8f2090,5,mdn,5,26
6760,3225e9ea-e884-40bd-a656-818e699d86ec,4,je,5,25
6761,a93b4520-48eb-4201-afbf-b8d72d7eb56a,4,mw,4,28
6762,ede1c719-13be-432a-958d-e5e220f7b972,5,tam,5,21
6763,1efd7e76-acea-457d-b43c-d2c538c532b2,5,mdn,4,22
6764,c0f96359-1d50-4ea2-b4d2-98cffcc461bf,4,mf,5,18
6765,d99430cc-3810-4660-823f-02144b19ea3d,4,ars,4,29
6766,820fb470-45af-4458-a617-8ea1f9d8915d,4,mw,5,30
6767,73b6df25-7321-4250-8a5d-2d58573b14ec,5,mw,4,24
6768,573f0cfc-29ec-4c96-b6fa-c4b9c5746ccf,5,ars,5,28
6769,391319c2-41bc-4213-ba51-0e06718e1803,5,mf,5,26
6770,a04fce7c-b286-4d7c-a980-189ed10f7dcb,3,mdn,5,28
6771,a9c35b24-76a8-4b67-addd-81845fb390c7,5,mdn,4,29
6772,c3199038-0991-484e-bfee-899557351e13,4,k,5,25
6773,e42c716f-8970-4881-89c6-3db8a37ccd35,5,mf,4,30
6774,3ad458ed-6069-4907-a71e-efda23c5abff,4,mf,5,28
6775,50bc13c3-0c72-4cab-a0af-b1569c6608e6,4,mdn,5,30
6776,f064f333-666c-499f-bfcb-b71607e60de7,5,mf,4,30
6777,d5fbe51e-866a-4bc6-acd4-65604d50f3e6,4,ars,5,22
6778,9c2aadbd-036d-45e6-b130-7f3d98892dba,5,k,5,20
6779,88f20ee0-e749-487f-a908-12f8ab47142b,5,mdn,4,22
6780,a2b117e7-ab57-476e-831c-33f7ceb1aa35,5,mw,5,29
6781,927c3ada-c329-468f-8b53-036feb07b813,5,ars,5,21
6782,1105bd82-4df4-4116-be5a-0fc3f7506907,4,ars,5,18
6783,6d494d2e-4ab9-4884-b620-e73214923863,4,ars,4,18
6784,ab3fe741-a432-4b93-97e7-ca7f86b14d56,4,mw,4,21
6785,ddd0d578-3230-498c-9471-c90132d0399a,4,mdn,4,18
6786,1da45063-2dc1-41f2-88ea-7f61fe7f9a19,5,ars,3,25
6787,be5ec881-1245-4f55-9f25-8f76599294aa,5,mdn,5,24
6788,8cc0183c-f480-475a-a25b-559f3576b7c5,5,mdn,5,18
6789,c005b690-b142-4d65-85e4-6ae65a48024d,4,mf,4,27
6790,1d9c5351-1850-448d-a113-86faf797165f,5,mdn,4,20
6791,24f641eb-913a-4416-84af-07ec8721940e,4,ars,5,20
6792,a04fce7c-b286-4d7c-a980-189ed10f7dcb,3,mdn,4,28
6793,9347de8d-7c8f-4fe7-bb9d-ccf63c729d89,5,ars,4,26
6794,dfc7c753-24c4-4193-ae2b-2ee1af876a13,4,mf,5,30
6795,a2b117e7-ab57-476e-831c-33f7ceb1aa35,5,ars,5,29
6796,f96dc1f6-d3a8-4cf6-a3ab-6a1182d41edd,5,ars,5,23
6797,2f773992-bd33-499d-b4d8-9de663d61d09,5,mf,5,18
6798,273a109b-52b8-4925-8536-22ceb3b716dc,5,ars,5,30
6799,eeebd242-3df2-464c-9aa3-cd5781da8039,5,ars,4,20
6800,c43a7404-eeeb-4714-9bc9-598b448da6f9,4,ars,4,30
6801,a4272ae2-4e7e-4252-a49a-10445c387bc6,5,mw,5,29
6802,a21eedda-983a-47dd-81fc-20e1b1f34d9e,3,mdn,4,26
6803,dfac5d22-8882-4707-bbe8-9325b9ddc739,5,mfars,5,20
6804,670e36fe-2b5e-4426-919b-889ef9ae7dc9,5,ars,5,26
6805,a59fa924-4733-471c-8754-f6595cd0e6f1,5,ars,5,27
6806,dceebdb5-1a91-4fa6-8072-aaa827868eb3,5,ars,5,26
6807,b94abf88-995e-47ac-9dae-0fc713c19fd9,5,mdn,5,27
6808,5d6539ff-441b-46cc-af23-5b77ff05230e,5,mfars,5,25
6809,0e321c7e-d2cf-4699-aa74-9544ab8f2090,5,ars,4,26
6810,5d8a1dd5-498e-47ba-8bfc-62763467a996,3,mdn,4,27
6811,9dafb395-690f-4613-9aed-1761724d82c8,5,mdn,5,22
6812,0b187bd8-2c9e-4c1a-ad95-1ac60fa3f39d,5,je,5,20
6813,d056ef76-a2d5-4e81-9a82-0a5190a878e8,3,ars,4,28
6814,9a72950d-597c-4488-8d80-702130f485ee,5,mdn,5,23
6815,a137710a-0bfc-4d4e-be3b-2aa711ee0d7c,4,ars,5,19
6816,e876c637-3708-402f-9fc3-ed2a59c697c9,5,ars,5,27
6817,5d674651-5ef2-4f04-b0fd-1cb744d92488,4,ars,4,18
6818,e04076e5-3fab-4e6b-9f79-38c54336e47b,5,mfars,5,20
6819,ac1781e0-796b-4d94-a324-680e348fe2cb,3,mf,3,22
6820,22c4015e-dc9e-4d9e-b7f2-3a69fe57a3b8,4,k,5,22
6821,eb90a88d-20c0-4c51-98f1-a67bc873c84d,4,mf,4,20
6822,b166452a-784d-4789-941e-1c7b8b6229f6,4,ars,5,21
6823,61dbc7bb-5997-4446-a7eb-5b0cd4ea98db,5,ars,5,24
6824,53f8916f-1f81-4fd4-ba7e-b3574e6852eb,5,mdn,5,19
6825,c81c0d30-be22-4d14-a328-3760bfd5e023,3,ars,5,20
6826,0fe94c00-c05c-4d31-9f39-7d31012ea47a,5,ars,4,24
6827,f96dc1f6-d3a8-4cf6-a3ab-6a1182d41edd,5,mdn,5,23
6828,14d84dec-8ae5-46d1-aebd-b3aa52f097ff,5,mdn,5,30
6829,41c2499e-4649-4cd4-8476-d435c6166c58,5,ars,5,22
6830,3ad458ed-6069-4907-a71e-efda23c5abff,5,mdn,5,28
6831,7a024b41-0a4e-41dd-ad47-121884fa8a11,5,ars,5,23
6832,b94abf88-995e-47ac-9dae-0fc713c19fd9,5,mdn,5,27
6833,d1f141a2-1152-4522-ac13-eb572de63737,5,ars,3,23
6834,a2509b39-af24-4703-842f-27c2dcd12475,5,ars,5,29
6835,41ae8e3f-715e-4fe0-aa5f-75aca345731c,5,mf,5,28
6836,dac33426-3c77-4e9c-807c-3ecdc261339f,4,mw,3,20
6837,55284c4b-b914-4e5d-9551-79d8f5b4eb5d,4,mdn,5,26
6838,1da45063-2dc1-41f2-88ea-7f61fe7f9a19,4,mdn,4,25
6839,9dafb395-690f-4613-9aed-1761724d82c8,3,mw,5,22
6840,4e5e83e4-af3a-4513-ae2d-281f7991fdb7,5,ars,2,25
6841,8bad8df3-fd1c-47eb-a830-cd085d8918f1,5,mdn,5,20
6842,4ff66c05-68eb-4bc1-9ed7-4ca15066eb3c,4,ars,4,20
6843,216de2aa-e0bf-41b4-92da-3ad50ab2af5e,5,mf,5,22
6844,5cf62f0f-9b68-4dd7-9dd1-78727e147558,5,ars,5,19
6845,a1408643-a549-447c-b867-6886faa00fca,4,ars,5,19
6846,3715dae0-d872-499f-8f0c-fabf940e2bc0,4,mf,5,25
6847,3d0ea613-5462-4785-91d0-04f2331473f5,5,mfars,5,19
6848,8e3026d2-a977-4221-a6cc-c30fd3590962,5,ars,5,30
6849,20c3a3f4-11c6-43d4-a63d-88f54b3b8096,4,ars,4,30
6850,220cc7c6-0cef-413b-af2a-ec2208ceac65,5,j,5,20
6851,90f03727-0a86-4f64-8828-9b8d6d2a0650,5,ars,3,28
6852,da651f2b-7264-419b-86f7-c68c199ab2eb,3,mfars,5,22
6853,38f9af29-497a-49e7-b561-797d2a207cf0,5,ars,5,30
6854,6975f225-5acc-48bb-a80d-6a3a5e442fae,5,mdn,5,28
6855,f09830ac-90c9-4f96-82d2-30a969c28516,5,ars,4,23
6856,61dbc7bb-5997-4446-a7eb-5b0cd4ea98db,5,ars,4,24
6857,cee38db4-d8fb-4876-affb-408d23f0c5fc,5,mdn,5,20
6858,d4024ed1-cddb-4e3c-aea5-6616191d699f,3,mdn,5,29
6859,a59fa924-4733-471c-8754-f6595cd0e6f1,5,ars,5,27
6860,a8272db8-0e9f-4372-a757-661bd02f9051,5,mf,5,26
6861,9b6d950a-d667-4f0b-ac67-0d810b2feff6,5,mdn,3,22
6862,d5fbe51e-866a-4bc6-acd4-65604d50f3e6,5,ars,4,22
6863,1bfa930d-cf1c-479b-87e4-bae0f9073321,5,ars,3,23
6864,a76629f6-fe9d-4e32-a4ab-46b9faf116a0,3,ars,4,25
6865,899d5675-9fe8-4dde-af03-7b62ba95428c,5,mfarsmdn,4,22
6866,e9877472-82b1-472c-8e62-929561e5e2e7,5,mf,3,30
6867,5ef119b1-883b-4964-8400-341414ee551a,3,ars,5,22
6868,c43a7404-eeeb-4714-9bc9-598b448da6f9,5,mf,5,30
6869,84d29b44-26c6-4b05-8a67-31831d35be32,4,mdn,5,28
6870,651aa3c1-3bba-4b30-9471-e0f7857900f7,5,tam,5,29
6871,37725a9e-f7e1-4803-ad03-e9be32e186d4,5,ars,4,20
6872,bd3c3d70-fe18-477c-bdc3-51c106bd41b5,5,mdn,5,24
6873,e9877472-82b1-472c-8e62-929561e5e2e7,4,mdn,4,30
6874,a07d4949-be64-47ce-b0d2-c4b3e775404e,5,mw,4,24
6875,1efd7e76-acea-457d-b43c-d2c538c532b2,5,mdn,5,22
6876,91e4721c-9e62-45f6-874a-878f40489739,5,mf,5,21
6877,26180c48-bfbb-4af5-b4ff-6a1aa15b9f84,5,ars,5,28
6878,934eaca0-2d10-4419-8175-7812976e2931,4,ars,4,21
6879,366c8261-243e-4eab-9695-6df81979597a,5,ars,5,18
6880,18d72f16-5e3b-4cdd-ac63-6847f84789e2,4,mdn,5,25
6881,5d8a1dd5-498e-47ba-8bfc-62763467a996,3,mdn,5,27
6882,dac33426-3c77-4e9c-807c-3ecdc261339f,5,ars,5,20
6883,14d84dec-8ae5-46d1-aebd-b3aa52f097ff,4,ars,3,30
6884,d1f141a2-1152-4522-ac13-eb572de63737,4,mf,5,23
6885,16b89a6a-1ce4-4a2d-b19e-8d37bc7c7c5e,5,ars,5,21
6886,93515f8d-d789-46de-bb36-728e6b16625a,4,ars,5,20
6887,9347de8d-7c8f-4fe7-bb9d-ccf63c729d89,5,mdn,5,26
6888,b1d1a983-98bc-441f-96bf-b92fd2c78493,3,mdn,3,26
6889,e33fe1f5-796c-4c1d-84c4-32eb396f9837,5,mw,5,24
6890,a50dc3c0-5a19-4025-83eb-5812671c9480,4,mf,4,20
6891,a5a4ee5b-8385-4dfb-9185-a1deb1531cdb,3,ars,5,28
6892,22c4015e-dc9e-4d9e-b7f2-3a69fe57a3b8,4,mdn,4,22
6893,f6c33008-5144-41d8-b2a5-a570e9f1561b,5,ars,3,21
6894,5e6e310e-6abc-4e1a-b8e6-75b0a5b991b2,5,ars,5,28
6895,637a2933-734a-4323-a7e9-7f9f79ad4dc4,4,mdn,5,23
6896,1699c2dd-b2b5-4756-bc87-a4b933c25c01,4,mdn,5,29
6897,f10cf3ff-f51e-442d-bee4-d1c0099c264c,4,mdn,4,29
6898,5ef1e3ae-45e5-41e7-956b-4cef7dcf95b5,5,mdn,4,21
6899,a47a4348-5295-48e9-aea3-acb821b95f11,5,ars,5,23
6900,28c21980-3720-4511-bec7-cc2e6275750a,5,ars,4,28
6901,d1d66775-cc03-42ea-ad3c-681efafb3682,5,ars,4,24
6902,de26149b-380f-42c9-bdc1-a8584f2c5233,4,ars,5,29
6903,df68b52d-88f5-4b15-9731-39301acac35b,5,mf,5,24
6904,747f065e-55d2-47c9-ab2b-c349fcbc001d,5,mdn,3,23
6905,c233c56b-6f1a-4f53-9f27-e39f5220f9d3,5,ars,5,26
6906,20c3a3f4-11c6-43d4-a63d-88f54b3b8096,5,mdn,4,30
6907,0ef4cecc-887a-460d-b699-659969939b87,5,mw,4,24
6908,5fb096ef-d891-4c20-aabc-80216c7d0ac6,5,ars,5,22
6909,c005b690-b142-4d65-85e4-6ae65a48024d,5,ars,5,27
6910,98101cf4-a26d-4e32-9f91-6f42993b3ea1,4,mdn,3,18
6911,9ffb6093-07ab-4c59-8f50-d7b38b640c04,2,mdn,4,29
6912,26180c48-bfbb-4af5-b4ff-6a1aa15b9f84,4,mw,5,28
6913,73b6df25-7321-4250-8a5d-2d58573b14ec,5,ars,4,24
6914,c6990f5b-cd7a-4dda-a877-6155653d134e,5,ars,4,19
6915,b5ed5b65-c1bf-4b2f-b650-e60a5139f1bc,5,mdn,5,20
6916,a137710a-0bfc-4d4e-be3b-2aa711ee0d7c,5,-,5,19
6917,5cf62f0f-9b68-4dd7-9dd1-78727e147558,5,mdn,4,19
6918,6e83b88a-84c4-4f8a-8fa9-9ff48e48fa49,5,ars,5,24
6919,dd17fd3c-6723-465c-8b53-ce5998b51003,5,ars,3,20
6920,1e22ce44-7a97-4f75-b7f5-d47bd96a8342,5,ars,5,22
6921,64272418-9b0a-406a-8bbe-e115bdbfc718,3,mdn,4,25
6922,0abe9114-4d57-4368-9b74-8ff8d5ab22cf,5,ars,5,18
6923,8e0fa808-9c9f-47f2-aaa1-6fd29a3c638d,3,ars,5,19
6924,640d60da-a441-4460-b386-d9613ee01d28,4,mdn,5,29
6925,53f8916f-1f81-4fd4-ba7e-b3574e6852eb,5,ars,5,19
6926,a21eedda-983a-47dd-81fc-20e1b1f34d9e,5,ars,5,26
6927,792a10ac-a9bb-45ce-af93-7a2619ef61fe,5,ars,5,30
6928,493c0fa8-bb96-4b13-b9fb-93abb37b65e7,4,ars,5,29
6929,1699c2dd-b2b5-4756-bc87-a4b933c25c01,3,mdn,4,29
6930,444bb96e-33b5-408b-8f36-792f40a9e402,5,je,5,20
6931,3d110c2c-e912-45ac-b49c-d55781dd00dd,5,mf,5,26
6932,df68b52d-88f5-4b15-9731-39301acac35b,4,ars,2,24
6933,6f2f152e-fe85-4611-857a-528266761927,5,mf,4,20
6934,1da45063-2dc1-41f2-88ea-7f61fe7f9a19,5,mf,4,25
6935,bf94eb8d-5d4f-43d3-9528-ff5ef9009951,4,tam,3,24
6936,9fdd2e9f-bbb9-4c36-ad62-91b8914dd0ea,5,mdn,5,25
6937,ceb7a529-86be-4dc4-b116-38797aabd2dd,4,mdn,5,29
6938,e6574fcd-b5fd-40b8-b94a-e3fdf1c887b6,3,ars,5,24
6939,3715dae0-d872-499f-8f0c-fabf940e2bc0,5,mdn,4,25
6940,53292fdb-b353-457a-8482-81bdab16d44f,5,ars,5,30
6941,daba59b7-3cb9-4533-b8a8-9e0562490dd2,5,mdn,5,23
6942,220cc7c6-0cef-413b-af2a-ec2208ceac65,4,ars,4,20
6943,58d13a75-2efb-4254-85fa-13bdb2ac2156,5,ars,5,19
6944,0a986dd7-a658-40a9-9d1b-d3074e036e35,4,ars,3,30
6945,9ffb6093-07ab-4c59-8f50-d7b38b640c04,5,ars,5,29
6946,a2b117e7-ab57-476e-831c-33f7ceb1aa35,5,mdn,3,29
6947,3dea5f61-f356-432f-b831-57df87d6b032,5,ars,5,23
6948,1cb0d1bf-328c-48fc-ba36-d238bcf1b7f6,4,ars,5,22
6949,689f72f3-8a26-4eb9-abf2-c41108bc5bb6,5,mdn,5,23
6950,e9877472-82b1-472c-8e62-929561e5e2e7,5,ars,5,30
6951,342ea9ee-c313-48ec-9c3e-d11cc7614f54,5,mf,4,29
6952,11a3f0b6-30be-4055-bd52-045a04e860fe,5,mdn,5,25
6953,98101cf4-a26d-4e32-9f91-6f42993b3ea1,5,mdn,5,18
6954,ed9b6e30-d898-4452-97e1-ccbcff4a27bb,5,ars,4,18
6955,ebcfc29b-0f9a-4a12-88c4-66d907cc65c9,5,mdn,4,18
6956,5d6539ff-441b-46cc-af23-5b77ff05230e,4,mdn,5,25
6957,5d6539ff-441b-46cc-af23-5b77ff05230e,5,mdn,4,25
6958,c81c0d30-be22-4d14-a328-3760bfd5e023,5,k,5,20
6959,be1f9c71-c6b8-48c6-84bb-6ef5174954aa,3,mw,5,20
6960,18ef96e8-9a73-4678-8c6c-772ce127d7f9,3,ars,5,30
6961,cae3f7d3-ef38-44cd-99ae-c2606063e41f,5,mw,5,22
6962,ce6e85c5-f384-4d46-b67e-a4ca72252a0a,3,mf,4,30
6963,e62e4b0c-e929-48f4-ad21-f172df57e747,5,je,4,23
6964,3aa83f6f-e363-4f12-9770-8902a51fbfbc,5,mdn,3,27
6965,640d60da-a441-4460-b386-d9613ee01d28,4,ars,4,29
6966,e876c637-3708-402f-9fc3-ed2a59c697c9,5,mdn,5,27
6967,f96dc1f6-d3a8-4cf6-a3ab-6a1182d41edd,3,mdn,3,23
6968,9ac75f91-4f73-4df0-bb20-b7de3069baee,4,mdn,3,25
6969,b07938ae-0ab3-44a5-9009-465521064ed4,5,ars,4,18
6970,a133b00f-54e3-42c5-87db-f89de83c6874,5,ars,4,20
6971,61dbc7bb-5997-4446-a7eb-5b0cd4ea98db,5,mf,5,24
6972,9e679f83-7105-4a2c-b9d2-82964ea88b4f,4,mf,5,25
6973,67313ce6-34e5-492a-ab7b-4e50acceb029,5,mf,5,28
6974,3d110c2c-e912-45ac-b49c-d55781dd00dd,4,ars,5,26
6975,73ae6177-466a-40ab-833a-67f5a7eedc79,4,mw,4,26
6976,a59fa924-4733-471c-8754-f6595cd0e6f1,5,ars,5,27
6977,9fdd2e9f-bbb9-4c36-ad62-91b8914dd0ea,4,mw,5,25
6978,d8eb4bf2-57a4-4a6a-8865-4ce0bf2c9e12,5,mf,5,29
6979,b8617d9b-d83b-4256-a87a-6edeaaedc6ba,5,mw,3,24
6980,90f03727-0a86-4f64-8828-9b8d6d2a0650,5,mdn,4,28
6981,5cd193d4-8ecf-4845-a463-61edf2b05ff3,4,ars,5,26
6982,663c3978-6013-4a55-9a58-5d538e435021,5,ars,5,25
6983,a997b75b-15b5-4973-bd5c-0372fd8cb344,5,ars,4,22
6984,2ae01d22-116d-44c0-84be-cfad96fb519c,5,ars,4,20
6985,47ab6a24-9a36-4af9-b4a4-651bfa037130,3,mf,5,19
6986,19d5ec55-7543-48c4-8fbc-f01f5a9b2c95,5,mdn,5,26
6987,220cc7c6-0cef-413b-af2a-ec2208ceac65,4,mw,5,20
6988,1fb37a6e-bfb4-48da-b71f-d813fb59ef1c,4,ars,5,30
6989,40c6a39c-67fc-4202-b18e-ef0e0185bdd3,4,mf,5,23
6990,ab9d4c1f-1773-4f12-88e1-ecd78f51e309,5,mdn,3,30
6991,50fe2f3d-7fa4-43b4-b182-6ff9a0371dd4,4,ars,5,25
6992,2b46b282-1df9-4423-9625-2c6743a25144,5,mw,4,25
6993,273a109b-52b8-4925-8536-22ceb3b716dc,4,mdn,5,30
6994,e835a550-12b8-48aa-84a8-7fc1c8b1e775,4,mdn,5,18
6995,2b9d541b-cc79-4e7a-8aca-958bed3b2c61,5,ars,4,18
6996,eb698920-996b-4bbd-b8a5-7414f307aa42,5,mfars,5,21
6997,1f4653ef-22c9-4df4-acae-3ce6dcf43075,5,mdn,5,26
6998,3c24d078-c8f8-4f83-ab59-6d25c5b84bc2,4,mfars,5,30
6999,c16dd75d-767f-4f05-a3cf-e3207ecb51a4,5,mw,4,19
7000,8e0fa808-9c9f-47f2-aaa1-6fd29a3c638d,5,mdn,5,19
7001,ab3fe741-a432-4b93-97e7-ca7f86b14d56,5,ars,3,21
7002,2f17238b-3151-4596-bd04-d55f4c80a066,5,k,4,30
7003,4afd54fc-f5e7-41c3-beaf-b9b1270a218c,4,mdn,5,28
7004,8633ed8f-31e9-45be-8c95-1a50d1658229,5,ars,5,27
7005,ec3f623a-65f2-4b0d-937b-d0d1c4325976,4,mf,4,30
7006,38ba55a0-96fe-4f04-af03-fe2a75bf9968,5,mw,4,26
7007,64f2a8ab-33f5-42c6-9ba5-54e65b6b5af4,5,mf,4,30
7008,2b9d541b-cc79-4e7a-8aca-958bed3b2c61,5,ars,5,18
7009,3dea5f61-f356-432f-b831-57df87d6b032,5,mf,5,23
7010,375b7df7-16cd-4376-965f-52dc0c4f3eb3,4,mdn,5,23
7011,eb698920-996b-4bbd-b8a5-7414f307aa42,4,mdn,5,21
7012,86677349-04ed-425a-b521-0389359ed54e,5,ars,3,25
7013,aac4a278-e82f-40cc-9662-861f6b2ac634,5,mf,5,18
7014,fdf2851c-a685-4112-80fc-401747191dc3,4,ars,5,26
7015,9e679f83-7105-4a2c-b9d2-82964ea88b4f,5,ars,5,25
7016,ab9d4c1f-1773-4f12-88e1-ecd78f51e309,5,ars,3,30
7017,b8b1fa86-8f82-4898-a242-72dfdcfc0b75,4,mdn,5,25
7018,0f1a02d0-badb-422e-a97f-76df0e23f581,4,mf,4,26
7019,94173ad0-5841-4719-9ae3-44e387b19633,3,mdn,5,28
7020,0e58e77d-a18e-44d2-9fb8-522685cc2b76,4,mfmw,4,21
7021,da651f2b-7264-419b-86f7-c68c199ab2eb,4,mdn,5,22
7022,9c7b2243-d03e-419c-babb-f8b3ea3c8400,4,ars,5,19
7023,dbf069ee-b1dd-4b75-8b6e-73734ec2cb48,4,ars,5,21
7024,d26cad8a-57db-41ec-9679-d73b30e718dc,4,mw,2,30
7025,17f173bf-52a2-4042-80ee-6d30d0217f4c,4,mdn,5,20
7026,f1242db3-e5af-4813-a6f1-4c9e531776bd,4,mw,5,20
7027,6f680a58-6e7f-4b24-ab2a-8f615cd14a21,4,ars,4,27
7028,a9c35b24-76a8-4b67-addd-81845fb390c7,5,mdn,5,29
7029,15500f87-5d38-4e31-b34d-fe209c3a5de4,4,k,5,18
7030,34099491-cba6-4b79-9c62-38e83f1cf9db,4,mdn,5,22
7031,3d0ea613-5462-4785-91d0-04f2331473f5,5,mdn,5,19
7032,9f60f579-c330-400e-a75a-6d0d289424c1,5,mdn,5,19
7033,9054ffc8-9df3-4b73-a700-17b228a19cba,4,mw,4,29
7034,d13135a7-9a68-4169-815e-981149a54291,4,mdn,5,27
7035,2d289025-ff1e-4ba7-a201-6b6053e593e8,5,ars,3,21
7036,ae40a3a5-e900-4cbc-8955-280bd7529d92,4,-,4,21
7037,223e96b7-dfbe-442b-9b28-7fef065a6044,4,ars,3,19
7038,d975480c-d90f-414e-a9e1-b1288c4fbd1c,5,ars,5,28
7039,cbaaf4cd-85c3-4140-9033-acedf90fa1cb,5,ars,5,22
7040,0fe94c00-c05c-4d31-9f39-7d31012ea47a,4,mdn,5,24
7041,24f641eb-913a-4416-84af-07ec8721940e,5,ars,4,20
7042,58326bf0-4f33-4c16-b328-cc206f87d423,3,je,4,28
7043,c81c0d30-be22-4d14-a328-3760bfd5e023,3,je,4,20
7044,de26149b-380f-42c9-bdc1-a8584f2c5233,5,ars,4,29
7045,d5bb291b-06cc-4dec-968a-ce7db7529f77,4,mf,5,28
7046,f627af83-24c8-4c96-a7fd-4e60eddea09e,4,mdn,5,24
7047,38ba55a0-96fe-4f04-af03-fe2a75bf9968,3,k,5,26
7048,84d29b44-26c6-4b05-8a67-31831d35be32,5,mdn,5,28
7049,ac687490-2263-42a4-b629-41f9cb808ec3,5,ars,5,28
7050,af410c09-749d-4f0b-bdb1-f3d0e42a2b0f,5,mf,5,19
7051,23f67700-5b2a-4ebb-a7a6-2b6bd78cea75,4,mdn,4,21
7052,b166452a-784d-4789-941e-1c7b8b6229f6,4,ars,3,21
7053,6682a9bf-56ba-4596-8da7-14e90a00dcd4,5,mf,5,29
7054,a51ce71d-9acf-4e2f-b3bb-2d456a3de7ec,4,mf,4,22
7055,f10cf3ff-f51e-442d-bee4-d1c0099c264c,5,ars,5,29
7056,6cfc3694-9d16-4d0e-be7d-e717b3e39ea9,5,mdn,5,19
7057,b72ffd03-aef1-4d7f-896e-953964384583,5,mdn,5,24
7058,8d2d94c5-8114-4962-a74e-d3f9ce3f36f5,5,mf,5,18
7059,88c6509b-cbe2-47c6-ad02-97c92e300c48,5,mfars,4,30
7060,22573f4b-b316-4b08-8b75-d05541ea7fcd,4,mdn,5,25
7061,e42c716f-8970-4881-89c6-3db8a37ccd35,4,mdn,5,30
7062,cb05f3e4-515e-4567-9ec2-b3d043b9f1e4,5,ars,5,22
7063,d1adf242-5e1a-4a78-9c07-f0ba06758c42,3,mf,5,19
7064,5ef1e3ae-45e5-41e7-956b-4cef7dcf95b5,5,ars,5,21
7065,dd17fd3c-6723-465c-8b53-ce5998b51003,3,mf,4,20
7066,11cb3da8-b076-4554-b86b-ad619773b101,5,mdn,5,27
7067,5fb096ef-d891-4c20-aabc-80216c7d0ac6,5,mw,4,22
7068,9c2aadbd-036d-45e6-b130-7f3d98892dba,4,ars,5,20
7069,f29b1b86-ab96-4876-889d-70b5955a01c7,5,je,5,27
7070,2a205037-8c86-4372-a92d-d81ee9b38025,4,ars,5,21
7071,3715dae0-d872-499f-8f0c-fabf940e2bc0,3,mdn,4,25
7072,9dafb395-690f-4613-9aed-1761724d82c8,5,k,5,22
7073,c34aed25-5a2c-400e-ba87-7168d634e3bd,5,mdn,5,30
7074,1de40c3b-877b-48c2-be67-4021b5459754,3,mf,5,22
7075,efee5412-be59-448d-9f6e-9a7dcf201113,4,ars,4,29
7076,20d213ef-76bf-41bb-bc87-9ffcfa2127bc,3,mdn,4,26
7077,3ad458ed-6069-4907-a71e-efda23c5abff,5,ars,2,28
7078,dbf069ee-b1dd-4b75-8b6e-73734ec2cb48,3,ars,3,21
7079,b8617d9b-d83b-4256-a87a-6edeaaedc6ba,5,ars,4,24
7080,d26cad8a-57db-41ec-9679-d73b30e718dc,5,mw,5,30
7081,dda13a7f-e01e-4084-b353-9a7870744ff1,5,mf,4,26
7082,3715dae0-d872-499f-8f0c-fabf940e2bc0,5,mdn,5,25
7083,2c7871c7-4bd5-43a8-aa2c-3c65fc33736c,4,ars,4,26
7084,b57fcc40-677a-40da-9faa-265af0fca89d,3,ars,5,19
7085,921eaf8b-9aee-46c9-8e43-76663964131c,3,mdn,3,21
7086,e696ca58-d61a-449b-8aae-30772b7d92e3,5,mf,5,24
7087,a51ce71d-9acf-4e2f-b3bb-2d456a3de7ec,4,mw,5,22
7088,49e2e565-049d-4753-871a-2ec2587d386e,5,mdn,5,30
7089,26180c48-bfbb-4af5-b4ff-6a1aa15b9f84,4,mdn,5,28
7090,d2def5be-4ed5-4735-ba73-d6a360f58a69,5,mf,5,25
7091,1f4653ef-22c9-4df4-acae-3ce6dcf43075,5,ars,5,26
7092,1f4653ef-22c9-4df4-acae-3ce6dcf43075,4,mf,2,26
7093,20d213ef-76bf-41bb-bc87-9ffcfa2127bc,5,mdn,5,26
7094,0bb3ee6a-85cc-4eb3-b648-e8c08e1364db,5,mdn,5,24
7095,d5fbe51e-866a-4bc6-acd4-65604d50f3e6,4,ars,5,22
7096,3715dae0-d872-499f-8f0c-fabf940e2bc0,5,mf,3,25
7097,f8a5ac4a-6f9a-4356-a9d7-142b91a4c9a4,5,tam,5,21
7098,acf94512-66a4-418e-98d7-dfc6c4691d80,3,mf,5,24
7099,1d9c5351-1850-448d-a113-86faf797165f,5,ars,5,20
7100,6e1d86b6-1249-4c44-a984-f1ea046d19b8,5,mf,3,19
7101,3d110c2c-e912-45ac-b49c-d55781dd00dd,4,mf,5,26
7102,dfac5d22-8882-4707-bbe8-9325b9ddc739,5,ars,5,20
7103,9493905e-b65c-40ce-b799-c350ed3e1f18,5,ars,5,23
7104,7c7aeed7-f005-426d-aafd-368700609ba0,3,mdn,5,22
7105,a137710a-0bfc-4d4e-be3b-2aa711ee0d7c,5,mdn,5,19
7106,ec3f623a-65f2-4b0d-937b-d0d1c4325976,3,ars,3,30
7107,c005b690-b142-4d65-85e4-6ae65a48024d,4,mdn,4,27
7108,e9b443df-a15c-4c9f-b225-c44096cdcb9e,5,mdn,5,19
7109,0e321c7e-d2cf-4699-aa74-9544ab8f2090,4,ars,5,26
7110,be1f9c71-c6b8-48c6-84bb-6ef5174954aa,3,mdn,4,20
7111,1bbd002a-73c0-4f38-8e36-76560bba1f49,3,k,5,19
7112,2c867a72-877a-4cfb-8d18-01990c6c4846,5,mf,5,19
7113,79ce6eb0-d1d0-42fe-b157-1bb64abf5596,3,mfars,5,23
7114,1699c2dd-b2b5-4756-bc87-a4b933c25c01,5,ars,5,29
7115,b07938ae-0ab3-44a5-9009-465521064ed4,4,mdn,5,18
7116,a1408643-a549-447c-b867-6886faa00fca,5,ars,5,19
7117,0ef4cecc-887a-460d-b699-659969939b87,3,mdn,3,24
7118,26321a8a-0e7d-451e-a0f3-787a7432d9cb,4,ars,5,28
7119,53292fdb-b353-457a-8482-81bdab16d44f,5,ars,5,30
7120,4c39b0b9-c9d0-45ac-b545-190c3da984fa,3,ars,4,21
7121,216de2aa-e0bf-41b4-92da-3ad50ab2af5e,4,mf,4,22
7122,9347de8d-7c8f-4fe7-bb9d-ccf63c729d89,5,mw,5,26
7123,71dfef48-bb94-46ba-9eb5-66c917e928c7,4,-,5,18
7124,f6a23d22-7609-4675-b15a-07e2ac92d770,5,mdn,5,27
7125,dd17fd3c-6723-465c-8b53-ce5998b51003,3,ars,3,20
7126,b50df7ff-04f6-45b6-b3fd-0d96d4fbcd61,4,mdn,4,18
7127,5ef1e3ae-45e5-41e7-956b-4cef7dcf95b5,5,mdn,5,21
7128,b08e0cea-9237-4a5a-87d6-3f72a313ae3f,3,ars,5,29
7129,37725a9e-f7e1-4803-ad03-e9be32e186d4,5,mdn,5,20
7130,3dea5f61-f356-432f-b831-57df87d6b032,5,mf,4,23
7131,3225e9ea-e884-40bd-a656-818e699d86ec,5,mdn,4,25
7132,b8b1fa86-8f82-4898-a242-72dfdcfc0b75,3,ars,4,25
7133,b8d47eb3-c03a-46ae-9ccb-29bb9f61162b,5,ars,3,30
7134,f443f8f7-c1f8-4b45-a91c-5a994f4c0ef6,5,k,5,20
7135,3e262f96-1a3a-4620-a5cb-26350e9ead3e,4,mdn,4,22
7136,ac687490-2263-42a4-b629-41f9cb808ec3,5,mw,5,28
7137,c233c56b-6f1a-4f53-9f27-e39f5220f9d3,4,ars,4,26
7138,a137710a-0bfc-4d4e-be3b-2aa711ee0d7c,5,fg,5,19
7139,fb0fdb0e-a962-4fa1-8447-b5f52235ffe8,5,ars,5,20
7140,3dea5f61-f356-432f-b831-57df87d6b032,4,mdn,5,23
7141,b5bc6003-dc35-4ca6-b16c-1752ffb0d186,5,mdn,4,20
7142,f79501bb-dbe6-4ba4-8439-e4740856c51a,5,mw,5,25
7143,9c190f0c-c070-4a52-946b-462086f30106,5,ars,5,25
7144,d5bb291b-06cc-4dec-968a-ce7db7529f77,5,ars,5,28
7145,d9196f86-a4c4-48aa-89e6-1f61947b8201,5,ars,5,24
7146,9edfb2eb-d613-48d3-bce6-bc81bffc2ac7,5,mf,5,25
7147,493c0fa8-bb96-4b13-b9fb-93abb37b65e7,4,mdn,5,29
7148,f5d4a203-e308-452c-86e4-9412e871f2e8,4,mf,3,19
7149,0d5f41b7-3ab8-478c-836a-767823fd4c82,5,mdn,5,28
7150,2b7f0ba7-166f-43e5-9c60-056b72b479a4,5,mdn,5,27
7151,ce6e85c5-f384-4d46-b67e-a4ca72252a0a,5,mdn,4,30
7152,b8d47eb3-c03a-46ae-9ccb-29bb9f61162b,5,mdn,5,30
7153,60a29855-f1ba-4d16-a0e5-45fdc18d8780,4,mdn,5,28
7154,49b93c8d-21cf-4307-90e1-12f87a2a75a4,5,mdn,4,26
7155,ab3fe741-a432-4b93-97e7-ca7f86b14d56,3,mw,5,21
7156,c7bf0ed5-820e-4544-920d-c50b944dec2c,4,mw,5,26
7157,2af566fa-f86c-462b-b3cf-5868069d103e,5,ars,5,21
7158,ebcfc29b-0f9a-4a12-88c4-66d907cc65c9,4,mdn,3,18
7159,a9c35b24-76a8-4b67-addd-81845fb390c7,4,mf,4,29
7160,7c7aeed7-f005-426d-aafd-368700609ba0,5,k,3,22
7161,ceb7a529-86be-4dc4-b116-38797aabd2dd,5,mdn,5,29
7162,da651f2b-7264-419b-86f7-c68c199ab2eb,4,k,4,22
7163,f9c4d67a-8176-4831-b098-8d866ed2dd52,5,mdn,5,20
7164,24e8d7e7-70e0-47f0-835c-f03045861de5,3,mdn,5,25
7165,bd3fa596-ba3b-4756-90a8-164d551c2b98,5,ars,5,19
7166,86677349-04ed-425a-b521-0389359ed54e,4,mdn,5,25
7167,77a3f484-80a6-4184-b278-fc2ba7a9bc4d,4,mdn,5,24
7168,e8cf2675-3727-4525-970c-77eff23acff5,3,ars,4,22
7169,e469cc62-5dfe-42a1-be57-e686c98e01c6,5,ars,4,25
7170,dfc7c753-24c4-4193-ae2b-2ee1af876a13,5,mdn,5,30
7171,29db820a-86ac-4510-88f7-184d6f9dcf9c,4,mfars,4,18
7172,e59739bb-d66f-479b-92f8-1a526fb5a428,4,mf,5,22
7173,88c6509b-cbe2-47c6-ad02-97c92e300c48,4,k,4,30
7174,23f67700-5b2a-4ebb-a7a6-2b6bd78cea75,4,mf,5,21
7175,66435fb2-4e78-43d7-952d-d83ed97c5590,5,ars,5,21
7176,1de40c3b-877b-48c2-be67-4021b5459754,5,mw,4,22
7177,19d5ec55-7543-48c4-8fbc-f01f5a9b2c95,5,ars,5,26
7178,8f526ed2-d369-4494-ac76-83d6b718337f,5,mdn,5,21
7179,96491651-a46d-4fae-84ea-64c3c00a3071,5,mfars,5,19
7180,af8a0613-364e-42b4-903f-c2ea6ed41cea,5,mdn,5,26
7181,c34aed25-5a2c-400e-ba87-7168d634e3bd,4,mw,5,30
7182,9fd059e2-db33-4855-9374-7ccccc82e66e,5,-,5,22
7183,23205395-678b-4b55-a150-3fc8227c3a18,5,mf,3,29
7184,ae0bc742-9002-4ac9-b183-a2041b84bc8b,5,mw,5,28
7185,5d11e9c3-db2d-42ce-a4b2-676294bcab5c,5,mdn,5,24
7186,444bb96e-33b5-408b-8f36-792f40a9e402,4,ars,5,20
7187,6b544598-bc17-4e6f-9cd4-987f46c83902,4,ars,5,19
7188,8c8342e9-a790-4117-b607-5415d372b7f6,3,ars,5,29
7189,53292fdb-b353-457a-8482-81bdab16d44f,5,ars,4,30
7190,789055e5-3d0a-423a-bd82-c9fcfdf03bac,5,mf,5,30
7191,1f4653ef-22c9-4df4-acae-3ce6dcf43075,5,ars,4,26
7192,58326bf0-4f33-4c16-b328-cc206f87d423,5,mw,4,28
7193,f10cf3ff-f51e-442d-bee4-d1c0099c264c,5,mf,4,29
7194,86677349-04ed-425a-b521-0389359ed54e,5,mdn,5,25
7195,3ebec66e-6765-4b6b-a97a-c0eb8314e327,4,ars,3,20
7196,50bc13c3-0c72-4cab-a0af-b1569c6608e6,5,mdn,5,30
7197,f6a23d22-7609-4675-b15a-07e2ac92d770,5,mdn,5,27
7198,0e97a2f7-f21a-4142-b564-eac1d55150cb,5,mdn,5,28
7199,59ad52ab-0325-4f71-bbf8-6d0eabc630ad,4,mf,5,30
7200,cee74a0a-0b19-443e-93ff-152112089c51,5,mdn,5,24
7201,2eebf90c-68dc-4631-a827-b59638b7ad52,5,mdn,5,26
7202,6f680a58-6e7f-4b24-ab2a-8f615cd14a21,5,mdn,5,27
7203,0abe9114-4d57-4368-9b74-8ff8d5ab22cf,5,mdn,5,18
7204,4c618e0b-e52e-4b54-98ca-542b28fe4432,5,mfars,5,18
7205,802f27c7-ea1a-4e42-97b3-8174f236e379,5,mdn,5,29
7206,640d60da-a441-4460-b386-d9613ee01d28,5,ars,3,29
7207,1a26488b-6cd0-47ce-a93f-a8b4c8da09e2,4,mf,5,19
7208,afcb575e-c985-4e48-8663-6e73dd6dbe65,4,k,4,29
7209,6e1d86b6-1249-4c44-a984-f1ea046d19b8,4,ars,4,19
7210,a2509b39-af24-4703-842f-27c2dcd12475,4,ars,5,29
7211,ac687490-2263-42a4-b629-41f9cb808ec3,3,ars,3,28
7212,5d674651-5ef2-4f04-b0fd-1cb744d92488,3,mf,5,18
7213,f0d0484f-f159-4fe0-8ed4-45dd77bc7cff,4,mf,5,22
7214,5ef119b1-883b-4964-8400-341414ee551a,4,ars,3,22
7215,e59739bb-d66f-479b-92f8-1a526fb5a428,5,mdn,5,22
7216,a8272db8-0e9f-4372-a757-661bd02f9051,3,mdn,5,26
7217,663c3978-6013-4a55-9a58-5d538e435021,5,ars,5,25
7218,d99430cc-3810-4660-823f-02144b19ea3d,5,mf,5,29
7219,f05a9269-3068-486a-b87d-fda9d757275c,4,ars,5,28
7220,8aef2d51-8022-4436-a3a6-8c80ea4e0d91,4,mdn,5,29
7221,2d1a4ae6-c125-4238-ae47-5496c45d5d8c,5,ars,5,24
7222,60a29855-f1ba-4d16-a0e5-45fdc18d8780,5,k,5,28
7223,3418969d-5c13-46ee-8df0-794019e7a64f,5,ars,5,30
7224,20c3a3f4-11c6-43d4-a63d-88f54b3b8096,5,mdn,5,30
7225,216de2aa-e0bf-41b4-92da-3ad50ab2af5e,5,ars,5,22
7226,0fe94c00-c05c-4d31-9f39-7d31012ea47a,5,ars,5,24
7227,67313ce6-34e5-492a-ab7b-4e50acceb029,4,mdn,5,28
7228,11cb3da8-b076-4554-b86b-ad619773b101,5,mdn,3,27
7229,d1d66775-cc03-42ea-ad3c-681efafb3682,4,mdn,5,24
7230,8836f623-a6e4-442f-aa50-99c436187488,5,ars,5,24
7231,ec3f623a-65f2-4b0d-937b-d0d1c4325976,5,mdn,5,30
7232,d2def5be-4ed5-4735-ba73-d6a360f58a69,5,ars,5,25
7233,ae40a3a5-e900-4cbc-8955-280bd7529d92,5,mdn,5,21
7234,48a6d994-4f5b-468f-a96b-9ebe47e8e279,5,ars,4,18
7235,87fe0f9e-2ee2-4524-895b-5cb68e7b55ab,5,ars,5,21
7236,6be004f0-b701-4daa-b7e2-312b56f97129,5,ars,5,23
7237,216de2aa-e0bf-41b4-92da-3ad50ab2af5e,5,mdn,5,22
7238,bf94eb8d-5d4f-43d3-9528-ff5ef9009951,4,mf,4,24
7239,4073acaa-d216-4e04-8729-bfadada4d095,5,ars,3,20
7240,9798eef8-20b9-4df4-a0de-81ed2227b9bf,5,ars,5,24
7241,d056ef76-a2d5-4e81-9a82-0a5190a878e8,5,ars,5,28
7242,9fd059e2-db33-4855-9374-7ccccc82e66e,4,mdn,4,22
7243,ebcfc29b-0f9a-4a12-88c4-66d907cc65c9,5,ars,5,18
7244,9272dcff-3d6f-401f-9f68-7c06df177b96,3,mdn,4,20
7245,0e58e77d-a18e-44d2-9fb8-522685cc2b76,5,mdn,5,21
7246,0c2d68f2-4d17-4dab-b9a1-d0bdf4e10ce4,5,mw,4,22
7247,59ad52ab-0325-4f71-bbf8-6d0eabc630ad,4,-,5,30
7248,44f5e566-7fef-484a-b881-c53d9249ae9b,5,mdn,4,28
7249,f10cf3ff-f51e-442d-bee4-d1c0099c264c,5,mdn,5,29
7250,f0d0484f-f159-4fe0-8ed4-45dd77bc7cff,4,ars,5,22
7251,0d81df22-243d-48a5-829e-9b4954d5cd5b,3,k,4,20
7252,c34aed25-5a2c-400e-ba87-7168d634e3bd,5,ars,5,30
7253,ce6e85c5-f384-4d46-b67e-a4ca72252a0a,4,mf,4,30
7254,789b8d4b-a8d0-430d-9fd4-29d445b2f6f2,5,ars,5,29
7255,68808f5c-066f-4afa-b2fa-ae7abe1e6ba5,3,mdn,5,19
7256,22573f4b-b316-4b08-8b75-d05541ea7fcd,5,mdn,3,25
7257,a997b75b-15b5-4973-bd5c-0372fd8cb344,3,mfarsmdn,5,22
7258,85c289f3-c492-4b55-91f1-25a199c58832,5,mdn,4,25
7259,789b8d4b-a8d0-430d-9fd4-29d445b2f6f2,5,ars,3,29
7260,11cb3da8-b076-4554-b86b-ad619773b101,4,ars,5,27
7261,b1d1a983-98bc-441f-96bf-b92fd2c78493,5,mdn,5,26
7262,b5bc6003-dc35-4ca6-b16c-1752ffb0d186,5,mw,5,20
7263,9e679f83-7105-4a2c-b9d2-82964ea88b4f,5,mf,3,25
7264,2e276933-00b1-44a5-93f7-8327f3fcca83,4,ars,5,25
7265,f05a9269-3068-486a-b87d-fda9d757275c,5,mdn,4,28
7266,f0d0484f-f159-4fe0-8ed4-45dd77bc7cff,4,mdn,4,22
7267,d2def5be-4ed5-4735-ba73-d6a360f58a69,4,mdn,4,25
7268,4f727795-2eba-42fd-97a6-dd7a8a15282b,4,ars,5,19
7269,2384d785-bbf8-4c79-be46-5e56d3e5feee,5,je,4,19
7270,66435fb2-4e78-43d7-952d-d83ed97c5590,3,ars,3,21
7271,5d674651-5ef2-4f04-b0fd-1cb744d92488,4,mf,5,18
7272,a47a4348-5295-48e9-aea3-acb821b95f11,5,mw,4,23
7273,7c900363-ac5f-43a0-ae64-d5bb23688d88,4,ars,4,27
7274,caa1cb22-fbe5-43dd-bba4-11dd60e108aa,5,ars,5,26
7275,e33fe1f5-796c-4c1d-84c4-32eb396f9837,5,mf,4,24
7276,68808f5c-066f-4afa-b2fa-ae7abe1e6ba5,4,je,5,19
7277,8836f623-a6e4-442f-aa50-99c436187488,5,ars,5,24
7278,65f9bddd-fe54-4b4a-b2fa-8104c5db89c0,5,mw,5,30
7279,d5bb291b-06cc-4dec-968a-ce7db7529f77,5,ars,4,28
7280,b1d1a983-98bc-441f-96bf-b92fd2c78493,5,ars,4,26
7281,be4db01d-a7c7-4918-93df-7014dc077733,5,ars,5,22
7282,d4024ed1-cddb-4e3c-aea5-6616191d699f,5,mdn,5,29
7283,11a3f0b6-30be-4055-bd52-045a04e860fe,5,ars,5,25
7284,640d60da-a441-4460-b386-d9613ee01d28,5,mf,5,29
7285,6f9ed042-aee1-4527-9335-284bb7d27521,4,ars,4,29
7286,8e0fa808-9c9f-47f2-aaa1-6fd29a3c638d,5,ars,5,19
7287,f1242db3-e5af-4813-a6f1-4c9e531776bd,5,ars,4,20
7288,53292fdb-b353-457a-8482-81bdab16d44f,4,mdn,5,30
7289,49b93c8d-21cf-4307-90e1-12f87a2a75a4,4,ars,5,26
7290,789b8d4b-a8d0-430d-9fd4-29d445b2f6f2,3,mdn,5,29
7291,38f9af29-497a-49e7-b561-797d2a207cf0,4,mdn,4,30
7292,e9877472-82b1-472c-8e62-929561e5e2e7,3,mdn,5,30
7293,7c032388-80b3-48e9-be91-56bf32f69e9c,4,ars,4,29
7294,eeebd242-3df2-464c-9aa3-cd5781da8039,4,-,5,20
7295,3d110c2c-e912-45ac-b49c-d55781dd00dd,5,mdn,4,26
7296,3418969d-5c13-46ee-8df0-794019e7a64f,5,mdn,5,30
7297,23f67700-5b2a-4ebb-a7a6-2b6bd78cea75,4,ars,4,21
7298,e70f6ce4-4606-4a3d-a5cb-3c22ac67b4ea,5,mdn,5,18
7299,9c7b2243-d03e-419c-babb-f8b3ea3c8400,5,mdn,5,19
7300,90f03727-0a86-4f64-8828-9b8d6d2a0650,5,mdn,4,28
7301,68808f5c-066f-4afa-b2fa-ae7abe1e6ba5,3,mdn,5,19
7302,d5bb291b-06cc-4dec-968a-ce7db7529f77,5,mfars,4,28
7303,18ef96e8-9a73-4678-8c6c-772ce127d7f9,4,mf,5,30
7304,65f9bddd-fe54-4b4a-b2fa-8104c5db89c0,5,ars,4,30
7305,573f0cfc-29ec-4c96-b6fa-c4b9c5746ccf,4,mdn,4,28
7306,a8272db8-0e9f-4372-a757-661bd02f9051,4,ars,5,26
7307,c0db802b-635c-4f93-b4cb-7d9883a43093,4,mf,5,28
7308,26180c48-bfbb-4af5-b4ff-6a1aa15b9f84,5,ars,4,28
7309,bf94eb8d-5d4f-43d3-9528-ff5ef9009951,5,mdn,4,24
7310,f21916d7-d541-4ce8-a39b-d7f0276da589,4,ars,3,21
7311,820fb470-45af-4458-a617-8ea1f9d8915d,4,ars,4,30
7312,dab9d52e-ee1a-4508-a4d6-5dd373bb25f6,4,ars,5,19
7313,9054ffc8-9df3-4b73-a700-17b228a19cba,5,mdn,5,29
7314,95d5bb8d-2790-43d4-a0a3-970e5fe6ac19,3,ars,5,18
7315,ab9d4c1f-1773-4f12-88e1-ecd78f51e309,5,mw,4,30
7316,6d494d2e-4ab9-4884-b620-e73214923863,3,mf,4,18
7317,752ccf1a-c3a9-463a-af5a-ee8a0815ddad,4,mdn,5,18
7318,f627af83-24c8-4c96-a7fd-4e60eddea09e,5,mf,5,24
7319,7428131a-f272-433f-b7ae-725af2ab628d,4,mdn,4,29
7320,77a3f484-80a6-4184-b278-fc2ba7a9bc4d,5,mf,4,24
7321,61dbc7bb-5997-4446-a7eb-5b0cd4ea98db,5,mdn,5,24
7322,40ef5c66-cc76-49a6-851d-1b58fe2953d7,5,mdn,5,29
7323,752ccf1a-c3a9-463a-af5a-ee8a0815ddad,3,ars,5,18
7324,d9196f86-a4c4-48aa-89e6-1f61947b8201,4,ars,3,24
7325,49b93c8d-21cf-4307-90e1-12f87a2a75a4,4,je,5,26
7326,6f9ed042-aee1-4527-9335-284bb7d27521,5,ars,5,29
7327,51c428b4-c4a7-4da8-86e1-1fa640026086,5,ars,5,28
7328,ae0bc742-9002-4ac9-b183-a2041b84bc8b,5,mfars,5,28
7329,e62e4b0c-e929-48f4-ad21-f172df57e747,5,ars,4,23
7330,0d5f41b7-3ab8-478c-836a-767823fd4c82,5,mdn,5,28
7331,86677349-04ed-425a-b521-0389359ed54e,3,ars,3,25
7332,2f586764-da78-499d-9a41-eafd03844e80,5,ars,5,29
7333,1da45063-2dc1-41f2-88ea-7f61fe7f9a19,4,mf,4,25
7334,9b87a188-a71f-4d7a-bb50-b7fae8022f80,5,mdn,5,27
7335,77a3f484-80a6-4184-b278-fc2ba7a9bc4d,5,mf,5,24
7336,98101cf4-a26d-4e32-9f91-6f42993b3ea1,5,mw,5,18
7337,0abe9114-4d57-4368-9b74-8ff8d5ab22cf,4,ars,3,18
7338,64f2a8ab-33f5-42c6-9ba5-54e65b6b5af4,5,ars,5,30
7339,37ff7521-e05d-4635-8d59-e3c6f852d77d,4,mw,5,23
7340,eb698920-996b-4bbd-b8a5-7414f307aa42,4,mdn,5,21
7341,5c1e8c88-6c25-4e21-99e7-98f3140d754f,5,mw,3,22
7342,1efd7e76-acea-457d-b43c-d2c538c532b2,5,ars,3,22
7343,357a2790-e856-4dd3-a0f5-8f6e14d0267f,4,mdn,5,26
7344,1699c2dd-b2b5-4756-bc87-a4b933c25c01,5,mw,5,29
7345,b2120df0-7828-41fd-8a67-19bf1554d594,5,mdn,3,19
7346,18ef96e8-9a73-4678-8c6c-772ce127d7f9,4,ars,5,30
7347,da0a8407-c3fa-42bc-bd2b-23e1c7cde8a9,5,k,4,30
7348,3aa83f6f-e363-4f12-9770-8902a51fbfbc,5,ars,5,27
7349,ca5c06a4-b01e-4e89-b6e0-507d13da74e9,3,mdn,4,27
7350,71dfef48-bb94-46ba-9eb5-66c917e928c7,4,ars,5,18
7351,dfc7c753-24c4-4193-ae2b-2ee1af876a13,5,ars,4,30
7352,f6c33008-5144-41d8-b2a5-a570e9f1561b,4,mdn,3,21
7353,d8eb4bf2-57a4-4a6a-8865-4ce0bf2c9e12,4,ars,3,29
7354,f10cf3ff-f51e-442d-bee4-d1c0099c264c,5,ars,5,29
7355,6be004f0-b701-4daa-b7e2-312b56f97129,4,mf,4,23
7356,20c3a3f4-11c6-43d4-a63d-88f54b3b8096,4,mdn,4,30
7357,5fab557d-756e-44e7-8f28-2896570692b2,5,mf,5,30
7358,7a024b41-0a4e-41dd-ad47-121884fa8a11,5,mdn,5,23
7359,5febecf8-2d9f-471b-9303-cd8dd0f658af,5,ars,5,28
7360,0c2d68f2-4d17-4dab-b9a1-d0bdf4e10ce4,5,ars,5,22
7361,2f17238b-3151-4596-bd04-d55f4c80a066,4,mw,5,30
7362,58326bf0-4f33-4c16-b328-cc206f87d423,5,ars,4,28
7363,5805dec2-b9a9-4314-9e19-729737c7a6c6,3,ars,5,21
7364,fea9deb6-7320-4e71-8c81-a5529ccdd68c,5,ars,5,23
7365,ede1c719-13be-432a-958d-e5e220f7b972,4,ars,5,21
7366,64272418-9b0a-406a-8bbe-e115bdbfc718,4,mdn,5,25
7367,921eaf8b-9aee-46c9-8e43-76663964131c,5,mw,4,21
7368,14d84dec-8ae5-46d1-aebd-b3aa52f097ff,4,mdn,4,30
7369,a9c35b24-76a8-4b67-addd-81845fb390c7,5,mdn,5,29
7370,273a109b-52b8-4925-8536-22ceb3b716dc,4,ars,4,30
7371,50fe2f3d-7fa4-43b4-b182-6ff9a0371dd4,5,mf,5,25
7372,cbce132e-cb8f-4aac-a1c1-a776704aebef,5,ars,5,27
7373,da651f2b-7264-419b-86f7-c68c199ab2eb,3,mdn,5,22
7374,921eaf8b-9aee-46c9-8e43-76663964131c,5,mdn,4,21
7375,7c7aeed7-f005-426d-aafd-368700609ba0,4,mw,5,22
7376,640d60da-a441-4460-b386-d9613ee01d28,5,mw,3,29
7377,820fb470-45af-4458-a617-8ea1f9d8915d,3,ars,4,30
7378,a59fa924-4733-471c-8754-f6595cd0e6f1,5,mdn,5,27
7379,c005b690-b142-4d65-85e4-6ae65a48024d,4,ars,4,27
7380,c7cccd38-9e0f-4c94-acfb-557606e7aadf,4,mdn,4,22
7381,ba649e58-8a55-492c-bf39-5d660ebef5c7,5,mdn,5,20
7382,9b87a188-a71f-4d7a-bb50-b7fae8022f80,3,mw,5,27
7383,b5ed5b65-c1bf-4b2f-b650-e60a5139f1bc,5,ars,4,20
7384,6e83b88a-84c4-4f8a-8fa9-9ff48e48fa49,5,mw,4,24
7385,7428131a-f272-433f-b7ae-725af2ab628d,5,ars,3,29
7386,5c1e8c88-6c25-4e21-99e7-98f3140d754f,4,mdn,5,22
7387,e18562d7-a549-49e1-ade6-2373fed3787d,5,mdn,4,22
7388,93cc8629-4757-4a91-acbe-cb586e385c66,5,ars,5,18
7389,b201d5cd-6e38-4c63-8347-e1dbd89720e9,4,ars,3,24
7390,adc0ba52-ad0c-4888-9527-72d7900b42bd,5,mdn,4,26
7391,1bbd002a-73c0-4f38-8e36-76560bba1f49,4,ars,5,19
7392,dab9d52e-ee1a-4508-a4d6-5dd373bb25f6,5,mdn,5,19
7393,e7ec3fdb-639e-430f-978e-10c034fd3978,5,ars,5,21
7394,cbaaf4cd-85c3-4140-9033-acedf90fa1cb,5,ars,4,22
7395,9e679f83-7105-4a2c-b9d2-82964ea88b4f,5,ars,5,25
7396,f8a5ac4a-6f9a-4356-a9d7-142b91a4c9a4,4,mdn,5,21
7397,8e3026d2-a977-4221-a6cc-c30fd3590962,5,ars,4,30
7398,cbce132e-cb8f-4aac-a1c1-a776704aebef,5,k,5,27
7399,e9877472-82b1-472c-8e62-929561e5e2e7,4,mdn,4,30
7400,493c0fa8-bb96-4b13-b9fb-93abb37b65e7,5,mdn,5,29
7401,9272dcff-3d6f-401f-9f68-7c06df177b96,4,je,4,20
7402,8e3026d2-a977-4221-a6cc-c30fd3590962,5,ars,4,30
7403,86677349-04ed-425a-b521-0389359ed54e,5,k,5,25
7404,aa994a1c-055e-4751-b4cf-ddc08d3a5f8c,4,mdn,4,18
7405,5ef1e3ae-45e5-41e7-956b-4cef7dcf95b5,5,mf,4,21
7406,7c032388-80b3-48e9-be91-56bf32f69e9c,3,ars,5,29
7407,9493905e-b65c-40ce-b799-c350ed3e1f18,5,mw,4,23
7408,207a3175-fda0-43fb-8b30-c257bf055847,3,ars,4,29
7409,1de40c3b-877b-48c2-be67-4021b5459754,3,mdn,5,22
7410,8bad8df3-fd1c-47eb-a830-cd085d8918f1,4,ars,5,20
7411,65f9bddd-fe54-4b4a-b2fa-8104c5db89c0,5,ars,5,30
7412,6e65b841-848c-46e7-a8b3-15ca81055f6a,5,mdn,5,26
7413,ce6e85c5-f384-4d46-b67e-a4ca72252a0a,4,ars,5,30
7414,444bb96e-33b5-408b-8f36-792f40a9e402,3,ars,3,20
7415,7fab4381-0d58-4c87-890a-00f892c6b4d3,4,ars,5,27
7416,0ef4cecc-887a-460d-b699-659969939b87,4,mdn,5,24
7417,0ee3780f-36f5-4ce7-af65-420a0d0b528c,4,ars,5,27
7418,0bb3ee6a-85cc-4eb3-b648-e8c08e1364db,4,-,5,24
7419,6975f225-5acc-48bb-a80d-6a3a5e442fae,4,mdn,4,28
7420,9fd059e2-db33-4855-9374-7ccccc82e66e,5,ars,5,22
7421,e70f6ce4-4606-4a3d-a5cb-3c22ac67b4ea,5,mw,5,18
7422,ba649e58-8a55-492c-bf39-5d660ebef5c7,4,mdn,5,20
7423,caa1cb22-fbe5-43dd-bba4-11dd60e108aa,4,ars,5,26
7424,90f03727-0a86-4f64-8828-9b8d6d2a0650,3,ars,4,28
7425,fb0fdb0e-a962-4fa1-8447-b5f52235ffe8,5,ars,5,20
7426,83cff052-3ad9-416d-b26e-4797eccc0f10,3,ars,5,25
7427,0f1a02d0-badb-422e-a97f-76df0e23f581,5,mdn,5,26
7428,caa1cb22-fbe5-43dd-bba4-11dd60e108aa,4,mdn,5,26
7429,6ec72b3a-0222-42ca-a3fe-bc17e019a32f,5,ars,5,24
7430,f29b1b86-ab96-4876-889d-70b5955a01c7,5,ars,5,27
7431,6f9ed042-aee1-4527-9335-284bb7d27521,5,mdn,5,29
7432,7428131a-f272-433f-b7ae-725af2ab628d,3,mdn,5,29
7433,17f173bf-52a2-4042-80ee-6d30d0217f4c,5,mdn,5,20
7434,5fab557d-756e-44e7-8f28-2896570692b2,5,ars,3,30
7435,26321a8a-0e7d-451e-a0f3-787a7432d9cb,5,mw,5,28
7436,ceb7a529-86be-4dc4-b116-38797aabd2dd,4,mdn,4,29
7437,1b06ccbe-4819-4c66-9629-77abef688416,4,ars,5,25
7438,b8617d9b-d83b-4256-a87a-6edeaaedc6ba,5,mdn,5,24
7439,93515f8d-d789-46de-bb36-728e6b16625a,5,ars,5,20
7440,b5ed5b65-c1bf-4b2f-b650-e60a5139f1bc,5,mf,5,20
7441,50bc13c3-0c72-4cab-a0af-b1569c6608e6,5,ars,5,30
7442,b50df7ff-04f6-45b6-b3fd-0d96d4fbcd61,3,mdn,4,18
7443,59ad52ab-0325-4f71-bbf8-6d0eabc630ad,5,ars,5,30
7444,bd3c3d70-fe18-477c-bdc3-51c106bd41b5,3,mdn,5,24
7445,b52aa66d-49b6-4823-b15d-19817ab072ab,5,mdn,5,24
7446,8e0fa808-9c9f-47f2-aaa1-6fd29a3c638d,4,mfars,5,19
7447,65f9bddd-fe54-4b4a-b2fa-8104c5db89c0,4,mdn,4,30
7448,f064f333-666c-499f-bfcb-b71607e60de7,4,mf,4,30
7449,d59a405f-f8b3-49e9-9ac2-88dc3e6a1e53,5,mf,5,23
7450,59ad52ab-0325-4f71-bbf8-6d0eabc630ad,5,mdn,4,30
7451,60a29855-f1ba-4d16-a0e5-45fdc18d8780,5,k,4,28
7452,f6079976-5f69-482b-8b84-179dd5524bfa,3,ars,4,28
7453,573f0cfc-29ec-4c96-b6fa-c4b9c5746ccf,5,ars,5,28
7454,f79501bb-dbe6-4ba4-8439-e4740856c51a,4,mdn,5,25
7455,a2b117e7-ab57-476e-831c-33f7ceb1aa35,4,mdn,5,29
7456,3418969d-5c13-46ee-8df0-794019e7a64f,5,mw,5,30
7457,b7ba5486-611f-4ead-9e37-51de7d6961bb,5,mw,5,30
7458,caa1cb22-fbe5-43dd-bba4-11dd60e108aa,5,mdn,5,26
7459,a07d4949-be64-47ce-b0d2-c4b3e775404e,4,mdn,5,24
7460,40ef5c66-cc76-49a6-851d-1b58fe2953d7,5,mdn,5,29
7461,37725a9e-f7e1-4803-ad03-e9be32e186d4,5,mdn,4,20
7462,adc0ba52-ad0c-4888-9527-72d7900b42bd,5,ars,4,26
7463,f627af83-24c8-4c96-a7fd-4e60eddea09e,5,mdn,4,24
7464,a50dc3c0-5a19-4025-83eb-5812671c9480,5,mdn,4,20
7465,e8cf2675-3727-4525-970c-77eff23acff5,5,ars,5,22
7466,1e22ce44-7a97-4f75-b7f5-d47bd96a8342,5,mdn,4,22
7467,5ea1e29a-d64c-4b9b-bf02-d7bb6e8b1156,5,mf,5,29
7468,ebd78cae-0a5d-43ed-bf3e-b6c496bd4b64,5,mdn,5,26
7469,3225e9ea-e884-40bd-a656-818e699d86ec,5,je,5,25
7470,0b5bc2f8-6b6b-4cd8-abdd-7c9350676492,5,ars,5,26
7471,1da45063-2dc1-41f2-88ea-7f61fe7f9a19,5,mdn,4,25
7472,c34aed25-5a2c-400e-ba87-7168d634e3bd,4,ars,5,30
7473,a9c35b24-76a8-4b67-addd-81845fb390c7,2,mf,5,29
7474,88c6509b-cbe2-47c6-ad02-97c92e300c48,4,ars,4,30
7475,f2708137-31a5-416c-bbff-7155fb5aa25c,5,mf,5,19
7476,cdb366d6-e302-45aa-b61c-6bb4bd827c4f,5,mdn,3,22
7477,f05a9269-3068-486a-b87d-fda9d757275c,5,mdn,4,28
7478,5cd193d4-8ecf-4845-a463-61edf2b05ff3,5,mfars,5,26
7479,91753f65-ede6-4be5-b7a7-9e8b4da7cc42,5,ars,4,21
7480,f05a9269-3068-486a-b87d-fda9d757275c,3,mdn,4,28
7481,a2509b39-af24-4703-842f-27c2dcd12475,4,mw,5,29
7482,96491651-a46d-4fae-84ea-64c3c00a3071,5,mw,5,19
7483,7b2398e5-7c99-4ccd-aa73-5c987b82858f,5,mdn,5,19
7484,8bad8df3-fd1c-47eb-a830-cd085d8918f1,4,ars,5,20
7485,d1f141a2-1152-4522-ac13-eb572de63737,4,mdn,4,23
7486,2f520f04-c2d9-4b9c-a029-6f9df9507b70,5,mf,5,20
7487,342ea9ee-c313-48ec-9c3e-d11cc7614f54,5,mdn,5,29
7488,207a3175-fda0-43fb-8b30-c257bf055847,5,ars,4,29
7489,8d2d94c5-8114-4962-a74e-d3f9ce3f36f5,5,mdn,5,18
7490,c43a7404-eeeb-4714-9bc9-598b448da6f9,5,mf,5,30
7491,9b6d950a-d667-4f0b-ac67-0d810b2feff6,3,mdn,5,22
7492,dda13a7f-e01e-4084-b353-9a7870744ff1,5,ars,5,26
7493,dab9d52e-ee1a-4508-a4d6-5dd373bb25f6,5,ars,5,19
7494,fea9deb6-7320-4e71-8c81-a5529ccdd68c,4,mf,5,23
7495,e98d0b49-dc22-4be4-89e6-38ba25d671b3,5,ars,5,21
7496,7a0157cb-c6fc-4ec5-873e-fafdddf66174,4,ars,4,20
7497,ceb7a529-86be-4dc4-b116-38797aabd2dd,5,mdn,5,29
7498,8905a79c-4956-4918-b85f-f194e57c2e62,4,mf,3,24
7499,ba649e58-8a55-492c-bf39-5d660ebef5c7,3,ars,5,20
7500,493c0fa8-bb96-4b13-b9fb-93abb37b65e7,5,mdn,5,29
7501,ab3fe741-a432-4b93-97e7-ca7f86b14d56,5,ars,4,21
7502,94173ad0-5841-4719-9ae3-44e387b19633,5,ars,5,28
7503,689f72f3-8a26-4eb9-abf2-c41108bc5bb6,5,ars,4,23
7504,0b5bc2f8-6b6b-4cd8-abdd-7c9350676492,5,mw,5,26
7505,49e2e565-049d-4753-871a-2ec2587d386e,4,mdn,5,30
7506,7c900363-ac5f-43a0-ae64-d5bb23688d88,5,k,5,27
7507,b52aa66d-49b6-4823-b15d-19817ab072ab,5,mdn,5,24
7508,8bad8df3-fd1c-47eb-a830-cd085d8918f1,5,mdn,4,20
7509,7f337d29-cfd2-4a03-bbb9-ec6196e1d34d,5,mf,5,30
7510,6682a9bf-56ba-4596-8da7-14e90a00dcd4,4,mdn,5,29
7511,29db820a-86ac-4510-88f7-184d6f9dcf9c,5,mf,3,18
7512,9493905e-b65c-40ce-b799-c350ed3e1f18,5,mdn,5,23
7513,d13135a7-9a68-4169-815e-981149a54291,5,ars,4,27
7514,53292fdb-b353-457a-8482-81bdab16d44f,5,mdn,5,30
7515,0d5f41b7-3ab8-478c-836a-767823fd4c82,5,mdn,5,28
7516,a21eedda-983a-47dd-81fc-20e1b1f34d9e,3,ars,3,26
7517,0b5bc2f8-6b6b-4cd8-abdd-7c9350676492,5,ars,4,26
7518,d1f141a2-1152-4522-ac13-eb572de63737,5,mf,5,23
7519,e876c637-3708-402f-9fc3-ed2a59c697c9,5,mw,5,27
7520,e11ba41b-805a-4223-afa6-67c773666985,5,ars,5,30
7521,273a109b-52b8-4925-8536-22ceb3b716dc,5,mdn,5,30
7522,220cc7c6-0cef-413b-af2a-ec2208ceac65,4,ars,5,20
7523,5d8a1dd5-498e-47ba-8bfc-62763467a996,5,mdn,5,27
7524,9c7b2243-d03e-419c-babb-f8b3ea3c8400,3,ars,4,19
7525,a2b117e7-ab57-476e-831c-33f7ceb1aa35,3,mdn,5,29
7526,9798eef8-20b9-4df4-a0de-81ed2227b9bf,5,ars,4,24
7527,f064f333-666c-499f-bfcb-b71607e60de7,5,mfars,5,30
7528,16b89a6a-1ce4-4a2d-b19e-8d37bc7c7c5e,5,ars,4,21
7529,3cd61aab-db88-4ef9-8be4-5f94ff9698e7,5,ars,5,20
7530,40ef5c66-cc76-49a6-851d-1b58fe2953d7,5,mf,5,29
7531,37ff7521-e05d-4635-8d59-e3c6f852d77d,4,ars,5,23
7532,ac687490-2263-42a4-b629-41f9cb808ec3,4,mw,3,28
7533,6975f225-5acc-48bb-a80d-6a3a5e442fae,3,mw,5,28
7534,f6c33008-5144-41d8-b2a5-a570e9f1561b,4,mdn,5,21
7535,b57fcc40-677a-40da-9faa-265af0fca89d,5,mf,4,19
7536,acf94512-66a4-418e-98d7-dfc6c4691d80,4,mdn,4,24
7537,2af566fa-f86c-462b-b3cf-5868069d103e,5,mw,3,21
7538,be1f9c71-c6b8-48c6-84bb-6ef5174954aa,5,mdn,5,20
7539,50fe2f3d-7fa4-43b4-b182-6ff9a0371dd4,5,mdn,5,25
7540,af8a0613-364e-42b4-903f-c2ea6ed41cea,5,mdn,5,26
7541,9347de8d-7c8f-4fe7-bb9d-ccf63c729d89,4,mf,5,26
7542,a5a4ee5b-8385-4dfb-9185-a1deb1531cdb,5,mdn,5,28
7543,eb90a88d-20c0-4c51-98f1-a67bc873c84d,3,ars,5,20
7544,f29b1b86-ab96-4876-889d-70b5955a01c7,5,mf,4,27
7545,5d11e9c3-db2d-42ce-a4b2-676294bcab5c,4,ars,5,24
7546,357bbbdb-8186-4709-a792-2b49f743fad2,4,mdn,5,18
7547,1efd7e76-acea-457d-b43c-d2c538c532b2,5,ars,5,22
7548,a07d4949-be64-47ce-b0d2-c4b3e775404e,5,mdn,3,24
7549,45d72ac3-0209-493e-9d5a-8a966d562845,5,mdn,5,23
7550,f064f333-666c-499f-bfcb-b71607e60de7,4,mdn,5,30
7551,8f526ed2-d369-4494-ac76-83d6b718337f,5,ars,5,21
7552,40ef5c66-cc76-49a6-851d-1b58fe2953d7,5,-,4,29
7553,77a3f484-80a6-4184-b278-fc2ba7a9bc4d,4,mdn,5,24
7554,fe2ef5d1-e5b0-4c59-b553-8a14aa6485fd,5,mdn,5,28
7555,fe2ef5d1-e5b0-4c59-b553-8a14aa6485fd,5,ars,5,28
7556,2d1a4ae6-c125-4238-ae47-5496c45d5d8c,5,mdn,4,24
7557,cbaaf4cd-85c3-4140-9033-acedf90fa1cb,5,mw,4,22
7558,da0a8407-c3fa-42bc-bd2b-23e1c7cde8a9,5,mdn,5,30
7559,28c21980-3720-4511-bec7-cc2e6275750a,5,mf,4,28
7560,8e3026d2-a977-4221-a6cc-c30fd3590962,3,mf,5,30
7561,b07938ae-0ab3-44a5-9009-465521064ed4,5,mw,4,18
7562,b07938ae-0ab3-44a5-9009-465521064ed4,5,ars,4,18
7563,4ff66c05-68eb-4bc1-9ed7-4ca15066eb3c,5,mdn,5,20
7564,606ef552-6427-489e-aec2-43a4a17643e2,5,ars,3,20
7565,16b89a6a-1ce4-4a2d-b19e-8d37bc7c7c5e,5,ars,5,21
7566,d057bbf9-c5fa-420a-9bb9-1f6322853d1c,5,mdn,4,27
7567,88c6509b-cbe2-47c6-ad02-97c92e300c48,5,ars,5,30
7568,2e276933-00b1-44a5-93f7-8327f3fcca83,5,-,4,25
7569,af410c09-749d-4f0b-bdb1-f3d0e42a2b0f,4,mf,5,19
7570,c393b545-0428-4a31-927b-e603aa307049,3,mdn,5,18
7571,23205395-678b-4b55-a150-3fc8227c3a18,4,mdn,4,29
7572,e9b443df-a15c-4c9f-b225-c44096cdcb9e,3,mw,5,19
7573,0d5f41b7-3ab8-478c-836a-767823fd4c82,5,mf,4,28
7574,a4272ae2-4e7e-4252-a49a-10445c387bc6,4,mdn,4,29
7575,e0766991-32fc-4294-b1e2-a0dff52c64f2,5,ars,4,23
7576,44f5e566-7fef-484a-b881-c53d9249ae9b,5,mdn,5,28
7577,0ef4cecc-887a-460d-b699-659969939b87,5,mdn,4,24
7578,24f641eb-913a-4416-84af-07ec8721940e,5,mdn,4,20
7579,c4cf804a-7759-4269-8562-c7141d2c18c7,5,ars,4,24
7580,cbce132e-cb8f-4aac-a1c1-a776704aebef,5,ars,5,27
7581,c34aed25-5a2c-400e-ba87-7168d634e3bd,4,mdn,5,30
7582,6f9ed042-aee1-4527-9335-284bb7d27521,4,mw,4,29
7583,e6574fcd-b5fd-40b8-b94a-e3fdf1c887b6,4,ars,3,24
7584,abeb14a7-d8db-429f-9acc-79ef8cdf9a02,4,mdn,5,23
7585,9a72950d-597c-4488-8d80-702130f485ee,5,mf,5,23
7586,b661cc43-3695-4a39-b0dc-21164ec6e199,4,ars,5,20
7587,a1408643-a549-447c-b867-6886faa00fca,5,mw,5,19
7588,dda13a7f-e01e-4084-b353-9a7870744ff1,5,k,3,26
7589,5fab557d-756e-44e7-8f28-2896570692b2,5,mdn,5,30
7590,b7ba5486-611f-4ead-9e37-51de7d6961bb,4,ars,4,30
7591,6e83b88a-84c4-4f8a-8fa9-9ff48e48fa49,5,mdn,4,24
7592,58d13a75-2efb-4254-85fa-13bdb2ac2156,5,mf,5,19
7593,e42c716f-8970-4881-89c6-3db8a37ccd35,5,mw,5,30
7594,48a6d994-4f5b-468f-a96b-9ebe47e8e279,5,mw,5,18
7595,b72ffd03-aef1-4d7f-896e-953964384583,5,mdn,3,24
7596,c233c56b-6f1a-4f53-9f27-e39f5220f9d3,5,ars,5,26
7597,53292fdb-b353-457a-8482-81bdab16d44f,4,mfars,5,30
7598,5ef1e3ae-45e5-41e7-956b-4cef7dcf95b5,5,mdn,3,21
7599,c7cccd38-9e0f-4c94-acfb-557606e7aadf,4,ars,4,22
7600,8cc0183c-f480-475a-a25b-559f3576b7c5,5,mdn,4,18
7601,391319c2-41bc-4213-ba51-0e06718e1803,5,mdn,5,26
7602,6ec72b3a-0222-42ca-a3fe-bc17e019a32f,5,ars,4,24
7603,eb698920-996b-4bbd-b8a5-7414f307aa42,3,ars,5,21
7604,581e0c61-097c-43a1-807a-d1f21bf13e0c,5,mw,5,28
7605,f5d4a203-e308-452c-86e4-9412e871f2e8,5,mw,3,19
7606,393c8d69-3a0e-414a-8b81-6b069e1d3432,5,mf,4,19
7607,22b43ba7-0a64-49dd-bf2f-b6920e84a056,5,ars,5,18
7608,c233c56b-6f1a-4f53-9f27-e39f5220f9d3,3,mw,5,26
7609,802f27c7-ea1a-4e42-97b3-8174f236e379,5,ars,5,29
7610,f2708137-31a5-416c-bbff-7155fb5aa25c,3,mdn,4,19
7611,dceebdb5-1a91-4fa6-8072-aaa827868eb3,5,mdn,5,26
7612,709c8608-6cac-4147-9d6e-e8152ce6340c,4,mdn,5,24
7613,3d110c2c-e912-45ac-b49c-d55781dd00dd,5,ars,4,26
7614,b08e0cea-9237-4a5a-87d6-3f72a313ae3f,4,ars,5,29
7615,4afd54fc-f5e7-41c3-beaf-b9b1270a218c,4,ars,5,28
7616,1de40c3b-877b-48c2-be67-4021b5459754,5,mdn,5,22
7617,5d8a1dd5-498e-47ba-8bfc-62763467a996,5,ars,4,27
7618,c44b54b6-297d-4d1f-a5cc-1fbf039d492b,3,mdn,4,27
7619,d2def5be-4ed5-4735-ba73-d6a360f58a69,3,ars,5,25
7620,c0f96359-1d50-4ea2-b4d2-98cffcc461bf,5,mw,4,18
7621,64f2a8ab-33f5-42c6-9ba5-54e65b6b5af4,5,mw,5,30
7622,34099491-cba6-4b79-9c62-38e83f1cf9db,4,mdn,5,22
7623,20c3a3f4-11c6-43d4-a63d-88f54b3b8096,4,mf,5,30
7624,e6167931-7dcd-40cb-a065-3804a08ae841,4,mdn,5,30
7625,fefb10d9-4247-4d30-b89d-9efd8c703bf1,5,mdn,5,23
7626,7f337d29-cfd2-4a03-bbb9-ec6196e1d34d,4,mw,5,30
7627,2f586764-da78-499d-9a41-eafd03844e80,5,mdn,5,29
7628,93cc8629-4757-4a91-acbe-cb586e385c66,5,mdn,5,18
7629,b5bc6003-dc35-4ca6-b16c-1752ffb0d186,4,mw,5,20
7630,20c3a3f4-11c6-43d4-a63d-88f54b3b8096,5,mdn,5,30
7631,17f173bf-52a2-4042-80ee-6d30d0217f4c,5,mf,3,20
7632,6f2f152e-fe85-4611-857a-528266761927,4,mdn,5,20
7633,7b2398e5-7c99-4ccd-aa73-5c987b82858f,3,je,4,19
7634,34099491-cba6-4b79-9c62-38e83f1cf9db,5,ars,4,22
7635,e7cb74f4-ab7a-4555-90a9-a9f5ecb3f9b6,4,mdn,4,28
7636,22573f4b-b316-4b08-8b75-d05541ea7fcd,4,ars,5,25
7637,a137710a-0bfc-4d4e-be3b-2aa711ee0d7c,4,ars,3,19
7638,8836f623-a6e4-442f-aa50-99c436187488,5,ars,5,24
7639,22573f4b-b316-4b08-8b75-d05541ea7fcd,5,ars,5,25
7640,9dafb395-690f-4613-9aed-1761724d82c8,3,mdn,3,22
7641,3225e9ea-e884-40bd-a656-818e699d86ec,5,mdn,5,25
7642,df68b52d-88f5-4b15-9731-39301acac35b,5,mdn,4,24
7643,dab9d52e-ee1a-4508-a4d6-5dd373bb25f6,5,ars,5,19
7644,da0a8407-c3fa-42bc-bd2b-23e1c7cde8a9,5,mdn,5,30
7645,a21eedda-983a-47dd-81fc-20e1b1f34d9e,3,mf,5,26
7646,67313ce6-34e5-492a-ab7b-4e50acceb029,5,mdn,5,28
7647,a21eedda-983a-47dd-81fc-20e1b1f34d9e,5,mf,3,26
7648,20c3a3f4-11c6-43d4-a63d-88f54b3b8096,4,mf,5,30
7649,55284c4b-b914-4e5d-9551-79d8f5b4eb5d,5,mw,5,26
7650,f6a23d22-7609-4675-b15a-07e2ac92d770,5,mdn,4,27
7651,53204bad-4011-4a1a-b4d1-cee62543e32e,4,mdn,5,20
7652,b94abf88-995e-47ac-9dae-0fc713c19fd9,5,mf,3,27
7653,e62e4b0c-e929-48f4-ad21-f172df57e747,5,mdn,4,23
7654,0a986dd7-a658-40a9-9d1b-d3074e036e35,5,mdn,4,30
7655,40ef5c66-cc76-49a6-851d-1b58fe2953d7,4,mf,5,29
7656,52a42141-4b24-488f-8631-7ef301b1c14c,5,k,5,27
7657,38ba55a0-96fe-4f04-af03-fe2a75bf9968,5,ars,5,26
7658,f5d4a203-e308-452c-86e4-9412e871f2e8,5,ars,5,19
7659,34099491-cba6-4b79-9c62-38e83f1cf9db,5,mdn,5,22
7660,ae0bc742-9002-4ac9-b183-a2041b84bc8b,5,mdn,5,28
7661,abeb14a7-d8db-429f-9acc-79ef8cdf9a02,3,ars,4,23
7662,6f9ed042-aee1-4527-9335-284bb7d27521,5,ars,5,29
7663,b19d51d1-cbaf-4d83-948a-e8f634e3ca48,5,mdn,4,21
7664,29db820a-86ac-4510-88f7-184d6f9dcf9c,3,mdn,5,18
7665,f59c8c41-7c50-4929-a64d-49cf2e587423,5,ars,4,24
7666,37801059-5d8a-4bb8-ac44-c92f83dbfa3a,4,mdn,4,19
7667,9054ffc8-9df3-4b73-a700-17b228a19cba,5,mf,4,29
7668,f59c8c41-7c50-4929-a64d-49cf2e587423,5,ars,5,24
7669,41ae8e3f-715e-4fe0-aa5f-75aca345731c,5,mf,4,28
7670,a76629f6-fe9d-4e32-a4ab-46b9faf116a0,3,fg,5,25
7671,2f17238b-3151-4596-bd04-d55f4c80a066,4,mdn,4,30
7672,78cb70fb-cca0-4d6b-83e3-0ca440be5174,4,mdn,4,27
7673,d5b84e64-0316-493b-9d2d-3d5a49490e9c,5,mdn,4,21
7674,d6d28a99-70f3-4053-961c-029e34621e96,5,mdn,4,21
7675,eb90a88d-20c0-4c51-98f1-a67bc873c84d,5,mdn,4,20
7676,0d5f41b7-3ab8-478c-836a-767823fd4c82,5,mdn,5,28
7677,79ce6eb0-d1d0-42fe-b157-1bb64abf5596,5,mw,5,23
7678,7b2398e5-7c99-4ccd-aa73-5c987b82858f,4,mdn,5,19
7679,adc0ba52-ad0c-4888-9527-72d7900b42bd,5,mdn,5,26
7680,5d6539ff-441b-46cc-af23-5b77ff05230e,5,je,5,25
7681,ff4a3b75-5599-4d90-95f0-8a1bf29c5849,3,ars,4,27
7682,ed9b6e30-d898-4452-97e1-ccbcff4a27bb,5,mf,5,18
7683,cdb366d6-e302-45aa-b61c-6bb4bd827c4f,4,mdn,5,22
7684,444bb96e-33b5-408b-8f36-792f40a9e402,5,ars,3,20
7685,d5fbe51e-866a-4bc6-acd4-65604d50f3e6,5,fg,3,22
7686,e0c2a19b-d844-4f21-887c-a90f7c9b4346,5,mdn,5,28
7687,95914d89-1f22-4630-8d62-91f2d8d0ed88,3,mdn,5,19
7688,18d72f16-5e3b-4cdd-ac63-6847f84789e2,4,ars,5,25
7689,9fd059e2-db33-4855-9374-7ccccc82e66e,4,mdn,4,22
7690,9c7b2243-d03e-419c-babb-f8b3ea3c8400,5,mw,4,19
7691,752ccf1a-c3a9-463a-af5a-ee8a0815ddad,5,mdn,5,18
7692,5ef119b1-883b-4964-8400-341414ee551a,5,ars,5,22
7693,c7bf0ed5-820e-4544-920d-c50b944dec2c,5,ars,5,26
7694,b50df7ff-04f6-45b6-b3fd-0d96d4fbcd61,4,mdn,5,18
7695,573f0cfc-29ec-4c96-b6fa-c4b9c5746ccf,5,ars,5,28
7696,22b43ba7-0a64-49dd-bf2f-b6920e84a056,5,mdn,4,18
7697,709c8608-6cac-4147-9d6e-e8152ce6340c,5,ars,4,24
7698,d6d28a99-70f3-4053-961c-029e34621e96,5,mdn,3,21
7699,e42c716f-8970-4881-89c6-3db8a37ccd35,5,mdn,4,30
7700,b72ffd03-aef1-4d7f-896e-953964384583,4,mdn,3,24
7701,e6167931-7dcd-40cb-a065-3804a08ae841,5,ars,5,30
7702,f8a5ac4a-6f9a-4356-a9d7-142b91a4c9a4,3,mdn,5,21
7703,9054ffc8-9df3-4b73-a700-17b228a19cba,4,mdn,2,29
7704,ff4a3b75-5599-4d90-95f0-8a1bf29c5849,5,mdn,4,27
7705,e7cb74f4-ab7a-4555-90a9-a9f5ecb3f9b6,3,mdn,5,28
7706,94173ad0-5841-4719-9ae3-44e387b19633,4,mdn,5,28
7707,b08e0cea-9237-4a5a-87d6-3f72a313ae3f,4,ars,4,29
7708,e42c716f-8970-4881-89c6-3db8a37ccd35,5,ars,5,30
7709,11cb3da8-b076-4554-b86b-ad619773b101,5,mdn,5,27
7710,23205395-678b-4b55-a150-3fc8227c3a18,5,ars,5,29
7711,da0a8407-c3fa-42bc-bd2b-23e1c7cde8a9,5,ars,4,30
7712,b57fcc40-677a-40da-9faa-265af0fca89d,3,mw,4,19
7713,18ef96e8-9a73-4678-8c6c-772ce127d7f9,5,ars,5,30
7714,5c1e8c88-6c25-4e21-99e7-98f3140d754f,4,mdn,4,22
7715,5ea1e29a-d64c-4b9b-bf02-d7bb6e8b1156,3,mdn,5,29
7716,9fdd2e9f-bbb9-4c36-ad62-91b8914dd0ea,4,-,2,25
7717,8bad8df3-fd1c-47eb-a830-cd085d8918f1,4,tam,5,20
7718,1d9c5351-1850-448d-a113-86faf797165f,5,ars,5,20
7719,cbaaf4cd-85c3-4140-9033-acedf90fa1cb,3,mdn,4,22
7720,bd3fa596-ba3b-4756-90a8-164d551c2b98,3,ars,5,19
7721,6b544598-bc17-4e6f-9cd4-987f46c83902,3,k,2,19
7722,709c8608-6cac-4147-9d6e-e8152ce6340c,5,mdn,5,24
7723,64272418-9b0a-406a-8bbe-e115bdbfc718,5,ars,4,25
7724,342ea9ee-c313-48ec-9c3e-d11cc7614f54,5,ars,5,29
7725,1105bd82-4df4-4116-be5a-0fc3f7506907,5,mdn,4,18
7726,89659f75-6600-40be-8c14-322a5ae87e24,5,mdn,5,23
7727,ebcfc29b-0f9a-4a12-88c4-66d907cc65c9,5,mf,5,18
7728,921eaf8b-9aee-46c9-8e43-76663964131c,4,mw,5,21
7729,8c8342e9-a790-4117-b607-5415d372b7f6,3,ars,4,29
7730,22573f4b-b316-4b08-8b75-d05541ea7fcd,5,mf,4,25
7731,207a3175-fda0-43fb-8b30-c257bf055847,5,mf,5,29
7732,b52aa66d-49b6-4823-b15d-19817ab072ab,4,mf,5,24
7733,f2359723-11a9-4415-8278-4adb624d9e6b,5,mdn,5,29
7734,7fab4381-0d58-4c87-890a-00f892c6b4d3,5,je,4,27
7735,0aa927af-2e14-47b5-bb75-c1c700b13262,4,ars,4,25
7736,9cdeb8f3-f6ad-44fd-bccb-390c69038d0b,3,mf,4,20
7737,73b6df25-7321-4250-8a5d-2d58573b14ec,4,mfmw,4,24
7738,581e0c61-097c-43a1-807a-d1f21bf13e0c,5,mdn,5,28
7739,6f9ed042-aee1-4527-9335-284bb7d27521,3,ars,5,29
7740,a21eedda-983a-47dd-81fc-20e1b1f34d9e,4,mdn,5,26
7741,0b5bc2f8-6b6b-4cd8-abdd-7c9350676492,4,ars,5,26
7742,23205395-678b-4b55-a150-3fc8227c3a18,5,mdn,4,29
7743,80b41e1b-5190-447f-b409-c16b01162cf0,4,mw,5,22
7744,be5ec881-1245-4f55-9f25-8f76599294aa,5,ars,5,24
7745,3cd61aab-db88-4ef9-8be4-5f94ff9698e7,5,k,4,20
7746,1d9c5351-1850-448d-a113-86faf797165f,4,ars,5,20
7747,1cb0d1bf-328c-48fc-ba36-d238bcf1b7f6,3,mdn,5,22
7748,d1953b54-615a-4056-af44-817e8a0c4b40,4,ars,5,20
7749,2f520f04-c2d9-4b9c-a029-6f9df9507b70,5,mdn,5,20
7750,ff4a3b75-5599-4d90-95f0-8a1bf29c5849,4,mdn,3,27
7751,ac687490-2263-42a4-b629-41f9cb808ec3,4,ars,4,28
7752,1a26488b-6cd0-47ce-a93f-a8b4c8da09e2,3,mfars,4,19
7753,55284c4b-b914-4e5d-9551-79d8f5b4eb5d,3,mdn,4,26
7754,a9c35b24-76a8-4b67-addd-81845fb390c7,5,mdn,4,29
7755,ff9d3a2b-707a-4274-9447-421946699738,3,ars,4,25
7756,adc0ba52-ad0c-4888-9527-72d7900b42bd,5,mf,4,26
7757,223e96b7-dfbe-442b-9b28-7fef065a6044,5,mdn,5,19
7758,c44794ff-60de-42e8-9ac1-d221a8ab29c0,3,mf,5,30
7759,26180c48-bfbb-4af5-b4ff-6a1aa15b9f84,5,ars,5,28
7760,2c7871c7-4bd5-43a8-aa2c-3c65fc33736c,5,mdn,4,26
7761,f8a5ac4a-6f9a-4356-a9d7-142b91a4c9a4,5,mdn,5,21
7762,d8eb4bf2-57a4-4a6a-8865-4ce0bf2c9e12,3,mf,5,29
7763,f29b1b86-ab96-4876-889d-70b5955a01c7,5,mdn,4,27
7764,98101cf4-a26d-4e32-9f91-6f42993b3ea1,4,mdn,3,18
7765,17f173bf-52a2-4042-80ee-6d30d0217f4c,4,ars,3,20
7766,8633ed8f-31e9-45be-8c95-1a50d1658229,4,ars,5,27
7767,b8711a0e-32ab-47db-aeb9-91be60b918a4,5,k,5,18
7768,68808f5c-066f-4afa-b2fa-ae7abe1e6ba5,5,mf,5,19
7769,984f5641-df2b-40ba-83b2-61ba8eabc65c,4,ars,4,24
7770,f064f333-666c-499f-bfcb-b71607e60de7,5,ars,3,30
7771,e490e589-c757-4a79-9fb9-b96dc034c08b,5,ars,4,22
7772,95914d89-1f22-4630-8d62-91f2d8d0ed88,5,tam,4,19
7773,e7d7ce10-2049-4fbe-8a69-710eb0c0b707,5,mdn,4,18
7774,f9c4d67a-8176-4831-b098-8d866ed2dd52,5,mdn,5,20
7775,a50dc3c0-5a19-4025-83eb-5812671c9480,5,mf,5,20
7776,37725a9e-f7e1-4803-ad03-e9be32e186d4,4,k,5,20
7777,581e0c61-097c-43a1-807a-d1f21bf13e0c,5,mdn,4,28
7778,a9bdcbf6-4345-477c-a7a8-a7a09b29bd64,5,mdn,5,19
7779,38ba55a0-96fe-4f04-af03-fe2a75bf9968,4,mfars,5,26
7780,1cb0d1bf-328c-48fc-ba36-d238bcf1b7f6,5,mdn,5,22
7781,ab3fe741-a432-4b93-97e7-ca7f86b14d56,5,mdn,4,21
7782,dac33426-3c77-4e9c-807c-3ecdc261339f,5,mf,5,20
7783,51c428b4-c4a7-4da8-86e1-1fa640026086,5,mdn,4,28
7784,f627af83-24c8-4c96-a7fd-4e60eddea09e,4,ars,5,24
7785,50bc13c3-0c72-4cab-a0af-b1569c6608e6,5,mw,3,30
7786,ebcfc29b-0f9a-4a12-88c4-66d907cc65c9,5,ars,5,18
7787,b19d51d1-cbaf-4d83-948a-e8f634e3ca48,5,mdn,5,21
7788,44ca9a06-8b5d-42d1-a313-dfee18559727,5,ars,4,28
7789,7c7aeed7-f005-426d-aafd-368700609ba0,5,mf,5,22
7790,c233c56b-6f1a-4f53-9f27-e39f5220f9d3,5,mdn,5,26
7791,efee5412-be59-448d-9f6e-9a7dcf201113,4,mdn,5,29
7792,6e1d86b6-1249-4c44-a984-f1ea046d19b8,3,je,5,19
7793,d5b84e64-0316-493b-9d2d-3d5a49490e9c,5,ars,5,21
7794,dac33426-3c77-4e9c-807c-3ecdc261339f,5,mdn,4,20
7795,e9b443df-a15c-4c9f-b225-c44096cdcb9e,5,mdn,4,19
7796,d5b84e64-0316-493b-9d2d-3d5a49490e9c,4,ars,5,21
7797,9ac75f91-4f73-4df0-bb20-b7de3069baee,3,mdn,5,25
7798,820fb470-45af-4458-a617-8ea1f9d8915d,5,ars,5,30
7799,0c2d68f2-4d17-4dab-b9a1-d0bdf4e10ce4,5,ars,5,22
7800,e04076e5-3fab-4e6b-9f79-38c54336e47b,3,mdn,3,20
7801,49e2e565-049d-4753-871a-2ec2587d386e,5,ars,3,30
7802,2ae01d22-116d-44c0-84be-cfad96fb519c,5,ars,5,20
7803,c7bf0ed5-820e-4544-920d-c50b944dec2c,5,mdn,5,26
7804,493c0fa8-bb96-4b13-b9fb-93abb37b65e7,5,ars,3,29
7805,207a3175-fda0-43fb-8b30-c257bf055847,5,ars,3,29
7806,29db820a-86ac-4510-88f7-184d6f9dcf9c,5,mdn,4,18
7807,53292fdb-b353-457a-8482-81bdab16d44f,4,ars,5,30
7808,2f773992-bd33-499d-b4d8-9de663d61d09,5,mdn,5,18
7809,9c190f0c-c070-4a52-946b-462086f30106,3,mdn,5,25
7810,45d72ac3-0209-493e-9d5a-8a966d562845,4,mdn,3,23
7811,483a2cf3-98f9-456d-81d9-022710423c23,4,mf,5,24
7812,223e96b7-dfbe-442b-9b28-7fef065a6044,5,mw,4,19
7813,c44794ff-60de-42e8-9ac1-d221a8ab29c0,5,mdn,5,30
7814,bcb872cd-f6f8-422c-8729-59be0b01e4c4,3,mf,5,27
7815,e0c2a19b-d844-4f21-887c-a90f7c9b4346,5,ars,4,28
7816,c393b545-0428-4a31-927b-e603aa307049,5,mdn,4,18
7817,934eaca0-2d10-4419-8175-7812976e2931,5,mf,5,21
7818,a93b4520-48eb-4201-afbf-b8d72d7eb56a,5,ars,5,28
7819,f59c8c41-7c50-4929-a64d-49cf2e587423,4,mdn,5,24
7820,6f680a58-6e7f-4b24-ab2a-8f615cd14a21,5,ars,5,27
7821,663c3978-6013-4a55-9a58-5d538e435021,4,mf,4,25
7822,220cc7c6-0cef-413b-af2a-ec2208ceac65,5,mdn,5,20
7823,a76629f6-fe9d-4e32-a4ab-46b9faf116a0,5,mw,5,25
7824,6be004f0-b701-4daa-b7e2-312b56f97129,5,ars,5,23
7825,357a2790-e856-4dd3-a0f5-8f6e14d0267f,4,ars,3,26
7826,e7d7ce10-2049-4fbe-8a69-710eb0c0b707,5,mdn,5,18
7827,a2b117e7-ab57-476e-831c-33f7ceb1aa35,5,mdn,5,29
7828,47ab6a24-9a36-4af9-b4a4-651bfa037130,4,mdn,3,19
7829,1105bd82-4df4-4116-be5a-0fc3f7506907,4,mdn,4,18
7830,47ab6a24-9a36-4af9-b4a4-651bfa037130,5,mdn,4,19
7831,6975f225-5acc-48bb-a80d-6a3a5e442fae,5,ars,5,28
7832,11b7094b-b88a-4478-b067-09000dfe4062,3,mf,4,25
7833,1bfa930d-cf1c-479b-87e4-bae0f9073321,5,ars,4,23
7834,366c8261-243e-4eab-9695-6df81979597a,3,ars,5,18
7835,b201d5cd-6e38-4c63-8347-e1dbd89720e9,4,ars,5,24
7836,d4024ed1-cddb-4e3c-aea5-6616191d699f,3,ars,3,29
7837,5c1e8c88-6c25-4e21-99e7-98f3140d754f,5,mdn,4,22
7838,37801059-5d8a-4bb8-ac44-c92f83dbfa3a,4,ars,5,19
7839,48aeea0c-cfef-4b4a-b94f-415455a9d7af,5,mdn,4,20
7840,c233c56b-6f1a-4f53-9f27-e39f5220f9d3,3,ars,4,26
7841,ab3fe741-a432-4b93-97e7-ca7f86b14d56,5,mdn,5,21
7842,558a3ec4-7fbc-40e7-9553-f8cff87516c7,5,ars,5,29
7843,c6843a46-7606-45f7-a642-7dfbe9bb61cf,3,ars,5,28
7844,1b06ccbe-4819-4c66-9629-77abef688416,5,mf,3,25
7845,64272418-9b0a-406a-8bbe-e115bdbfc718,5,ars,4,25
7846,91e4721c-9e62-45f6-874a-878f40489739,5,ars,5,21
7847,85c289f3-c492-4b55-91f1-25a199c58832,3,mdn,4,25
7848,d59a405f-f8b3-49e9-9ac2-88dc3e6a1e53,5,mdn,5,23
7849,f443f8f7-c1f8-4b45-a91c-5a994f4c0ef6,5,ars,5,20
7850,a93b4520-48eb-4201-afbf-b8d72d7eb56a,5,ars,5,28
7851,11b7094b-b88a-4478-b067-09000dfe4062,5,mw,4,25
7852,f1242db3-e5af-4813-a6f1-4c9e531776bd,4,mw,5,20
7853,ed2064be-7d40-4f59-9e7d-d7e7dd54b118,5,ars,4,28
7854,fea9deb6-7320-4e71-8c81-a5529ccdd68c,4,ars,5,23
7855,b50df7ff-04f6-45b6-b3fd-0d96d4fbcd61,5,ars,5,18
7856,b52aa66d-49b6-4823-b15d-19817ab072ab,4,mdn,5,24
7857,0a986dd7-a658-40a9-9d1b-d3074e036e35,5,ars,4,30
7858,67313ce6-34e5-492a-ab7b-4e50acceb029,5,k,5,28
7859,2b9d541b-cc79-4e7a-8aca-958bed3b2c61,5,mdn,5,18
7860,d1f141a2-1152-4522-ac13-eb572de63737,4,mf,5,23
7861,c7bf0ed5-820e-4544-920d-c50b944dec2c,5,ars,5,26
7862,0abe9114-4d57-4368-9b74-8ff8d5ab22cf,5,mdn,5,18
7863,dfac5d22-8882-4707-bbe8-9325b9ddc739,4,ars,5,20
7864,0e321c7e-d2cf-4699-aa74-9544ab8f2090,4,ars,5,26
7865,0ee3780f-36f5-4ce7-af65-420a0d0b528c,3,mdn,3,27
7866,fefb10d9-4247-4d30-b89d-9efd8c703bf1,5,mdn,5,23
7867,0bb3ee6a-85cc-4eb3-b648-e8c08e1364db,5,mdn,5,24
7868,202f45d7-fcef-4cc2-8278-6cd8e89d01cd,5,ars,4,19
7869,16b89a6a-1ce4-4a2d-b19e-8d37bc7c7c5e,5,ars,5,21
7870,eeebd242-3df2-464c-9aa3-cd5781da8039,4,ars,4,20
7871,0bb3ee6a-85cc-4eb3-b648-e8c08e1364db,4,ars,5,24
7872,ba649e58-8a55-492c-bf39-5d660ebef5c7,4,ars,5,20
7873,e42c716f-8970-4881-89c6-3db8a37ccd35,5,ars,4,30
7874,802f27c7-ea1a-4e42-97b3-8174f236e379,5,mdn,5,29
7875,393c8d69-3a0e-414a-8b81-6b069e1d3432,5,ars,5,19
7876,709c8608-6cac-4147-9d6e-e8152ce6340c,3,mf,3,24
7877,af8a0613-364e-42b4-903f-c2ea6ed41cea,5,mdn,5,26
7878,4cf82814-1d7e-430c-bba3-247af2552306,4,mdn,4,19
7879,11a3f0b6-30be-4055-bd52-045a04e860fe,3,mdn,5,25
7880,ec3f623a-65f2-4b0d-937b-d0d1c4325976,4,ars,4,30
7881,95914d89-1f22-4630-8d62-91f2d8d0ed88,5,ars,4,19
7882,3aa83f6f-e363-4f12-9770-8902a51fbfbc,2,ars,5,27
7883,640d60da-a441-4460-b386-d9613ee01d28,5,ars,5,29
7884,b7ba5486-611f-4ead-9e37-51de7d6961bb,4,mf,5,30
7885,637a2933-734a-4323-a7e9-7f9f79ad4dc4,5,mdn,5,23
7886,28c21980-3720-4511-bec7-cc2e6275750a,5,k,5,28
7887,8aef2d51-8022-4436-a3a6-8c80ea4e0d91,5,mdn,4,29
7888,a51ce71d-9acf-4e2f-b3bb-2d456a3de7ec,4,ars,4,22
7889,f21916d7-d541-4ce8-a39b-d7f0276da589,5,mf,4,21
7890,d057bbf9-c5fa-420a-9bb9-1f6322853d1c,5,mfars,4,27
7891,e835a550-12b8-48aa-84a8-7fc1c8b1e775,4,ars,4,18
7892,11a3f0b6-30be-4055-bd52-045a04e860fe,5,ars,4,25
7893,c4cf804a-7759-4269-8562-c7141d2c18c7,4,mdn,5,24
7894,c0f96359-1d50-4ea2-b4d2-98cffcc461bf,5,j,5,18
7895,820fb470-45af-4458-a617-8ea1f9d8915d,4,mdn,5,30
7896,5805dec2-b9a9-4314-9e19-729737c7a6c6,4,mfars,4,21
7897,b8617d9b-d83b-4256-a87a-6edeaaedc6ba,5,ars,5,24
7898,ca5c06a4-b01e-4e89-b6e0-507d13da74e9,5,ars,5,27
7899,0bb3ee6a-85cc-4eb3-b648-e8c08e1364db,5,mf,4,24
7900,f05a9269-3068-486a-b87d-fda9d757275c,5,mdn,5,28
7901,a997b75b-15b5-4973-bd5c-0372fd8cb344,5,k,5,22
7902,b1d1a983-98bc-441f-96bf-b92fd2c78493,5,mf,3,26
7903,5d8a1dd5-498e-47ba-8bfc-62763467a996,4,mw,5,27
7904,c44b54b6-297d-4d1f-a5cc-1fbf039d492b,4,mdn,5,27
7905,f10cf3ff-f51e-442d-bee4-d1c0099c264c,4,mdn,2,29
7906,7c032388-80b3-48e9-be91-56bf32f69e9c,5,mdn,5,29
7907,3d0ea613-5462-4785-91d0-04f2331473f5,4,mw,4,19
7908,e62e4b0c-e929-48f4-ad21-f172df57e747,3,ars,4,23
7909,6d494d2e-4ab9-4884-b620-e73214923863,2,ars,5,18
7910,11b7094b-b88a-4478-b067-09000dfe4062,4,mdn,5,25
7911,984f5641-df2b-40ba-83b2-61ba8eabc65c,5,ars,5,24
7912,67313ce6-34e5-492a-ab7b-4e50acceb029,5,mfarsmdn,5,28
7913,d1953b54-615a-4056-af44-817e8a0c4b40,5,mf,4,20
7914,e70f6ce4-4606-4a3d-a5cb-3c22ac67b4ea,5,mf,3,18
7915,5ea1e29a-d64c-4b9b-bf02-d7bb6e8b1156,5,mw,5,29
7916,4ac5d5c7-fcf8-4d13-8384-5e452e3c04af,5,ars,5,28
7917,dfac5d22-8882-4707-bbe8-9325b9ddc739,5,j,4,20
7918,41ae8e3f-715e-4fe0-aa5f-75aca345731c,4,ars,4,28
7919,67313ce6-34e5-492a-ab7b-4e50acceb029,4,mw,4,28
7920,b72ffd03-aef1-4d7f-896e-953964384583,5,mdn,5,24
7921,73ae6177-466a-40ab-833a-67f5a7eedc79,5,mdn,3,26
7922,e9877472-82b1-472c-8e62-929561e5e2e7,5,mdn,4,30
7923,ed2064be-7d40-4f59-9e7d-d7e7dd54b118,5,mf,4,28
7924,0d5f41b7-3ab8-478c-836a-767823fd4c82,3,k,5,28
7925,7a0157cb-c6fc-4ec5-873e-fafdddf66174,5,ars,5,20
7926,c005b690-b142-4d65-85e4-6ae65a48024d,4,mdn,5,27
7927,dda13a7f-e01e-4084-b353-9a7870744ff1,3,mdn,5,26
7928,c005b690-b142-4d65-85e4-6ae65a48024d,5,mf,5,27
7929,6f2f152e-fe85-4611-857a-528266761927,5,ars,3,20
7930,4f727795-2eba-42fd-97a6-dd7a8a15282b,5,ars,3,19
7931,de511cef-1fc8-493b-bb99-d9ba30a042c9,4,je,3,28
7932,fe2ef5d1-e5b0-4c59-b553-8a14aa6485fd,5,mdn,5,28
7933,8633ed8f-31e9-45be-8c95-1a50d1658229,5,ars,5,27
7934,18ef96e8-9a73-4678-8c6c-772ce127d7f9,5,mf,5,30
7935,f064f333-666c-499f-bfcb-b71607e60de7,5,mf,5,30
7936,7828cf51-b3a0-48db-8231-70513625208a,5,ars,5,18
7937,f10cf3ff-f51e-442d-bee4-d1c0099c264c,3,ars,5,29
7938,4073acaa-d216-4e04-8729-bfadada4d095,4,mdn,5,20
7939,18d72f16-5e3b-4cdd-ac63-6847f84789e2,5,j,5,25
7940,ed2064be-7d40-4f59-9e7d-d7e7dd54b118,5,mw,5,28
7941,9b6d950a-d667-4f0b-ac67-0d810b2feff6,3,ars,4,22
7942,67313ce6-34e5-492a-ab7b-4e50acceb029,4,mf,4,28
7943,15500f87-5d38-4e31-b34d-fe209c3a5de4,5,mw,4,18
7944,67313ce6-34e5-492a-ab7b-4e50acceb029,5,ars,5,28
7945,651aa3c1-3bba-4b30-9471-e0f7857900f7,5,ars,4,29
7946,ceb7a529-86be-4dc4-b116-38797aabd2dd,3,mdn,3,29
7947,ed2064be-7d40-4f59-9e7d-d7e7dd54b118,3,ars,5,28
7948,c233c56b-6f1a-4f53-9f27-e39f5220f9d3,5,mf,4,26
7949,24e8d7e7-70e0-47f0-835c-f03045861de5,5,mdn,5,25
7950,3aa83f6f-e363-4f12-9770-8902a51fbfbc,5,mw,5,27
7951,c3199038-0991-484e-bfee-899557351e13,3,mf,5,25
7952,1f4653ef-22c9-4df4-acae-3ce6dcf43075,5,mf,5,26
7953,73ae6177-466a-40ab-833a-67f5a7eedc79,5,ars,5,26
7954,cec079b7-5691-4cd0-9092-3b0388c25d4a,5,mdn,4,22
7955,c233c56b-6f1a-4f53-9f27-e39f5220f9d3,3,mdn,5,26
7956,c005b690-b142-4d65-85e4-6ae65a48024d,5,mf,5,27
7957,1a26488b-6cd0-47ce-a93f-a8b4c8da09e2,5,ars,5,19
7958,0fe94c00-c05c-4d31-9f39-7d31012ea47a,5,mf,5,24
7959,a9bdcbf6-4345-477c-a7a8-a7a09b29bd64,3,mfarsmdn,5,19
7960,a9bdcbf6-4345-477c-a7a8-a7a09b29bd64,3,mw,5,19
7961,4cab344d-1770-4c38-a71f-6d51e8f3b5cc,4,mdn,4,18
7962,455e0529-272b-4550-95d5-a0bdb835ca9f,4,k,5,23
7963,19d5ec55-7543-48c4-8fbc-f01f5a9b2c95,4,ars,5,26
7964,c0f96359-1d50-4ea2-b4d2-98cffcc461bf,3,ars,5,18
7965,91753f65-ede6-4be5-b7a7-9e8b4da7cc42,5,mf,5,21
7966,ba649e58-8a55-492c-bf39-5d660ebef5c7,4,mdn,5,20
7967,d26cad8a-57db-41ec-9679-d73b30e718dc,4,mfars,5,30
7968,9798eef8-20b9-4df4-a0de-81ed2227b9bf,5,mdn,4,24
7969,6b544598-bc17-4e6f-9cd4-987f46c83902,5,mdn,5,19
7970,c34aed25-5a2c-400e-ba87-7168d634e3bd,3,ars,5,30
7971,6b792bd6-6f66-4692-b446-832cc13edc39,4,tam,4,25
7972,3d0ea613-5462-4785-91d0-04f2331473f5,5,ars,5,19
7973,9798eef8-20b9-4df4-a0de-81ed2227b9bf,4,mdn,4,24
7974,44f5e566-7fef-484a-b881-c53d9249ae9b,5,mf,4,28
7975,b8711a0e-32ab-47db-aeb9-91be60b918a4,5,mdn,3,18
7976,493c0fa8-bb96-4b13-b9fb-93abb37b65e7,5,mdn,4,29
7977,7a0157cb-c6fc-4ec5-873e-fafdddf66174,5,ars,5,20
7978,6975f225-5acc-48bb-a80d-6a3a5e442fae,5,tam,5,28
7979,7aaf2ee9-a6f9-4256-8f6b-742a0ee1ac2e,3,mdn,5,26
7980,9798eef8-20b9-4df4-a0de-81ed2227b9bf,4,ars,5,24
7981,23205395-678b-4b55-a150-3fc8227c3a18,5,ars,5,29
7982,24f641eb-913a-4416-84af-07ec8721940e,5,mdn,5,20
7983,24e8d7e7-70e0-47f0-835c-f03045861de5,5,mf,5,25
7984,5ef119b1-883b-4964-8400-341414ee551a,5,ars,3,22
7985,dfc7c753-24c4-4193-ae2b-2ee1af876a13,5,ars,5,30
7986,e9877472-82b1-472c-8e62-929561e5e2e7,5,ars,5,30
7987,789055e5-3d0a-423a-bd82-c9fcfdf03bac,5,ars,2,30
7988,792a10ac-a9bb-45ce-af93-7a2619ef61fe,5,ars,5,30
7989,de26149b-380f-42c9-bdc1-a8584f2c5233,5,mw,5,29
7990,15500f87-5d38-4e31-b34d-fe209c3a5de4,5,mf,4,18
7991,41ae8e3f-715e-4fe0-aa5f-75aca345731c,5,mdn,4,28
7992,9fdd2e9f-bbb9-4c36-ad62-91b8914dd0ea,5,ars,4,25
7993,4e5e83e4-af3a-4513-ae2d-281f7991fdb7,4,je,5,25
7994,0fe94c00-c05c-4d31-9f39-7d31012ea47a,3,mdn,5,24
7995,93515f8d-d789-46de-bb36-728e6b16625a,3,-,3,20
7996,22c4015e-dc9e-4d9e-b7f2-3a69fe57a3b8,5,ars,4,22
7997,ff9d3a2b-707a-4274-9447-421946699738,3,ars,5,25
7998,0e97a2f7-f21a-4142-b564-eac1d55150cb,5,ars,5,28
7999,b94abf88-995e-47ac-9dae-0fc713c19fd9,5,mw,5,27
8000,5fab557d-756e-44e7-8f28-2896570692b2,5,ars,4,30
8001,c6843a46-7606-45f7-a642-7dfbe9bb61cf,4,ars,5,28
8002,8d2d94c5-8114-4962-a74e-d3f9ce3f36f5,5,mdn,5,18
8003,6e83b88a-84c4-4f8a-8fa9-9ff48e48fa49,5,mw,5,24
8004,e11ba41b-805a-4223-afa6-67c773666985,4,mdn,5,30
8005,4ac5d5c7-fcf8-4d13-8384-5e452e3c04af,5,mdn,3,28
8006,dab9d52e-ee1a-4508-a4d6-5dd373bb25f6,4,ars,3,19
8007,984f5641-df2b-40ba-83b2-61ba8eabc65c,5,mdn,5,24
8008,6e77a16f-1fc0-43a6-bf10-ef592e2084ea,5,mf,5,28
8009,58326bf0-4f33-4c16-b328-cc206f87d423,5,mw,3,28
8010,717bbe10-f11f-4197-820a-cc03420e2016,5,mdn,5,18
8011,d13135a7-9a68-4169-815e-981149a54291,5,mdn,4,27
8012,6975f225-5acc-48bb-a80d-6a3a5e442fae,5,ars,4,28
8013,a2509b39-af24-4703-842f-27c2dcd12475,5,mw,4,29
8014,4c618e0b-e52e-4b54-98ca-542b28fe4432,3,mdn,4,18
8015,8633ed8f-31e9-45be-8c95-1a50d1658229,4,je,5,27
8016,acf94512-66a4-418e-98d7-dfc6c4691d80,5,mdn,5,24
8017,6cfc3694-9d16-4d0e-be7d-e717b3e39ea9,5,mfarsmdn,4,19
8018,4cab344d-1770-4c38-a71f-6d51e8f3b5cc,3,ars,4,18
8019,51c428b4-c4a7-4da8-86e1-1fa640026086,5,ars,5,28
8020,88c6509b-cbe2-47c6-ad02-97c92e300c48,4,fg,5,30
8021,e70f6ce4-4606-4a3d-a5cb-3c22ac67b4ea,3,mw,4,18
8022,cec079b7-5691-4cd0-9092-3b0388c25d4a,5,mdn,4,22
8023,d5bb291b-06cc-4dec-968a-ce7db7529f77,5,mdn,3,28
8024,792a10ac-a9bb-45ce-af93-7a2619ef61fe,5,mdn,4,30
8025,a8272db8-0e9f-4372-a757-661bd02f9051,3,mdn,5,26
8026,38ba55a0-96fe-4f04-af03-fe2a75bf9968,5,ars,4,26
8027,8905a79c-4956-4918-b85f-f194e57c2e62,5,mw,5,24
8028,e98d0b49-dc22-4be4-89e6-38ba25d671b3,2,mfars,5,21
8029,5c1e8c88-6c25-4e21-99e7-98f3140d754f,4,mdn,3,22
8030,f10cf3ff-f51e-442d-bee4-d1c0099c264c,5,mdn,5,29
8031,2f586764-da78-499d-9a41-eafd03844e80,5,mf,5,29
8032,80b41e1b-5190-447f-b409-c16b01162cf0,5,mdn,5,22
8033,ff4a3b75-5599-4d90-95f0-8a1bf29c5849,5,ars,5,27
8034,9ac75f91-4f73-4df0-bb20-b7de3069baee,5,ars,5,25
8035,a2509b39-af24-4703-842f-27c2dcd12475,5,mdn,4,29
8036,4cf82814-1d7e-430c-bba3-247af2552306,5,ars,3,19
8037,5e6e310e-6abc-4e1a-b8e6-75b0a5b991b2,5,ars,5,28
8038,28c21980-3720-4511-bec7-cc2e6275750a,5,mf,3,28
8039,f10cf3ff-f51e-442d-bee4-d1c0099c264c,5,mdn,5,29
8040,a9c35b24-76a8-4b67-addd-81845fb390c7,5,ars,5,29
8041,f1242db3-e5af-4813-a6f1-4c9e531776bd,5,mf,4,20
8042,921eaf8b-9aee-46c9-8e43-76663964131c,5,mw,5,21
8043,38f9af29-497a-49e7-b561-797d2a207cf0,5,mf,4,30
8044,789b8d4b-a8d0-430d-9fd4-29d445b2f6f2,5,ars,4,29
8045,ce6e85c5-f384-4d46-b67e-a4ca72252a0a,5,mdn,5,30
8046,1cb0d1bf-328c-48fc-ba36-d238bcf1b7f6,5,ars,5,22
8047,802f27c7-ea1a-4e42-97b3-8174f236e379,5,je,5,29
8048,5e6e310e-6abc-4e1a-b8e6-75b0a5b991b2,4,mdn,5,28
8049,493c0fa8-bb96-4b13-b9fb-93abb37b65e7,4,mdn,4,29
8050,e10e6103-9fa7-4a16-bfe4-f437f8ccfdbc,5,mf,5,19
8051,3ebec66e-6765-4b6b-a97a-c0eb8314e327,5,mf,5,20
8052,a1408643-a549-447c-b867-6886faa00fca,5,mdn,5,19
8053,b5ed5b65-c1bf-4b2f-b650-e60a5139f1bc,5,ars,3,20
8054,e7d7ce10-2049-4fbe-8a69-710eb0c0b707,5,ars,4,18
8055,b19d51d1-cbaf-4d83-948a-e8f634e3ca48,4,mw,3,21
8056,581e0c61-097c-43a1-807a-d1f21bf13e0c,3,mw,5,28
8057,85c289f3-c492-4b55-91f1-25a199c58832,4,mf,5,25
8058,6e1d86b6-1249-4c44-a984-f1ea046d19b8,3,ars,5,19
8059,7aaf2ee9-a6f9-4256-8f6b-742a0ee1ac2e,5,mdn,4,26
8060,22573f4b-b316-4b08-8b75-d05541ea7fcd,5,ars,5,25
8061,37801059-5d8a-4bb8-ac44-c92f83dbfa3a,3,mdn,4,19
8062,d8eb4bf2-57a4-4a6a-8865-4ce0bf2c9e12,4,mdn,4,29
8063,6cfc3694-9d16-4d0e-be7d-e717b3e39ea9,5,mw,5,19
8064,87fe0f9e-2ee2-4524-895b-5cb68e7b55ab,5,ars,3,21
8065,34099491-cba6-4b79-9c62-38e83f1cf9db,4,ars,5,22
8066,9347de8d-7c8f-4fe7-bb9d-ccf63c729d89,4,mdn,5,26
8067,3225e9ea-e884-40bd-a656-818e699d86ec,5,mfars,5,25
8068,f59c8c41-7c50-4929-a64d-49cf2e587423,5,mdn,5,24
8069,b661cc43-3695-4a39-b0dc-21164ec6e199,5,ars,4,20
8070,637a2933-734a-4323-a7e9-7f9f79ad4dc4,5,mfars,5,23
8071,66435fb2-4e78-43d7-952d-d83ed97c5590,4,mdn,5,21
8072,ae40a3a5-e900-4cbc-8955-280bd7529d92,5,mdn,4,21
8073,cbce132e-cb8f-4aac-a1c1-a776704aebef,4,mdn,4,27
8074,40ef5c66-cc76-49a6-851d-1b58fe2953d7,5,ars,5,29
8075,0e354232-854f-43ec-944d-b120245eea4d,4,ars,4,21
8076,6f680a58-6e7f-4b24-ab2a-8f615cd14a21,4,mw,4,27
8077,e11ba41b-805a-4223-afa6-67c773666985,4,mdn,4,30
8078,670e36fe-2b5e-4426-919b-889ef9ae7dc9,5,ars,5,26
8079,1e22ce44-7a97-4f75-b7f5-d47bd96a8342,4,mf,4,22
8080,9fdd2e9f-bbb9-4c36-ad62-91b8914dd0ea,3,mf,4,25
8081,52a42141-4b24-488f-8631-7ef301b1c14c,4,mf,4,27
8082,c16dd75d-767f-4f05-a3cf-e3207ecb51a4,5,mdn,4,19
8083,40ef5c66-cc76-49a6-851d-1b58fe2953d7,5,ars,3,29
8084,de26149b-380f-42c9-bdc1-a8584f2c5233,5,mw,5,29
8085,77a3f484-80a6-4184-b278-fc2ba7a9bc4d,4,mf,3,24
8086,d26cad8a-57db-41ec-9679-d73b30e718dc,4,ars,5,30
8087,709c8608-6cac-4147-9d6e-e8152ce6340c,5,mdn,5,24
8088,ede1c719-13be-432a-958d-e5e220f7b972,5,mdn,5,21
8089,38ba55a0-96fe-4f04-af03-fe2a75bf9968,4,mf,5,26
8090,52a42141-4b24-488f-8631-7ef301b1c14c,3,ars,5,27
8091,6f9ed042-aee1-4527-9335-284bb7d27521,5,mdn,3,29
8092,26321a8a-0e7d-451e-a0f3-787a7432d9cb,3,mdn,5,28
8093,85c289f3-c492-4b55-91f1-25a199c58832,5,ars,5,25
8094,9c190f0c-c070-4a52-946b-462086f30106,4,ars,5,25
8095,65f9bddd-fe54-4b4a-b2fa-8104c5db89c0,5,mfars,5,30
8096,d13135a7-9a68-4169-815e-981149a54291,4,mdn,4,27
8097,da0a8407-c3fa-42bc-bd2b-23e1c7cde8a9,5,ars,4,30
8098,e876c637-3708-402f-9fc3-ed2a59c697c9,4,mdn,5,27
8099,86677349-04ed-425a-b521-0389359ed54e,5,j,4,25
8100,8e0fa808-9c9f-47f2-aaa1-6fd29a3c638d,3,ars,4,19
8101,e0766991-32fc-4294-b1e2-a0dff52c64f2,4,ars,4,23
8102,6cfc3694-9d16-4d0e-be7d-e717b3e39ea9,5,mdn,5,19
8103,6f680a58-6e7f-4b24-ab2a-8f615cd14a21,5,mdn,5,27
8104,d5bb291b-06cc-4dec-968a-ce7db7529f77,5,mdn,5,28
8105,ad7840ca-5f92-40dd-963a-5f8460b3a9dd,5,mf,5,18
8106,f0d0484f-f159-4fe0-8ed4-45dd77bc7cff,5,mdn,4,22
8107,689f72f3-8a26-4eb9-abf2-c41108bc5bb6,5,tam,5,23
8108,9ffb6093-07ab-4c59-8f50-d7b38b640c04,4,mdn,4,29
8109,65f9bddd-fe54-4b4a-b2fa-8104c5db89c0,5,ars,5,30
8110,8d2d94c5-8114-4962-a74e-d3f9ce3f36f5,4,ars,5,18
8111,7d446322-1542-4988-929c-6542663cfe0c,5,mdn,4,19
8112,0d81df22-243d-48a5-829e-9b4954d5cd5b,5,mf,5,20
8113,9e679f83-7105-4a2c-b9d2-82964ea88b4f,3,ars,5,25
8114,f6c33008-5144-41d8-b2a5-a570e9f1561b,5,mfarsmdn,5,21
8115,65f9bddd-fe54-4b4a-b2fa-8104c5db89c0,4,mdn,3,30
8116,0ee3780f-36f5-4ce7-af65-420a0d0b528c,4,ars,5,27
8117,41ae8e3f-715e-4fe0-aa5f-75aca345731c,5,mw,4,28
8118,0ee3780f-36f5-4ce7-af65-420a0d0b528c,3,ars,5,27
8119,94173ad0-5841-4719-9ae3-44e387b19633,3,mf,4,28
8120,83da35e2-88ab-4562-9f43-c192ecdaed1e,3,mw,5,18
8121,747f065e-55d2-47c9-ab2b-c349fcbc001d,4,ars,4,23
8122,fcf4ee65-4267-4b08-bb3d-1860d83cb6e0,5,ars,5,29
8123,48a6d994-4f5b-468f-a96b-9ebe47e8e279,5,ars,5,18
8124,8633ed8f-31e9-45be-8c95-1a50d1658229,5,ars,5,27
8125,1cb0d1bf-328c-48fc-ba36-d238bcf1b7f6,5,ars,4,22
8126,6682a9bf-56ba-4596-8da7-14e90a00dcd4,5,mw,4,29
8127,1bbd002a-73c0-4f38-8e36-76560bba1f49,5,ars,4,19
8128,20c3a3f4-11c6-43d4-a63d-88f54b3b8096,5,ars,4,30
8129,a133b00f-54e3-42c5-87db-f89de83c6874,5,ars,3,20
8130,0e58e77d-a18e-44d2-9fb8-522685cc2b76,5,mf,5,21
8131,af8a0613-364e-42b4-903f-c2ea6ed41cea,5,mdn,4,26
8132,5cf62f0f-9b68-4dd7-9dd1-78727e147558,5,mdn,4,19
8133,b8b1fa86-8f82-4898-a242-72dfdcfc0b75,5,mdn,5,25
8134,5939bdfb-18e1-40ee-8654-d802e218a33f,5,ars,5,29
8135,e835a550-12b8-48aa-84a8-7fc1c8b1e775,5,mw,5,18
8136,e490e589-c757-4a79-9fb9-b96dc034c08b,5,ars,5,22
8137,a8272db8-0e9f-4372-a757-661bd02f9051,4,mf,5,26
8138,3957973a-682a-4959-b576-9a085c8a44ae,5,ars,4,28
8139,3d0ea613-5462-4785-91d0-04f2331473f5,4,mfars,5,19
8140,4ff66c05-68eb-4bc1-9ed7-4ca15066eb3c,5,mw,5,20
8141,44ca9a06-8b5d-42d1-a313-dfee18559727,5,mf,5,28
8142,44f5e566-7fef-484a-b881-c53d9249ae9b,5,ars,5,28
8143,a2b117e7-ab57-476e-831c-33f7ceb1aa35,4,mdn,4,29
8144,9054ffc8-9df3-4b73-a700-17b228a19cba,5,ars,5,29
8145,b52aa66d-49b6-4823-b15d-19817ab072ab,5,mfars,5,24
8146,3cd61aab-db88-4ef9-8be4-5f94ff9698e7,4,ars,5,20
8147,273a109b-52b8-4925-8536-22ceb3b716dc,3,tam,4,30
8148,53292fdb-b353-457a-8482-81bdab16d44f,4,mdn,5,30
8149,ce6e85c5-f384-4d46-b67e-a4ca72252a0a,4,mf,4,30
8150,7b2398e5-7c99-4ccd-aa73-5c987b82858f,5,ars,5,19
8151,b201d5cd-6e38-4c63-8347-e1dbd89720e9,5,ars,5,24
8152,a8272db8-0e9f-4372-a757-661bd02f9051,5,mfmw,5,26
8153,cbaaf4cd-85c3-4140-9033-acedf90fa1cb,5,mdn,5,22
8154,f443f8f7-c1f8-4b45-a91c-5a994f4c0ef6,5,mdn,5,20
8155,51c428b4-c4a7-4da8-86e1-1fa640026086,5,ars,5,28
8156,26180c48-bfbb-4af5-b4ff-6a1aa15b9f84,3,mdn,5,28
8157,18ef96e8-9a73-4678-8c6c-772ce127d7f9,4,ars,5,30
8158,0a986dd7-a658-40a9-9d1b-d3074e036e35,4,mdn,4,30
8159,6e77a16f-1fc0-43a6-bf10-ef592e2084ea,5,mdn,4,28
8160,51c428b4-c4a7-4da8-86e1-1fa640026086,3,mf,5,28
8161,934eaca0-2d10-4419-8175-7812976e2931,5,mdn,5,21
8162,2384d785-bbf8-4c79-be46-5e56d3e5feee,5,mf,5,19
8163,f79501bb-dbe6-4ba4-8439-e4740856c51a,5,mdn,4,25
8164,3aa83f6f-e363-4f12-9770-8902a51fbfbc,5,mdn,5,27
8165,709c8608-6cac-4147-9d6e-e8152ce6340c,5,mf,5,24
8166,8aef2d51-8022-4436-a3a6-8c80ea4e0d91,4,mdn,5,29
8167,1da45063-2dc1-41f2-88ea-7f61fe7f9a19,5,ars,5,25
8168,f2708137-31a5-416c-bbff-7155fb5aa25c,4,mf,5,19
8169,e469cc62-5dfe-42a1-be57-e686c98e01c6,5,mdn,4,25
8170,37ff7521-e05d-4635-8d59-e3c6f852d77d,5,mf,5,23
8171,670e36fe-2b5e-4426-919b-889ef9ae7dc9,4,mdn,4,26
8172,ed2064be-7d40-4f59-9e7d-d7e7dd54b118,4,mdn,5,28
8173,8836f623-a6e4-442f-aa50-99c436187488,5,ars,4,24
8174,da651f2b-7264-419b-86f7-c68c199ab2eb,5,mdn,4,22
8175,b661cc43-3695-4a39-b0dc-21164ec6e199,5,mf,5,20
8176,1e22ce44-7a97-4f75-b7f5-d47bd96a8342,4,ars,4,22
8177,d99430cc-3810-4660-823f-02144b19ea3d,5,mdn,4,29
8178,9493905e-b65c-40ce-b799-c350ed3e1f18,5,ars,5,23
8179,a9c35b24-76a8-4b67-addd-81845fb390c7,5,ars,5,29
8180,9dafb395-690f-4613-9aed-1761724d82c8,5,mf,5,22
8181,8e3026d2-a977-4221-a6cc-c30fd3590962,5,mfmw,5,30
8182,7a0157cb-c6fc-4ec5-873e-fafdddf66174,5,mdn,5,20
8183,be4db01d-a7c7-4918-93df-7014dc077733,4,mf,5,22
8184,b661cc43-3695-4a39-b0dc-21164ec6e199,5,mdn,4,20
8185,1699c2dd-b2b5-4756-bc87-a4b933c25c01,3,ars,5,29
8186,0aa927af-2e14-47b5-bb75-c1c700b13262,4,mdn,5,25
8187,6e83b88a-84c4-4f8a-8fa9-9ff48e48fa49,5,ars,5,24
8188,9c2aadbd-036d-45e6-b130-7f3d98892dba,3,ars,4,20
8189,5e6e310e-6abc-4e1a-b8e6-75b0a5b991b2,4,ars,5,28
8190,ca5c06a4-b01e-4e89-b6e0-507d13da74e9,5,mdn,5,27
8191,2f773992-bd33-499d-b4d8-9de663d61d09,4,mdn,5,18
8192,e59739bb-d66f-479b-92f8-1a526fb5a428,5,mdn,5,22
8193,e10e6103-9fa7-4a16-bfe4-f437f8ccfdbc,5,mf,5,19
8194,6e77a16f-1fc0-43a6-bf10-ef592e2084ea,4,mw,5,28
8195,39acfef6-976a-4ca5-a481-e5d887907fad,4,ars,5,19
8196,2c867a72-877a-4cfb-8d18-01990c6c4846,5,ars,2,19
8197,1cb0d1bf-328c-48fc-ba36-d238bcf1b7f6,5,mdn,5,22
8198,c81c0d30-be22-4d14-a328-3760bfd5e023,5,ars,4,20
8199,f9c4d67a-8176-4831-b098-8d866ed2dd52,4,mw,3,20
8200,a9bdcbf6-4345-477c-a7a8-a7a09b29bd64,4,mf,5,19
8201,ab3fe741-a432-4b93-97e7-ca7f86b14d56,4,mdn,4,21
8202,9bb07206-a24d-488b-91d9-853f606d5fd4,5,mdn,4,19
8203,22b43ba7-0a64-49dd-bf2f-b6920e84a056,5,ars,4,18
8204,50fe2f3d-7fa4-43b4-b182-6ff9a0371dd4,4,mw,4,25
8205,1efd7e76-acea-457d-b43c-d2c538c532b2,5,mdn,5,22
8206,a5a4ee5b-8385-4dfb-9185-a1deb1531cdb,5,ars,5,28
8207,2d1a4ae6-c125-4238-ae47-5496c45d5d8c,5,mf,5,24
8208,fe2ef5d1-e5b0-4c59-b553-8a14aa6485fd,5,mdn,5,28
8209,73ae6177-466a-40ab-833a-67f5a7eedc79,5,mdn,4,26
8210,e7ec3fdb-639e-430f-978e-10c034fd3978,4,mf,4,21
8211,96491651-a46d-4fae-84ea-64c3c00a3071,5,mdn,4,19
8212,bd3fa596-ba3b-4756-90a8-164d551c2b98,4,ars,5,19
8213,e10e6103-9fa7-4a16-bfe4-f437f8ccfdbc,5,mdn,5,19
8214,2f520f04-c2d9-4b9c-a029-6f9df9507b70,4,ars,5,20
8215,b50df7ff-04f6-45b6-b3fd-0d96d4fbcd61,5,ars,4,18
8216,6975f225-5acc-48bb-a80d-6a3a5e442fae,5,mdn,5,28
8217,22c4015e-dc9e-4d9e-b7f2-3a69fe57a3b8,4,ars,3,22
8218,fefb10d9-4247-4d30-b89d-9efd8c703bf1,5,ars,5,23
8219,0e321c7e-d2cf-4699-aa74-9544ab8f2090,5,ars,4,26
8220,220cc7c6-0cef-413b-af2a-ec2208ceac65,3,mdn,4,20
8221,fdf2851c-a685-4112-80fc-401747191dc3,5,fg,5,26
8222,b1d1a983-98bc-441f-96bf-b92fd2c78493,5,mw,5,26
8223,640d60da-a441-4460-b386-d9613ee01d28,4,ars,3,29
8224,eb698920-996b-4bbd-b8a5-7414f307aa42,5,ars,5,21
8225,a21eedda-983a-47dd-81fc-20e1b1f34d9e,5,ars,5,26
8226,9cdeb8f3-f6ad-44fd-bccb-390c69038d0b,3,mf,4,20
8227,53f8916f-1f81-4fd4-ba7e-b3574e6852eb,5,mdn,4,19
8228,c34aed25-5a2c-400e-ba87-7168d634e3bd,4,mf,5,30
8229,493c0fa8-bb96-4b13-b9fb-93abb37b65e7,5,mdn,3,29
8230,cbaaf4cd-85c3-4140-9033-acedf90fa1cb,4,mf,5,22
8231,88f20ee0-e749-487f-a908-12f8ab47142b,5,mdn,5,22
8232,ab9d4c1f-1773-4f12-88e1-ecd78f51e309,5,ars,5,30
8233,3d110c2c-e912-45ac-b49c-d55781dd00dd,4,ars,5,26
8234,2eebf90c-68dc-4631-a827-b59638b7ad52,4,mw,5,26
8235,91753f65-ede6-4be5-b7a7-9e8b4da7cc42,5,ars,5,21
8236,be5ec881-1245-4f55-9f25-8f76599294aa,5,mfarsmdn,5,24
8237,3225e9ea-e884-40bd-a656-818e699d86ec,5,ars,4,25
8238,5fab557d-756e-44e7-8f28-2896570692b2,5,mf,5,30
8239,6f9ed042-aee1-4527-9335-284bb7d27521,5,mdn,4,29
8240,e0766991-32fc-4294-b1e2-a0dff52c64f2,5,ars,5,23
8241,3ad458ed-6069-4907-a71e-efda23c5abff,4,ars,4,28
8242,2f17238b-3151-4596-bd04-d55f4c80a066,3,mf,5,30
8243,11cb3da8-b076-4554-b86b-ad619773b101,4,mdn,5,27
8244,15500f87-5d38-4e31-b34d-fe209c3a5de4,5,k,5,18
8245,207a3175-fda0-43fb-8b30-c257bf055847,5,mdn,4,29
8246,573f0cfc-29ec-4c96-b6fa-c4b9c5746ccf,4,mdn,5,28
8247,ce6e85c5-f384-4d46-b67e-a4ca72252a0a,4,mdn,5,30
8248,216de2aa-e0bf-41b4-92da-3ad50ab2af5e,3,ars,5,22
8249,e8cf2675-3727-4525-970c-77eff23acff5,4,mdn,5,22
8250,aac4a278-e82f-40cc-9662-861f6b2ac634,5,ars,4,18
8251,5d6539ff-441b-46cc-af23-5b77ff05230e,5,mf,5,25
8252,f05a9269-3068-486a-b87d-fda9d757275c,5,ars,4,28
8253,ac687490-2263-42a4-b629-41f9cb808ec3,5,mdn,5,28
8254,366c8261-243e-4eab-9695-6df81979597a,4,ars,5,18
8255,4c618e0b-e52e-4b54-98ca-542b28fe4432,5,ars,5,18
8256,ede1c719-13be-432a-958d-e5e220f7b972,4,mdn,5,21
8257,d975480c-d90f-414e-a9e1-b1288c4fbd1c,4,ars,4,28
8258,f29b1b86-ab96-4876-889d-70b5955a01c7,5,mf,5,27
8259,59ad52ab-0325-4f71-bbf8-6d0eabc630ad,3,mf,5,30
8260,b94abf88-995e-47ac-9dae-0fc713c19fd9,5,mdn,4,27
8261,efee5412-be59-448d-9f6e-9a7dcf201113,5,ars,5,29
8262,0e97a2f7-f21a-4142-b564-eac1d55150cb,3,mfars,5,28
8263,9c7b2243-d03e-419c-babb-f8b3ea3c8400,5,ars,4,19
8264,e7cb74f4-ab7a-4555-90a9-a9f5ecb3f9b6,5,mf,5,28
8265,58326bf0-4f33-4c16-b328-cc206f87d423,5,mdn,3,28
8266,1bbd002a-73c0-4f38-8e36-76560bba1f49,5,mdn,5,19
8267,984f5641-df2b-40ba-83b2-61ba8eabc65c,5,ars,5,24
8268,fefb10d9-4247-4d30-b89d-9efd8c703bf1,4,ars,4,23
8269,d4024ed1-cddb-4e3c-aea5-6616191d699f,5,mdn,4,29
8270,95914d89-1f22-4630-8d62-91f2d8d0ed88,4,mdn,4,19
8271,e7cb74f4-ab7a-4555-90a9-a9f5ecb3f9b6,5,je,5,28
8272,a76629f6-fe9d-4e32-a4ab-46b9faf116a0,5,ars,4,25
8273,3e262f96-1a3a-4620-a5cb-26350e9ead3e,4,mdn,5,22
8274,0e97a2f7-f21a-4142-b564-eac1d55150cb,4,k,4,28
8275,8aef2d51-8022-4436-a3a6-8c80ea4e0d91,5,mf,4,29
8276,d1d66775-cc03-42ea-ad3c-681efafb3682,4,ars,5,24
8277,d1adf242-5e1a-4a78-9c07-f0ba06758c42,4,ars,5,19
8278,38f9af29-497a-49e7-b561-797d2a207cf0,3,mdn,5,30
8279,efee5412-be59-448d-9f6e-9a7dcf201113,5,ars,4,29
8280,d9196f86-a4c4-48aa-89e6-1f61947b8201,5,ars,4,24
8281,4e5e83e4-af3a-4513-ae2d-281f7991fdb7,5,ars,5,25
8282,eb5ab705-64b5-4824-80b1-748c0c01560b,5,ars,4,30
8283,49b93c8d-21cf-4307-90e1-12f87a2a75a4,5,mdn,5,26
8284,493c0fa8-bb96-4b13-b9fb-93abb37b65e7,5,mf,4,29
8285,bf94eb8d-5d4f-43d3-9528-ff5ef9009951,4,ars,5,24
8286,fb0fdb0e-a962-4fa1-8447-b5f52235ffe8,5,ars,5,20
8287,b72ffd03-aef1-4d7f-896e-953964384583,5,mdn,5,24
8288,b5bc6003-dc35-4ca6-b16c-1752ffb0d186,4,mf,5,20
8289,2ae01d22-116d-44c0-84be-cfad96fb519c,5,mf,5,20
8290,1b06ccbe-4819-4c66-9629-77abef688416,4,ars,4,25
8291,e6167931-7dcd-40cb-a065-3804a08ae841,5,ars,5,30
8292,26321a8a-0e7d-451e-a0f3-787a7432d9cb,3,mdn,3,28
8293,cdb366d6-e302-45aa-b61c-6bb4bd827c4f,4,mdn,5,22
8294,a2b117e7-ab57-476e-831c-33f7ceb1aa35,4,mdn,5,29
8295,e876c637-3708-402f-9fc3-ed2a59c697c9,5,ars,4,27
8296,28c21980-3720-4511-bec7-cc2e6275750a,4,ars,5,28
8297,c7cccd38-9e0f-4c94-acfb-557606e7aadf,5,mdn,5,22
8298,b8617d9b-d83b-4256-a87a-6edeaaedc6ba,5,ars,5,24
8299,50fe2f3d-7fa4-43b4-b182-6ff9a0371dd4,5,mf,3,25
8300,f6c33008-5144-41d8-b2a5-a570e9f1561b,5,ars,4,21
8301,984f5641-df2b-40ba-83b2-61ba8eabc65c,5,mfarsmdn,5,24
8302,c3199038-0991-484e-bfee-899557351e13,4,mdn,4,25
8303,5cd193d4-8ecf-4845-a463-61edf2b05ff3,5,ars,5,26
8304,f0d0484f-f159-4fe0-8ed4-45dd77bc7cff,5,mf,5,22
8305,573f0cfc-29ec-4c96-b6fa-c4b9c5746ccf,4,ars,4,28
8306,5939bdfb-18e1-40ee-8654-d802e218a33f,3,mf,5,29
8307,0c2d68f2-4d17-4dab-b9a1-d0bdf4e10ce4,5,ars,4,22
8308,a47a4348-5295-48e9-aea3-acb821b95f11,4,ars,5,23
8309,fea9deb6-7320-4e71-8c81-a5529ccdd68c,5,ars,5,23
8310,bf94eb8d-5d4f-43d3-9528-ff5ef9009951,5,mdn,5,24
8311,61dbc7bb-5997-4446-a7eb-5b0cd4ea98db,4,ars,4,24
8312,0ee3780f-36f5-4ce7-af65-420a0d0b528c,5,ars,5,27
8313,6e77a16f-1fc0-43a6-bf10-ef592e2084ea,5,mfars,4,28
8314,adc0ba52-ad0c-4888-9527-72d7900b42bd,5,mdn,3,26
8315,9798eef8-20b9-4df4-a0de-81ed2227b9bf,3,mw,5,24
8316,9c7b2243-d03e-419c-babb-f8b3ea3c8400,4,ars,5,19
8317,85c289f3-c492-4b55-91f1-25a199c58832,5,mw,5,25
8318,9a72950d-597c-4488-8d80-702130f485ee,5,ars,5,23
8319,7a0157cb-c6fc-4ec5-873e-fafdddf66174,5,mdn,5,20
8320,94173ad0-5841-4719-9ae3-44e387b19633,5,mdn,5,28
8321,6f680a58-6e7f-4b24-ab2a-8f615cd14a21,4,mdn,4,27
8322,b8d47eb3-c03a-46ae-9ccb-29bb9f61162b,3,mw,5,30
8323,752ccf1a-c3a9-463a-af5a-ee8a0815ddad,4,mdn,4,18
8324,8cc0183c-f480-475a-a25b-559f3576b7c5,5,ars,4,18
8325,dda13a7f-e01e-4084-b353-9a7870744ff1,5,je,5,26
8326,6b544598-bc17-4e6f-9cd4-987f46c83902,5,ars,2,19
8327,0e58e77d-a18e-44d2-9fb8-522685cc2b76,5,mdn,5,21
8328,1c8b2fc6-6dea-4184-9cb0-5dfbe49b73da,4,mdn,5,30
8329,c0f96359-1d50-4ea2-b4d2-98cffcc461bf,3,mdn,5,18
8330,a07d4949-be64-47ce-b0d2-c4b3e775404e,4,mdn,5,24
8331,cec079b7-5691-4cd0-9092-3b0388c25d4a,5,mdn,4,22
8332,87fe0f9e-2ee2-4524-895b-5cb68e7b55ab,5,ars,4,21
8333,67313ce6-34e5-492a-ab7b-4e50acceb029,5,mdn,5,28
8334,64272418-9b0a-406a-8bbe-e115bdbfc718,5,mf,5,25
8335,a2b117e7-ab57-476e-831c-33f7ceb1aa35,5,ars,4,29
8336,abeb14a7-d8db-429f-9acc-79ef8cdf9a02,5,ars,4,23
8337,8f526ed2-d369-4494-ac76-83d6b718337f,5,ars,5,21
8338,50fe2f3d-7fa4-43b4-b182-6ff9a0371dd4,5,ars,5,25
8339,93515f8d-d789-46de-bb36-728e6b16625a,3,ars,5,20
8340,2f520f04-c2d9-4b9c-a029-6f9df9507b70,5,mdn,5,20
8341,1b06ccbe-4819-4c66-9629-77abef688416,4,ars,4,25
8342,e10e6103-9fa7-4a16-bfe4-f437f8ccfdbc,5,mf,4,19
8343,af8a0613-364e-42b4-903f-c2ea6ed41cea,5,ars,4,26
8344,d9196f86-a4c4-48aa-89e6-1f61947b8201,3,ars,4,24
8345,dab9d52e-ee1a-4508-a4d6-5dd373bb25f6,3,mdn,5,19
8346,b7ba5486-611f-4ead-9e37-51de7d6961bb,3,mf,4,30
8347,a76629f6-fe9d-4e32-a4ab-46b9faf116a0,4,k,5,25
8348,6182a456-4de8-43e2-b54f-5836017a532d,5,mdn,5,19
8349,6f680a58-6e7f-4b24-ab2a-8f615cd14a21,4,mdn,5,27
8350,a997b75b-15b5-4973-bd5c-0372fd8cb344,5,mdn,4,22
8351,ac1781e0-796b-4d94-a324-680e348fe2cb,5,ars,4,22
8352,2f520f04-c2d9-4b9c-a029-6f9df9507b70,5,ars,3,20
8353,a07d4949-be64-47ce-b0d2-c4b3e775404e,5,mf,5,24
8354,493c0fa8-bb96-4b13-b9fb-93abb37b65e7,4,mdn,4,29
8355,7b2398e5-7c99-4ccd-aa73-5c987b82858f,3,mf,5,19
8356,7a0157cb-c6fc-4ec5-873e-fafdddf66174,5,mdn,5,20
8357,9ac75f91-4f73-4df0-bb20-b7de3069baee,5,mdn,4,25
8358,65f9bddd-fe54-4b4a-b2fa-8104c5db89c0,3,ars,4,30
8359,c44b54b6-297d-4d1f-a5cc-1fbf039d492b,5,ars,4,27
8360,e469cc62-5dfe-42a1-be57-e686c98e01c6,5,mdn,5,25
8361,dceebdb5-1a91-4fa6-8072-aaa827868eb3,4,mdn,4,26
8362,581e0c61-097c-43a1-807a-d1f21bf13e0c,5,ars,4,28
8363,581e0c61-097c-43a1-807a-d1f21bf13e0c,5,mw,4,28
8364,820fb470-45af-4458-a617-8ea1f9d8915d,4,mdn,4,30
8365,6e77a16f-1fc0-43a6-bf10-ef592e2084ea,4,ars,4,28
8366,ef4ca2ea-04a0-43cb-b257-87ad0f4d14b0,5,ars,5,29
8367,37801059-5d8a-4bb8-ac44-c92f83dbfa3a,3,fg,4,19
8368,6e77a16f-1fc0-43a6-bf10-ef592e2084ea,5,mdn,4,28
8369,0b5bc2f8-6b6b-4cd8-abdd-7c9350676492,4,mw,3,26
8370,c3199038-0991-484e-bfee-899557351e13,3,mw,4,25
8371,1efd7e76-acea-457d-b43c-d2c538c532b2,4,k,5,22
8372,984f5641-df2b-40ba-83b2-61ba8eabc65c,5,mf,5,24
8373,789055e5-3d0a-423a-bd82-c9fcfdf03bac,5,ars,5,30
8374,22573f4b-b316-4b08-8b75-d05541ea7fcd,5,mdn,5,25
8375,29db820a-86ac-4510-88f7-184d6f9dcf9c,5,ars,5,18
8376,651aa3c1-3bba-4b30-9471-e0f7857900f7,5,ars,5,29
8377,84d29b44-26c6-4b05-8a67-31831d35be32,5,mdn,5,28
8378,91753f65-ede6-4be5-b7a7-9e8b4da7cc42,5,mdn,4,21
8379,2f773992-bd33-499d-b4d8-9de663d61d09,5,ars,5,18
8380,a2b117e7-ab57-476e-831c-33f7ceb1aa35,4,ars,5,29
8381,85c289f3-c492-4b55-91f1-25a199c58832,3,mf,5,25
8382,24e8d7e7-70e0-47f0-835c-f03045861de5,5,mf,5,25
8383,48a6d994-4f5b-468f-a96b-9ebe47e8e279,4,mdn,5,18
8384,f63a1efa-33c6-40c7-8688-ef9d34466284,4,ars,3,24
8385,f05a9269-3068-486a-b87d-fda9d757275c,5,mdn,5,28
8386,5febecf8-2d9f-471b-9303-cd8dd0f658af,4,mf,4,28
8387,1d9c5351-1850-448d-a113-86faf797165f,4,mw,5,20
8388,f627af83-24c8-4c96-a7fd-4e60eddea09e,4,mdn,4,24
8389,9b6d950a-d667-4f0b-ac67-0d810b2feff6,5,ars,5,22
8390,689f72f3-8a26-4eb9-abf2-c41108bc5bb6,4,mdn,5,23
8391,820fb470-45af-4458-a617-8ea1f9d8915d,3,ars,4,30
8392,ac687490-2263-42a4-b629-41f9cb808ec3,3,mdn,5,28
8393,0ef4cecc-887a-460d-b699-659969939b87,4,mdn,4,24
8394,8cc0183c-f480-475a-a25b-559f3576b7c5,5,ars,4,18
8395,202f45d7-fcef-4cc2-8278-6cd8e89d01cd,4,ars,5,19
8396,daba59b7-3cb9-4533-b8a8-9e0562490dd2,4,mfars,3,23
8397,a997b75b-15b5-4973-bd5c-0372fd8cb344,5,ars,5,22
8398,b5bc6003-dc35-4ca6-b16c-1752ffb0d186,5,mw,3,20
8399,3d0ea613-5462-4785-91d0-04f2331473f5,5,ars,3,19
8400,de26149b-380f-42c9-bdc1-a8584f2c5233,5,mdn,4,29
8401,8836f623-a6e4-442f-aa50-99c436187488,5,mdn,4,24
8402,5ea1e29a-d64c-4b9b-bf02-d7bb6e8b1156,3,ars,3,29
8403,3dea5f61-f356-432f-b831-57df87d6b032,5,mw,5,23
8404,ceb7a529-86be-4dc4-b116-38797aabd2dd,5,mf,4,29
8405,c7cccd38-9e0f-4c94-acfb-557606e7aadf,5,mfars,5,22
8406,921eaf8b-9aee-46c9-8e43-76663964131c,5,mfars,5,21
8407,3ad458ed-6069-4907-a71e-efda23c5abff,5,-,5,28
8408,dfc7c753-24c4-4193-ae2b-2ee1af876a13,5,mw,5,30
8409,f5d4a203-e308-452c-86e4-9412e871f2e8,5,mf,4,19
8410,41c2499e-4649-4cd4-8476-d435c6166c58,5,mdn,4,22
8411,7aaf2ee9-a6f9-4256-8f6b-742a0ee1ac2e,5,ars,4,26
8412,8905a79c-4956-4918-b85f-f194e57c2e62,5,ars,5,24
8413,f29b1b86-ab96-4876-889d-70b5955a01c7,4,mdn,5,27
8414,789b8d4b-a8d0-430d-9fd4-29d445b2f6f2,3,ars,5,29
8415,df68b52d-88f5-4b15-9731-39301acac35b,5,mw,5,24
8416,7a0157cb-c6fc-4ec5-873e-fafdddf66174,3,mdn,4,20
8417,caa1cb22-fbe5-43dd-bba4-11dd60e108aa,5,ars,5,26
8418,86677349-04ed-425a-b521-0389359ed54e,3,-,5,25
8419,f064f333-666c-499f-bfcb-b71607e60de7,5,ars,5,30
8420,aafce93e-6e5f-46ad-b186-d642d5a456a1,5,ars,5,30
8421,984f5641-df2b-40ba-83b2-61ba8eabc65c,4,mdn,3,24
8422,d6d28a99-70f3-4053-961c-029e34621e96,3,mf,5,21
8423,689f72f3-8a26-4eb9-abf2-c41108bc5bb6,5,mf,5,23
8424,c3199038-0991-484e-bfee-899557351e13,4,j,4,25
8425,e59739bb-d66f-479b-92f8-1a526fb5a428,5,mdn,5,22
8426,5fb096ef-d891-4c20-aabc-80216c7d0ac6,5,ars,5,22
8427,51c428b4-c4a7-4da8-86e1-1fa640026086,5,ars,5,28
8428,7d446322-1542-4988-929c-6542663cfe0c,4,mw,5,19
8429,789b8d4b-a8d0-430d-9fd4-29d445b2f6f2,5,mw,5,29
8430,1fb37a6e-bfb4-48da-b71f-d813fb59ef1c,5,mdn,3,30
8431,e62e4b0c-e929-48f4-ad21-f172df57e747,3,ars,5,23
8432,7828cf51-b3a0-48db-8231-70513625208a,3,mdn,5,18
8433,a47a4348-5295-48e9-aea3-acb821b95f11,4,mdn,4,23
8434,e0c2a19b-d844-4f21-887c-a90f7c9b4346,3,mfars,5,28
8435,5cb0e54b-ec8d-46d8-8d81-eaa3e0687114,5,je,5,18
8436,8905a79c-4956-4918-b85f-f194e57c2e62,5,mf,5,24
8437,be1f9c71-c6b8-48c6-84bb-6ef5174954aa,4,ars,5,20
8438,f8a5ac4a-6f9a-4356-a9d7-142b91a4c9a4,5,ars,4,21
8439,c44794ff-60de-42e8-9ac1-d221a8ab29c0,4,mdn,5,30
8440,c43a7404-eeeb-4714-9bc9-598b448da6f9,5,mdn,5,30
8441,747f065e-55d2-47c9-ab2b-c349fcbc001d,3,mdn,5,23
8442,aac4a278-e82f-40cc-9662-861f6b2ac634,5,ars,5,18
8443,d2def5be-4ed5-4735-ba73-d6a360f58a69,3,ars,5,25
8444,a21eedda-983a-47dd-81fc-20e1b1f34d9e,5,mf,5,26
8445,fefb10d9-4247-4d30-b89d-9efd8c703bf1,5,mdn,5,23
8446,e0766991-32fc-4294-b1e2-a0dff52c64f2,5,mdn,4,23
8447,ac1781e0-796b-4d94-a324-680e348fe2cb,5,mdn,3,22
8448,d975480c-d90f-414e-a9e1-b1288c4fbd1c,5,mf,5,28
8449,aafce93e-6e5f-46ad-b186-d642d5a456a1,5,ars,5,30
8450,8633ed8f-31e9-45be-8c95-1a50d1658229,5,ars,4,27
8451,55284c4b-b914-4e5d-9551-79d8f5b4eb5d,3,mdn,4,26
8452,9c7b2243-d03e-419c-babb-f8b3ea3c8400,5,mdn,5,19
8453,de26149b-380f-42c9-bdc1-a8584f2c5233,4,tam,5,29
8454,0ef4cecc-887a-460d-b699-659969939b87,5,ars,4,24
8455,e7d7ce10-2049-4fbe-8a69-710eb0c0b707,5,ars,5,18
8456,e9b443df-a15c-4c9f-b225-c44096cdcb9e,3,ars,5,19
8457,0b187bd8-2c9e-4c1a-ad95-1ac60fa3f39d,3,ars,4,20
8458,375b7df7-16cd-4376-965f-52dc0c4f3eb3,5,mdn,3,23
8459,8e0fa808-9c9f-47f2-aaa1-6fd29a3c638d,5,ars,5,19
8460,d13135a7-9a68-4169-815e-981149a54291,4,mdn,5,27
8461,2a205037-8c86-4372-a92d-d81ee9b38025,5,mdn,4,21
8462,2d1a4ae6-c125-4238-ae47-5496c45d5d8c,5,mf,5,24
8463,e6167931-7dcd-40cb-a065-3804a08ae841,5,ars,5,30
8464,357bbbdb-8186-4709-a792-2b49f743fad2,5,mdn,5,18
8465,9b87a188-a71f-4d7a-bb50-b7fae8022f80,4,mf,5,27
8466,cee38db4-d8fb-4876-affb-408d23f0c5fc,5,ars,3,20
8467,95d5bb8d-2790-43d4-a0a3-970e5fe6ac19,5,ars,5,18
8468,6ec72b3a-0222-42ca-a3fe-bc17e019a32f,5,ars,4,24
8469,357bbbdb-8186-4709-a792-2b49f743fad2,5,mw,4,18
8470,ae40a3a5-e900-4cbc-8955-280bd7529d92,3,ars,5,21
8471,e876c637-3708-402f-9fc3-ed2a59c697c9,5,ars,5,27
8472,0c2d68f2-4d17-4dab-b9a1-d0bdf4e10ce4,5,ars,5,22
8473,5d8a1dd5-498e-47ba-8bfc-62763467a996,4,mdn,3,27
8474,e8cf2675-3727-4525-970c-77eff23acff5,5,mdn,5,22
8475,b8b1fa86-8f82-4898-a242-72dfdcfc0b75,3,mf,5,25
8476,dbf069ee-b1dd-4b75-8b6e-73734ec2cb48,4,k,4,21
8477,5febecf8-2d9f-471b-9303-cd8dd0f658af,4,mdn,5,28
8478,792a10ac-a9bb-45ce-af93-7a2619ef61fe,5,ars,5,30
8479,b1d1a983-98bc-441f-96bf-b92fd2c78493,5,mdn,4,26
8480,55284c4b-b914-4e5d-9551-79d8f5b4eb5d,4,mdn,5,26
8481,c7cccd38-9e0f-4c94-acfb-557606e7aadf,5,ars,5,22
8482,3e262f96-1a3a-4620-a5cb-26350e9ead3e,5,ars,5,22
8483,f5d4a203-e308-452c-86e4-9412e871f2e8,4,ars,4,19
8484,c0db802b-635c-4f93-b4cb-7d9883a43093,5,mw,4,28
8485,b57fcc40-677a-40da-9faa-265af0fca89d,5,mdn,4,19
8486,79ce6eb0-d1d0-42fe-b157-1bb64abf5596,5,mdn,5,23
8487,adc0ba52-ad0c-4888-9527-72d7900b42bd,4,mdn,4,26
8488,7d446322-1542-4988-929c-6542663cfe0c,5,ars,5,19
8489,ed9b6e30-d898-4452-97e1-ccbcff4a27bb,4,ars,5,18
8490,0c2d68f2-4d17-4dab-b9a1-d0bdf4e10ce4,5,mdn,5,22
8491,cec079b7-5691-4cd0-9092-3b0388c25d4a,3,mdn,5,22
8492,cee38db4-d8fb-4876-affb-408d23f0c5fc,4,mdn,4,20
8493,9e679f83-7105-4a2c-b9d2-82964ea88b4f,5,ars,5,25
8494,d975480c-d90f-414e-a9e1-b1288c4fbd1c,5,ars,5,28
8495,ddd0d578-3230-498c-9471-c90132d0399a,5,ars,5,18
8496,7a0157cb-c6fc-4ec5-873e-fafdddf66174,5,ars,4,20
8497,3ad458ed-6069-4907-a71e-efda23c5abff,4,ars,5,28
8498,85c289f3-c492-4b55-91f1-25a199c58832,5,mfmw,5,25
8499,fcf4ee65-4267-4b08-bb3d-1860d83cb6e0,4,mf,5,29
8500,d057bbf9-c5fa-420a-9bb9-1f6322853d1c,4,ars,5,27
8501,7b2398e5-7c99-4ccd-aa73-5c987b82858f,3,mfars,4,19
8502,5c1e8c88-6c25-4e21-99e7-98f3140d754f,5,ars,5,22
8503,357bbbdb-8186-4709-a792-2b49f743fad2,5,mdn,3,18
8504,83cff052-3ad9-416d-b26e-4797eccc0f10,4,mdn,4,25
8505,7c7aeed7-f005-426d-aafd-368700609ba0,4,mdn,5,22
8506,0b5bc2f8-6b6b-4cd8-abdd-7c9350676492,3,ars,4,26
8507,1bfa930d-cf1c-479b-87e4-bae0f9073321,5,mf,5,23
8508,2b46b282-1df9-4423-9625-2c6743a25144,5,ars,4,25
8509,9054ffc8-9df3-4b73-a700-17b228a19cba,4,ars,5,29
8510,fe2ef5d1-e5b0-4c59-b553-8a14aa6485fd,4,mw,5,28
8511,ed2064be-7d40-4f59-9e7d-d7e7dd54b118,3,ars,5,28
8512,55284c4b-b914-4e5d-9551-79d8f5b4eb5d,4,ars,5,26
8513,ff4a3b75-5599-4d90-95f0-8a1bf29c5849,5,mw,5,27
8514,393c8d69-3a0e-414a-8b81-6b069e1d3432,3,mdn,5,19
8515,c1843817-41a0-4488-9c7a-5a537f4659b5,5,mdn,4,29
8516,0fe94c00-c05c-4d31-9f39-7d31012ea47a,5,mdn,5,24
8517,b166452a-784d-4789-941e-1c7b8b6229f6,5,mf,4,21
8518,3c24d078-c8f8-4f83-ab59-6d25c5b84bc2,5,mdn,5,30
8519,8aef2d51-8022-4436-a3a6-8c80ea4e0d91,5,mdn,4,29
8520,26321a8a-0e7d-451e-a0f3-787a7432d9cb,5,ars,5,28
8521,0a986dd7-a658-40a9-9d1b-d3074e036e35,4,ars,4,30
8522,558a3ec4-7fbc-40e7-9553-f8cff87516c7,5,mdn,5,29
8523,c1843817-41a0-4488-9c7a-5a537f4659b5,5,mdn,5,29
8524,19d5ec55-7543-48c4-8fbc-f01f5a9b2c95,5,mdn,5,26
8525,89659f75-6600-40be-8c14-322a5ae87e24,5,ars,4,23
8526,11cb3da8-b076-4554-b86b-ad619773b101,5,mf,5,27
8527,49e2e565-049d-4753-871a-2ec2587d386e,5,mw,5,30
8528,0d5f41b7-3ab8-478c-836a-767823fd4c82,3,mw,5,28
8529,7828cf51-b3a0-48db-8231-70513625208a,5,ars,4,18
8530,455e0529-272b-4550-95d5-a0bdb835ca9f,5,ars,4,23
8531,717bbe10-f11f-4197-820a-cc03420e2016,5,mdn,5,18
8532,91753f65-ede6-4be5-b7a7-9e8b4da7cc42,4,ars,3,21
8533,a76629f6-fe9d-4e32-a4ab-46b9faf116a0,3,mf,5,25
8534,64f2a8ab-33f5-42c6-9ba5-54e65b6b5af4,5,ars,4,30
8535,1de40c3b-877b-48c2-be67-4021b5459754,4,ars,3,22
8536,fcf4ee65-4267-4b08-bb3d-1860d83cb6e0,4,ars,5,29
8537,2f773992-bd33-499d-b4d8-9de663d61d09,5,mw,5,18
8538,37801059-5d8a-4bb8-ac44-c92f83dbfa3a,3,ars,5,19
8539,68808f5c-066f-4afa-b2fa-ae7abe1e6ba5,5,ars,5,19
8540,aafce93e-6e5f-46ad-b186-d642d5a456a1,5,mw,3,30
8541,26180c48-bfbb-4af5-b4ff-6a1aa15b9f84,5,ars,5,28
8542,5d11e9c3-db2d-42ce-a4b2-676294bcab5c,5,mf,5,24
8543,15500f87-5d38-4e31-b34d-fe209c3a5de4,4,mw,4,18
8544,b2120df0-7828-41fd-8a67-19bf1554d594,4,k,4,19
8545,86677349-04ed-425a-b521-0389359ed54e,5,ars,5,25
8546,e876c637-3708-402f-9fc3-ed2a59c697c9,4,ars,5,27
8547,8905a79c-4956-4918-b85f-f194e57c2e62,5,-,4,24
8548,4afd54fc-f5e7-41c3-beaf-b9b1270a218c,5,ars,5,28
8549,7c032388-80b3-48e9-be91-56bf32f69e9c,5,mf,4,29
8550,dfc7c753-24c4-4193-ae2b-2ee1af876a13,5,ars,5,30
8551,9798eef8-20b9-4df4-a0de-81ed2227b9bf,4,mw,5,24
8552,23f67700-5b2a-4ebb-a7a6-2b6bd78cea75,4,ars,4,21
8553,689f72f3-8a26-4eb9-abf2-c41108bc5bb6,5,mfars,4,23
8554,1699c2dd-b2b5-4756-bc87-a4b933c25c01,5,ars,5,29
8555,207a3175-fda0-43fb-8b30-c257bf055847,5,mdn,4,29
8556,f29b1b86-ab96-4876-889d-70b5955a01c7,5,ars,5,27
8557,fcf4ee65-4267-4b08-bb3d-1860d83cb6e0,4,ars,5,29
8558,2f586764-da78-499d-9a41-eafd03844e80,5,mw,5,29
8559,e8cf2675-3727-4525-970c-77eff23acff5,5,ars,5,22
8560,207a3175-fda0-43fb-8b30-c257bf055847,4,mdn,5,29
8561,11b7094b-b88a-4478-b067-09000dfe4062,4,mdn,5,25
8562,d5b84e64-0316-493b-9d2d-3d5a49490e9c,5,mdn,4,21
8563,88f20ee0-e749-487f-a908-12f8ab47142b,3,mdn,4,22
8564,e6167931-7dcd-40cb-a065-3804a08ae841,4,ars,5,30
8565,7c032388-80b3-48e9-be91-56bf32f69e9c,5,mf,5,29
8566,be4db01d-a7c7-4918-93df-7014dc077733,4,ars,5,22
8567,ed9b6e30-d898-4452-97e1-ccbcff4a27bb,4,mdn,5,18
8568,2e276933-00b1-44a5-93f7-8327f3fcca83,5,mdn,5,25
8569,11b7094b-b88a-4478-b067-09000dfe4062,4,tam,3,25
8570,0ee3780f-36f5-4ce7-af65-420a0d0b528c,5,ars,5,27
8571,cb05f3e4-515e-4567-9ec2-b3d043b9f1e4,5,mdn,5,22
8572,49e2e565-049d-4753-871a-2ec2587d386e,5,mdn,4,30
8573,11a3f0b6-30be-4055-bd52-045a04e860fe,5,mdn,4,25
8574,820fb470-45af-4458-a617-8ea1f9d8915d,5,mdn,5,30
8575,f63a1efa-33c6-40c7-8688-ef9d34466284,4,mf,4,24
8576,6e83b88a-84c4-4f8a-8fa9-9ff48e48fa49,4,ars,5,24
8577,b52aa66d-49b6-4823-b15d-19817ab072ab,4,mfarsmdn,3,24
8578,38ba55a0-96fe-4f04-af03-fe2a75bf9968,3,mdn,5,26
8579,65f9bddd-fe54-4b4a-b2fa-8104c5db89c0,4,mf,5,30
8580,68808f5c-066f-4afa-b2fa-ae7abe1e6ba5,5,mdn,4,19
8581,84d29b44-26c6-4b05-8a67-31831d35be32,5,mdn,4,28
8582,5805dec2-b9a9-4314-9e19-729737c7a6c6,4,ars,5,21
8583,455e0529-272b-4550-95d5-a0bdb835ca9f,5,mdn,5,23
8584,d1560a24-8c99-4ae8-85f9-c9bf80991ce4,5,mdn,5,26
8585,8c45b709-a6d6-49b8-b996-e76dc0934213,4,mdn,5,23
8586,ff9d3a2b-707a-4274-9447-421946699738,5,mw,5,25
8587,984f5641-df2b-40ba-83b2-61ba8eabc65c,5,mdn,5,24
8588,4073acaa-d216-4e04-8729-bfadada4d095,5,mfmw,4,20
8589,1699c2dd-b2b5-4756-bc87-a4b933c25c01,5,mw,5,29
8590,6975f225-5acc-48bb-a80d-6a3a5e442fae,5,ars,4,28
8591,f21916d7-d541-4ce8-a39b-d7f0276da589,4,ars,5,21
8592,1bbd002a-73c0-4f38-8e36-76560bba1f49,5,mdn,4,19
8593,cb05f3e4-515e-4567-9ec2-b3d043b9f1e4,5,mdn,5,22
8594,c44b54b6-297d-4d1f-a5cc-1fbf039d492b,5,mdn,5,27
8595,40ef5c66-cc76-49a6-851d-1b58fe2953d7,5,mf,4,29
8596,efee5412-be59-448d-9f6e-9a7dcf201113,5,mf,5,29
8597,dceebdb5-1a91-4fa6-8072-aaa827868eb3,4,mdn,4,26
8598,e7ec3fdb-639e-430f-978e-10c034fd3978,3,mw,5,21
8599,c34aed25-5a2c-400e-ba87-7168d634e3bd,4,mf,3,30
8600,58326bf0-4f33-4c16-b328-cc206f87d423,5,ars,3,28
8601,573f0cfc-29ec-4c96-b6fa-c4b9c5746ccf,5,k,3,28
8602,216de2aa-e0bf-41b4-92da-3ad50ab2af5e,4,mf,5,22
8603,b8711a0e-32ab-47db-aeb9-91be60b918a4,3,ars,3,18
8604,670e36fe-2b5e-4426-919b-889ef9ae7dc9,4,mf,4,26
8605,8d2d94c5-8114-4962-a74e-d3f9ce3f36f5,5,ars,5,18
8606,bd3c3d70-fe18-477c-bdc3-51c106bd41b5,4,ars,5,24
8607,b7ba5486-611f-4ead-9e37-51de7d6961bb,5,ars,5,30
8608,e0766991-32fc-4294-b1e2-a0dff52c64f2,5,mdn,5,23
8609,efee5412-be59-448d-9f6e-9a7dcf201113,4,mdn,4,29
8610,a59fa924-4733-471c-8754-f6595cd0e6f1,3,mdn,4,27
8611,3cd61aab-db88-4ef9-8be4-5f94ff9698e7,5,mdn,4,20
8612,5fb096ef-d891-4c20-aabc-80216c7d0ac6,5,ars,5,22
8613,1b06ccbe-4819-4c66-9629-77abef688416,4,mw,4,25
8614,e11ba41b-805a-4223-afa6-67c773666985,5,mf,5,30
8615,455e0529-272b-4550-95d5-a0bdb835ca9f,5,mdn,5,23
8616,eeebd242-3df2-464c-9aa3-cd5781da8039,5,ars,5,20
8617,afcb575e-c985-4e48-8663-6e73dd6dbe65,5,ars,4,29
8618,39acfef6-976a-4ca5-a481-e5d887907fad,5,mdn,4,19
8619,7a024b41-0a4e-41dd-ad47-121884fa8a11,5,-,5,23
8620,df68b52d-88f5-4b15-9731-39301acac35b,5,ars,5,24
8621,3957973a-682a-4959-b576-9a085c8a44ae,5,mdn,5,28
8622,ce6e85c5-f384-4d46-b67e-a4ca72252a0a,4,ars,5,30
8623,d99430cc-3810-4660-823f-02144b19ea3d,5,mdn,5,29
8624,606ef552-6427-489e-aec2-43a4a17643e2,5,mf,5,20
8625,6ec72b3a-0222-42ca-a3fe-bc17e019a32f,5,mdn,5,24
8626,e11ba41b-805a-4223-afa6-67c773666985,5,mdn,5,30
8627,68808f5c-066f-4afa-b2fa-ae7abe1e6ba5,4,mdn,4,19
8628,50fe2f3d-7fa4-43b4-b182-6ff9a0371dd4,4,mf,4,25
8629,8d2d94c5-8114-4962-a74e-d3f9ce3f36f5,5,ars,4,18
8630,0abe9114-4d57-4368-9b74-8ff8d5ab22cf,2,ars,5,18
8631,e42c716f-8970-4881-89c6-3db8a37ccd35,5,mdn,4,30
8632,22c4015e-dc9e-4d9e-b7f2-3a69fe57a3b8,5,ars,5,22
8633,9c190f0c-c070-4a52-946b-462086f30106,5,je,5,25
8634,273a109b-52b8-4925-8536-22ceb3b716dc,3,mfarsmdn,5,30
8635,e10e6103-9fa7-4a16-bfe4-f437f8ccfdbc,4,mf,5,19
8636,ceb7a529-86be-4dc4-b116-38797aabd2dd,5,ars,3,29
8637,59ad52ab-0325-4f71-bbf8-6d0eabc630ad,4,ars,4,30
8638,af8a0613-364e-42b4-903f-c2ea6ed41cea,5,mdn,5,26
8639,aafce93e-6e5f-46ad-b186-d642d5a456a1,5,ars,5,30
8640,eb5ab705-64b5-4824-80b1-748c0c01560b,5,ars,5,30
8641,7aaf2ee9-a6f9-4256-8f6b-742a0ee1ac2e,5,mdn,5,26
8642,73ae6177-466a-40ab-833a-67f5a7eedc79,4,mw,4,26
8643,e04076e5-3fab-4e6b-9f79-38c54336e47b,5,mdn,3,20
8644,7c900363-ac5f-43a0-ae64-d5bb23688d88,5,mf,3,27
8645,1d9c5351-1850-448d-a113-86faf797165f,5,ars,5,20
8646,11b7094b-b88a-4478-b067-09000dfe4062,5,ars,5,25
8647,28c21980-3720-4511-bec7-cc2e6275750a,4,je,4,28
8648,b8617d9b-d83b-4256-a87a-6edeaaedc6ba,3,ars,5,24
8649,d4024ed1-cddb-4e3c-aea5-6616191d699f,5,-,4,29
8650,daba59b7-3cb9-4533-b8a8-9e0562490dd2,5,mdn,4,23
8651,93cc8629-4757-4a91-acbe-cb586e385c66,4,mw,5,18
8652,cbaaf4cd-85c3-4140-9033-acedf90fa1cb,5,mf,5,22
8653,357bbbdb-8186-4709-a792-2b49f743fad2,5,ars,4,18
8654,6975f225-5acc-48bb-a80d-6a3a5e442fae,5,mf,5,28
8655,f5d4a203-e308-452c-86e4-9412e871f2e8,4,mw,5,19
8656,789b8d4b-a8d0-430d-9fd4-29d445b2f6f2,5,mdn,2,29
8657,573f0cfc-29ec-4c96-b6fa-c4b9c5746ccf,5,ars,5,28
8658,da0a8407-c3fa-42bc-bd2b-23e1c7cde8a9,5,je,4,30
8659,cee38db4-d8fb-4876-affb-408d23f0c5fc,4,mdn,5,20
8660,a4272ae2-4e7e-4252-a49a-10445c387bc6,5,mdn,5,29
8661,eb698920-996b-4bbd-b8a5-7414f307aa42,4,mdn,4,21
8662,747f065e-55d2-47c9-ab2b-c349fcbc001d,3,mf,5,23
8663,5d6539ff-441b-46cc-af23-5b77ff05230e,5,ars,4,25
8664,ebcfc29b-0f9a-4a12-88c4-66d907cc65c9,3,ars,5,18
8665,11b7094b-b88a-4478-b067-09000dfe4062,4,mdn,5,25
8666,eeebd242-3df2-464c-9aa3-cd5781da8039,5,mdn,5,20
8667,7428131a-f272-433f-b7ae-725af2ab628d,5,ars,5,29
8668,4073acaa-d216-4e04-8729-bfadada4d095,5,mdn,5,20
8669,b8711a0e-32ab-47db-aeb9-91be60b918a4,5,ars,4,18
8670,9054ffc8-9df3-4b73-a700-17b228a19cba,4,ars,5,29
8671,bd3c3d70-fe18-477c-bdc3-51c106bd41b5,4,mfmw,4,24
8672,342ea9ee-c313-48ec-9c3e-d11cc7614f54,4,tam,4,29
8673,a133b00f-54e3-42c5-87db-f89de83c6874,5,mdn,5,20
8674,d99430cc-3810-4660-823f-02144b19ea3d,5,mfmw,4,29
8675,fdf2851c-a685-4112-80fc-401747191dc3,5,ars,5,26
8676,6cfc3694-9d16-4d0e-be7d-e717b3e39ea9,5,mf,5,19
8677,a9c35b24-76a8-4b67-addd-81845fb390c7,5,je,5,29
8678,9b6d950a-d667-4f0b-ac67-0d810b2feff6,5,mf,3,22
8679,77a3f484-80a6-4184-b278-fc2ba7a9bc4d,5,ars,3,24
8680,b1d1a983-98bc-441f-96bf-b92fd2c78493,4,mf,5,26
8681,48aeea0c-cfef-4b4a-b94f-415455a9d7af,5,ars,5,20
8682,d8eb4bf2-57a4-4a6a-8865-4ce0bf2c9e12,5,ars,5,29
8683,18ef96e8-9a73-4678-8c6c-772ce127d7f9,4,mf,5,30
8684,d26cad8a-57db-41ec-9679-d73b30e718dc,5,mw,5,30
8685,b7ba5486-611f-4ead-9e37-51de7d6961bb,5,ars,5,30
8686,0e58e77d-a18e-44d2-9fb8-522685cc2b76,3,ars,5,21
8687,aac4a278-e82f-40cc-9662-861f6b2ac634,4,mdn,4,18
8688,c6843a46-7606-45f7-a642-7dfbe9bb61cf,3,mdn,5,28
8689,1fb37a6e-bfb4-48da-b71f-d813fb59ef1c,5,mfars,5,30
8690,5cd193d4-8ecf-4845-a463-61edf2b05ff3,4,ars,5,26
8691,e490e589-c757-4a79-9fb9-b96dc034c08b,5,mw,3,22
8692,a14d25d1-f7f8-4220-8946-96cf6b19cae9,5,ars,5,24
8693,b07938ae-0ab3-44a5-9009-465521064ed4,5,mdn,4,18
8694,fe2ef5d1-e5b0-4c59-b553-8a14aa6485fd,4,ars,4,28
8695,b8711a0e-32ab-47db-aeb9-91be60b918a4,5,mdn,5,18
8696,342ea9ee-c313-48ec-9c3e-d11cc7614f54,3,mfars,4,29
8697,2c867a72-877a-4cfb-8d18-01990c6c4846,4,mdn,4,19
8698,2384d785-bbf8-4c79-be46-5e56d3e5feee,5,mdn,3,19
8699,7c7aeed7-f005-426d-aafd-368700609ba0,4,mdn,4,22
8700,48a6d994-4f5b-468f-a96b-9ebe47e8e279,4,mdn,3,18
8701,6e83b88a-84c4-4f8a-8fa9-9ff48e48fa49,3,mdn,5,24
8702,a14d25d1-f7f8-4220-8946-96cf6b19cae9,4,k,5,24
8703,cbaaf4cd-85c3-4140-9033-acedf90fa1cb,5,ars,5,22
8704,ae0bc742-9002-4ac9-b183-a2041b84bc8b,4,ars,5,28
8705,6682a9bf-56ba-4596-8da7-14e90a00dcd4,3,ars,4,29
8706,24e8d7e7-70e0-47f0-835c-f03045861de5,5,ars,5,25
8707,c233c56b-6f1a-4f53-9f27-e39f5220f9d3,4,ars,4,26
8708,18ef96e8-9a73-4678-8c6c-772ce127d7f9,3,mdn,5,30
8709,e6574fcd-b5fd-40b8-b94a-e3fdf1c887b6,4,mf,4,24
8710,da0a8407-c3fa-42bc-bd2b-23e1c7cde8a9,5,mw,3,30
8711,3957973a-682a-4959-b576-9a085c8a44ae,4,mw,4,28
8712,3c24d078-c8f8-4f83-ab59-6d25c5b84bc2,5,ars,5,30
8713,ebcfc29b-0f9a-4a12-88c4-66d907cc65c9,4,mdn,4,18
8714,2eebf90c-68dc-4631-a827-b59638b7ad52,5,mdn,4,26
8715,7d446322-1542-4988-929c-6542663cfe0c,4,mw,5,19
8716,73ae6177-466a-40ab-833a-67f5a7eedc79,5,mdn,5,26
8717,3e262f96-1a3a-4620-a5cb-26350e9ead3e,5,mf,5,22
8718,a133b00f-54e3-42c5-87db-f89de83c6874,5,ars,5,20
8719,e6574fcd-b5fd-40b8-b94a-e3fdf1c887b6,4,ars,5,24
8720,6e65b841-848c-46e7-a8b3-15ca81055f6a,5,ars,4,26
8721,daba59b7-3cb9-4533-b8a8-9e0562490dd2,5,je,5,23
8722,44f5e566-7fef-484a-b881-c53d9249ae9b,4,mdn,4,28
8723,3418969d-5c13-46ee-8df0-794019e7a64f,5,mdn,5,30
8724,0d5f41b7-3ab8-478c-836a-767823fd4c82,5,mdn,5,28
8725,4c39b0b9-c9d0-45ac-b545-190c3da984fa,5,mdn,5,21
8726,1f4653ef-22c9-4df4-acae-3ce6dcf43075,5,mf,5,26
8727,1da45063-2dc1-41f2-88ea-7f61fe7f9a19,4,ars,5,25
8728,789055e5-3d0a-423a-bd82-c9fcfdf03bac,5,ars,5,30
8729,a04fce7c-b286-4d7c-a980-189ed10f7dcb,5,mdn,5,28
8730,53292fdb-b353-457a-8482-81bdab16d44f,5,ars,5,30
8731,1699c2dd-b2b5-4756-bc87-a4b933c25c01,3,mdn,4,29
8732,a59fa924-4733-471c-8754-f6595cd0e6f1,5,mdn,2,27
8733,606ef552-6427-489e-aec2-43a4a17643e2,4,mdn,4,20
8734,37725a9e-f7e1-4803-ad03-e9be32e186d4,4,ars,5,20
8735,cee38db4-d8fb-4876-affb-408d23f0c5fc,4,mdn,5,20
8736,651aa3c1-3bba-4b30-9471-e0f7857900f7,5,ars,5,29
8737,663c3978-6013-4a55-9a58-5d538e435021,5,mf,5,25
8738,53204bad-4011-4a1a-b4d1-cee62543e32e,5,mdn,5,20
8739,6f9ed042-aee1-4527-9335-284bb7d27521,4,ars,5,29
8740,38ba55a0-96fe-4f04-af03-fe2a75bf9968,5,ars,5,26
8741,1da45063-2dc1-41f2-88ea-7f61fe7f9a19,5,mf,5,25
8742,f064f333-666c-499f-bfcb-b71607e60de7,4,mf,5,30
8743,9e679f83-7105-4a2c-b9d2-82964ea88b4f,4,ars,4,25
8744,6e1d86b6-1249-4c44-a984-f1ea046d19b8,4,-,5,19
8745,c81c0d30-be22-4d14-a328-3760bfd5e023,3,mdn,4,20
8746,9b6d950a-d667-4f0b-ac67-0d810b2feff6,5,ars,5,22
8747,dd17fd3c-6723-465c-8b53-ce5998b51003,5,mdn,5,20
8748,357a2790-e856-4dd3-a0f5-8f6e14d0267f,4,ars,4,26
8749,d056ef76-a2d5-4e81-9a82-0a5190a878e8,5,mdn,4,28
8750,28c21980-3720-4511-bec7-cc2e6275750a,5,mdn,5,28
8751,1d9c5351-1850-448d-a113-86faf797165f,4,mdn,5,20
8752,8905a79c-4956-4918-b85f-f194e57c2e62,3,ars,4,24
8753,9c190f0c-c070-4a52-946b-462086f30106,5,mdn,4,25
8754,5fab557d-756e-44e7-8f28-2896570692b2,5,mw,5,30
8755,90f03727-0a86-4f64-8828-9b8d6d2a0650,4,j,5,28
8756,8e3026d2-a977-4221-a6cc-c30fd3590962,5,ars,4,30
8757,73b6df25-7321-4250-8a5d-2d58573b14ec,4,mfars,4,24
8758,8905a79c-4956-4918-b85f-f194e57c2e62,4,mdn,5,24
8759,5fab557d-756e-44e7-8f28-2896570692b2,5,ars,5,30
8760,cb05f3e4-515e-4567-9ec2-b3d043b9f1e4,4,mw,5,22
8761,ab3fe741-a432-4b93-97e7-ca7f86b14d56,4,mdn,3,21
8762,de26149b-380f-42c9-bdc1-a8584f2c5233,5,ars,5,29
8763,44ca9a06-8b5d-42d1-a313-dfee18559727,3,mdn,5,28
8764,e10e6103-9fa7-4a16-bfe4-f437f8ccfdbc,5,mf,5,19
8765,493c0fa8-bb96-4b13-b9fb-93abb37b65e7,5,k,5,29
8766,8e3026d2-a977-4221-a6cc-c30fd3590962,5,ars,5,30
8767,a5a4ee5b-8385-4dfb-9185-a1deb1531cdb,4,tam,5,28
8768,cbce132e-cb8f-4aac-a1c1-a776704aebef,5,k,5,27
8769,cae3f7d3-ef38-44cd-99ae-c2606063e41f,5,mw,5,22
8770,9fdd2e9f-bbb9-4c36-ad62-91b8914dd0ea,5,mdn,4,25
8771,f9c4d67a-8176-4831-b098-8d866ed2dd52,5,ars,5,20
8772,d9196f86-a4c4-48aa-89e6-1f61947b8201,5,ars,5,24
8773,927c3ada-c329-468f-8b53-036feb07b813,5,ars,5,21
8774,4073acaa-d216-4e04-8729-bfadada4d095,5,mw,5,20
8775,6975f225-5acc-48bb-a80d-6a3a5e442fae,4,mf,5,28
8776,9ac75f91-4f73-4df0-bb20-b7de3069baee,4,mdn,5,25
8777,11cb3da8-b076-4554-b86b-ad619773b101,4,mw,5,27
8778,d056ef76-a2d5-4e81-9a82-0a5190a878e8,3,ars,5,28
8779,acf94512-66a4-418e-98d7-dfc6c4691d80,4,mdn,4,24
8780,68808f5c-066f-4afa-b2fa-ae7abe1e6ba5,5,mw,5,19
8781,d1953b54-615a-4056-af44-817e8a0c4b40,4,ars,4,20
8782,ec3f623a-65f2-4b0d-937b-d0d1c4325976,5,mdn,5,30
8783,93cc8629-4757-4a91-acbe-cb586e385c66,5,ars,4,18
8784,6682a9bf-56ba-4596-8da7-14e90a00dcd4,3,mdn,5,29
8785,e11ba41b-805a-4223-afa6-67c773666985,4,mdn,4,30
8786,663c3978-6013-4a55-9a58-5d538e435021,5,ars,4,25
8787,8c8342e9-a790-4117-b607-5415d372b7f6,5,mdn,5,29
8788,40c6a39c-67fc-4202-b18e-ef0e0185bdd3,3,ars,4,23
8789,1bbd002a-73c0-4f38-8e36-76560bba1f49,5,mdn,5,19
8790,af8a0613-364e-42b4-903f-c2ea6ed41cea,5,j,4,26
8791,2a205037-8c86-4372-a92d-d81ee9b38025,4,mdn,5,21
8792,a8272db8-0e9f-4372-a757-661bd02f9051,5,mdn,5,26
8793,d8eb4bf2-57a4-4a6a-8865-4ce0bf2c9e12,4,ars,5,29
8794,d056ef76-a2d5-4e81-9a82-0a5190a878e8,5,mdn,4,28
8795,4ff66c05-68eb-4bc1-9ed7-4ca15066eb3c,5,ars,5,20
8796,daba59b7-3cb9-4533-b8a8-9e0562490dd2,5,fg,3,23
8797,ae0bc742-9002-4ac9-b183-a2041b84bc8b,5,mf,5,28
8798,da0a8407-c3fa-42bc-bd2b-23e1c7cde8a9,5,ars,4,30
8799,7c900363-ac5f-43a0-ae64-d5bb23688d88,5,ars,5,27
8800,a2509b39-af24-4703-842f-27c2dcd12475,4,mdn,5,29
8801,606ef552-6427-489e-aec2-43a4a17643e2,5,ars,5,20
8802,b2120df0-7828-41fd-8a67-19bf1554d594,5,ars,5,19
8803,16b89a6a-1ce4-4a2d-b19e-8d37bc7c7c5e,4,ars,5,21
8804,1fb37a6e-bfb4-48da-b71f-d813fb59ef1c,5,mfars,5,30
8805,39acfef6-976a-4ca5-a481-e5d887907fad,5,tam,4,19
8806,51c428b4-c4a7-4da8-86e1-1fa640026086,5,ars,5,28
8807,e18562d7-a549-49e1-ade6-2373fed3787d,3,fg,3,22
8808,ac1781e0-796b-4d94-a324-680e348fe2cb,5,mdn,4,22
8809,e490e589-c757-4a79-9fb9-b96dc034c08b,5,ars,4,22
8810,67313ce6-34e5-492a-ab7b-4e50acceb029,5,mdn,5,28
8811,ede1c719-13be-432a-958d-e5e220f7b972,3,mdn,5,21
8812,375b7df7-16cd-4376-965f-52dc0c4f3eb3,4,ars,5,23
8813,d6d28a99-70f3-4053-961c-029e34621e96,5,mdn,3,21
8814,1fb37a6e-bfb4-48da-b71f-d813fb59ef1c,5,k,5,30
8815,8aef2d51-8022-4436-a3a6-8c80ea4e0d91,5,ars,5,29
8816,5febecf8-2d9f-471b-9303-cd8dd0f658af,5,mf,4,28
8817,bd3c3d70-fe18-477c-bdc3-51c106bd41b5,5,mdn,5,24
8818,93515f8d-d789-46de-bb36-728e6b16625a,4,mdn,5,20
8819,9798eef8-20b9-4df4-a0de-81ed2227b9bf,5,ars,4,24
8820,e59739bb-d66f-479b-92f8-1a526fb5a428,5,ars,3,22
8821,ce6e85c5-f384-4d46-b67e-a4ca72252a0a,5,ars,5,30
8822,d26cad8a-57db-41ec-9679-d73b30e718dc,4,ars,5,30
8823,ad7840ca-5f92-40dd-963a-5f8460b3a9dd,5,ars,5,18
8824,7f337d29-cfd2-4a03-bbb9-ec6196e1d34d,5,mf,4,30
8825,a50dc3c0-5a19-4025-83eb-5812671c9480,5,mf,4,20
8826,bf94eb8d-5d4f-43d3-9528-ff5ef9009951,4,mdn,5,24
8827,49e2e565-049d-4753-871a-2ec2587d386e,5,ars,5,30
8828,e9877472-82b1-472c-8e62-929561e5e2e7,4,mfarsmdn,4,30
8829,f1242db3-e5af-4813-a6f1-4c9e531776bd,5,ars,5,20
8830,2a205037-8c86-4372-a92d-d81ee9b38025,4,ars,4,21
8831,9054ffc8-9df3-4b73-a700-17b228a19cba,4,mf,5,29
8832,e7cb74f4-ab7a-4555-90a9-a9f5ecb3f9b6,5,mdn,5,28
8833,573f0cfc-29ec-4c96-b6fa-c4b9c5746ccf,3,mf,5,28
8834,0b5bc2f8-6b6b-4cd8-abdd-7c9350676492,5,k,4,26
8835,c1843817-41a0-4488-9c7a-5a537f4659b5,5,ars,3,29
8836,86677349-04ed-425a-b521-0389359ed54e,4,mw,5,25
8837,a2509b39-af24-4703-842f-27c2dcd12475,5,mf,5,29
8838,0bb3ee6a-85cc-4eb3-b648-e8c08e1364db,5,ars,5,24
8839,663c3978-6013-4a55-9a58-5d538e435021,5,mdn,3,25
8840,220cc7c6-0cef-413b-af2a-ec2208ceac65,5,mdn,5,20
8841,3ebec66e-6765-4b6b-a97a-c0eb8314e327,5,ars,5,20
8842,0fe94c00-c05c-4d31-9f39-7d31012ea47a,5,mdn,5,24
8843,20d213ef-76bf-41bb-bc87-9ffcfa2127bc,5,ars,4,26
8844,88c6509b-cbe2-47c6-ad02-97c92e300c48,5,mf,4,30
8845,73ae6177-466a-40ab-833a-67f5a7eedc79,3,mdn,5,26
8846,4f727795-2eba-42fd-97a6-dd7a8a15282b,5,k,4,19
8847,39acfef6-976a-4ca5-a481-e5d887907fad,5,mf,5,19
8848,b5ed5b65-c1bf-4b2f-b650-e60a5139f1bc,5,ars,4,20
8849,eb5ab705-64b5-4824-80b1-748c0c01560b,4,mw,4,30
8850,a50dc3c0-5a19-4025-83eb-5812671c9480,5,mdn,4,20
8851,eeebd242-3df2-464c-9aa3-cd5781da8039,5,mdn,5,20
8852,11cb3da8-b076-4554-b86b-ad619773b101,5,ars,5,27
8853,a14d25d1-f7f8-4220-8946-96cf6b19cae9,5,ars,5,24
8854,d057bbf9-c5fa-420a-9bb9-1f6322853d1c,3,mdn,4,27
8855,fefb10d9-4247-4d30-b89d-9efd8c703bf1,4,mf,4,23
8856,c44b54b6-297d-4d1f-a5cc-1fbf039d492b,5,mw,5,27
8857,792a10ac-a9bb-45ce-af93-7a2619ef61fe,5,je,4,30
8858,44f5e566-7fef-484a-b881-c53d9249ae9b,5,ars,5,28
8859,ae40a3a5-e900-4cbc-8955-280bd7529d92,5,ars,4,21
8860,37ff7521-e05d-4635-8d59-e3c6f852d77d,5,mf,5,23
8861,455e0529-272b-4550-95d5-a0bdb835ca9f,3,ars,4,23
8862,a997b75b-15b5-4973-bd5c-0372fd8cb344,5,ars,5,22
8863,f4470d04-89ee-4c8e-99d8-4ed12535524b,5,ars,5,23
8864,3957973a-682a-4959-b576-9a085c8a44ae,5,mdn,4,28
8865,6be004f0-b701-4daa-b7e2-312b56f97129,5,mdn,5,23
8866,e6167931-7dcd-40cb-a065-3804a08ae841,5,mdn,4,30
8867,ef4ca2ea-04a0-43cb-b257-87ad0f4d14b0,4,mf,5,29
8868,c3199038-0991-484e-bfee-899557351e13,5,mf,3,25
8869,1699c2dd-b2b5-4756-bc87-a4b933c25c01,5,j,5,29
8870,d057bbf9-c5fa-420a-9bb9-1f6322853d1c,5,mdn,4,27
8871,bd3fa596-ba3b-4756-90a8-164d551c2b98,5,mdn,4,19
8872,e42c716f-8970-4881-89c6-3db8a37ccd35,5,ars,3,30
8873,40ef5c66-cc76-49a6-851d-1b58fe2953d7,5,mdn,5,29
8874,0b5bc2f8-6b6b-4cd8-abdd-7c9350676492,3,mw,4,26
8875,aac4a278-e82f-40cc-9662-861f6b2ac634,5,mdn,4,18
8876,8d2d94c5-8114-4962-a74e-d3f9ce3f36f5,5,mdn,4,18
8877,aafce93e-6e5f-46ad-b186-d642d5a456a1,4,mdn,5,30
8878,ff9d3a2b-707a-4274-9447-421946699738,5,ars,5,25
8879,651aa3c1-3bba-4b30-9471-e0f7857900f7,5,mdn,4,29
8880,a9bdcbf6-4345-477c-a7a8-a7a09b29bd64,5,k,4,19
8881,5febecf8-2d9f-471b-9303-cd8dd0f658af,5,mdn,3,28
8882,abeb14a7-d8db-429f-9acc-79ef8cdf9a02,4,mf,5,23
8883,573f0cfc-29ec-4c96-b6fa-c4b9c5746ccf,5,mdn,5,28
8884,375b7df7-16cd-4376-965f-52dc0c4f3eb3,4,ars,5,23
8885,f05a9269-3068-486a-b87d-fda9d757275c,4,je,5,28
8886,1b06ccbe-4819-4c66-9629-77abef688416,4,mdn,4,25
8887,a2509b39-af24-4703-842f-27c2dcd12475,4,mw,5,29
8888,1e22ce44-7a97-4f75-b7f5-d47bd96a8342,4,mdn,5,22
8889,5fab557d-756e-44e7-8f28-2896570692b2,5,mdn,5,30
8890,64f2a8ab-33f5-42c6-9ba5-54e65b6b5af4,5,ars,5,30
8891,18ef96e8-9a73-4678-8c6c-772ce127d7f9,5,ars,5,30
8892,5cb0e54b-ec8d-46d8-8d81-eaa3e0687114,5,ars,4,18
8893,357bbbdb-8186-4709-a792-2b49f743fad2,4,ars,5,18
8894,5e6e310e-6abc-4e1a-b8e6-75b0a5b991b2,5,k,4,28
8895,7aaf2ee9-a6f9-4256-8f6b-742a0ee1ac2e,3,ars,2,26
8896,9fd059e2-db33-4855-9374-7ccccc82e66e,5,mdn,5,22
8897,8f526ed2-d369-4494-ac76-83d6b718337f,4,mdn,5,21
8898,38ba55a0-96fe-4f04-af03-fe2a75bf9968,3,ars,5,26
8899,6682a9bf-56ba-4596-8da7-14e90a00dcd4,3,mf,5,29
8900,d2def5be-4ed5-4735-ba73-d6a360f58a69,5,mdn,4,25
8901,0b187bd8-2c9e-4c1a-ad95-1ac60fa3f39d,4,mdn,5,20
8902,ed9b6e30-d898-4452-97e1-ccbcff4a27bb,5,mw,5,18
8903,cbce132e-cb8f-4aac-a1c1-a776704aebef,5,ars,4,27
8904,ac1781e0-796b-4d94-a324-680e348fe2cb,5,mdn,3,22
8905,40ef5c66-cc76-49a6-851d-1b58fe2953d7,5,mw,4,29
8906,3e262f96-1a3a-4620-a5cb-26350e9ead3e,5,ars,5,22
8907,7b2398e5-7c99-4ccd-aa73-5c987b82858f,4,ars,4,19
8908,cbce132e-cb8f-4aac-a1c1-a776704aebef,5,ars,5,27
8909,5e454df6-a68f-4b76-b06a-f576ed27a11e,5,mdn,4,22
8910,ae0bc742-9002-4ac9-b183-a2041b84bc8b,5,mdn,3,28
8911,5ea1e29a-d64c-4b9b-bf02-d7bb6e8b1156,3,mdn,4,29
8912,9a61b41c-a3e3-4ee1-b5d0-fd87681fe92a,4,ars,4,21
8913,d26cad8a-57db-41ec-9679-d73b30e718dc,5,ars,3,30
8914,d4024ed1-cddb-4e3c-aea5-6616191d699f,3,ars,5,29
8915,9798eef8-20b9-4df4-a0de-81ed2227b9bf,5,mdn,5,24
8916,aafce93e-6e5f-46ad-b186-d642d5a456a1,4,mdn,4,30
8917,cbce132e-cb8f-4aac-a1c1-a776704aebef,4,mf,5,27
8918,16b89a6a-1ce4-4a2d-b19e-8d37bc7c7c5e,5,mf,5,21
8919,cae3f7d3-ef38-44cd-99ae-c2606063e41f,5,ars,4,22
8920,747f065e-55d2-47c9-ab2b-c349fcbc001d,3,ars,4,23
8921,ef4ca2ea-04a0-43cb-b257-87ad0f4d14b0,5,ars,4,29
8922,7828cf51-b3a0-48db-8231-70513625208a,4,mdn,5,18
8923,41ae8e3f-715e-4fe0-aa5f-75aca345731c,5,mdn,4,28
8924,6e65b841-848c-46e7-a8b3-15ca81055f6a,3,mdn,5,26
8925,60a29855-f1ba-4d16-a0e5-45fdc18d8780,3,mdn,5,28
8926,b661cc43-3695-4a39-b0dc-21164ec6e199,3,mf,5,20
8927,9ffb6093-07ab-4c59-8f50-d7b38b640c04,4,mdn,5,29
8928,d6d28a99-70f3-4053-961c-029e34621e96,4,mdn,5,21
8929,3418969d-5c13-46ee-8df0-794019e7a64f,3,mdn,5,30
8930,5cf62f0f-9b68-4dd7-9dd1-78727e147558,5,ars,5,19
8931,f2359723-11a9-4415-8278-4adb624d9e6b,5,ars,5,29
8932,483a2cf3-98f9-456d-81d9-022710423c23,5,ars,4,24
8933,202f45d7-fcef-4cc2-8278-6cd8e89d01cd,5,mdn,4,19
8934,67313ce6-34e5-492a-ab7b-4e50acceb029,5,ars,5,28
8935,50bc13c3-0c72-4cab-a0af-b1569c6608e6,5,mf,5,30
8936,83cff052-3ad9-416d-b26e-4797eccc0f10,3,ars,3,25
8937,3d110c2c-e912-45ac-b49c-d55781dd00dd,5,mw,5,26
8938,fefb10d9-4247-4d30-b89d-9efd8c703bf1,5,mf,5,23
8939,f9c4d67a-8176-4831-b098-8d866ed2dd52,4,mdn,3,20
8940,8c8342e9-a790-4117-b607-5415d372b7f6,5,mf,5,29
8941,cdb366d6-e302-45aa-b61c-6bb4bd827c4f,5,mdn,5,22
8942,f10cf3ff-f51e-442d-bee4-d1c0099c264c,4,mdn,4,29
8943,e469cc62-5dfe-42a1-be57-e686c98e01c6,5,mdn,5,25
8944,1fb37a6e-bfb4-48da-b71f-d813fb59ef1c,5,mdn,5,30
8945,50bc13c3-0c72-4cab-a0af-b1569c6608e6,5,mdn,5,30
8946,53204bad-4011-4a1a-b4d1-cee62543e32e,5,mf,5,20
8947,d99430cc-3810-4660-823f-02144b19ea3d,5,ars,5,29
8948,4073acaa-d216-4e04-8729-bfadada4d095,5,mw,4,20
8949,1b8f176a-44b5-4b9f-b3aa-7fd66e2c5697,3,mf,3,20
8950,e11ba41b-805a-4223-afa6-67c773666985,4,ars,5,30
8951,2f773992-bd33-499d-b4d8-9de663d61d09,5,mfars,5,18
8952,0d81df22-243d-48a5-829e-9b4954d5cd5b,5,je,3,20
8953,1de40c3b-877b-48c2-be67-4021b5459754,4,mdn,4,22
8954,d1560a24-8c99-4ae8-85f9-c9bf80991ce4,3,mfars,5,26
8955,dda13a7f-e01e-4084-b353-9a7870744ff1,5,mdn,4,26
8956,4e5e83e4-af3a-4513-ae2d-281f7991fdb7,5,mdn,5,25
8957,c44794ff-60de-42e8-9ac1-d221a8ab29c0,5,ars,4,30
8958,44ca9a06-8b5d-42d1-a313-dfee18559727,5,mf,5,28
8959,c393b545-0428-4a31-927b-e603aa307049,4,mf,5,18
8960,207a3175-fda0-43fb-8b30-c257bf055847,5,je,5,29
8961,2f586764-da78-499d-9a41-eafd03844e80,5,mdn,5,29
8962,d5b84e64-0316-493b-9d2d-3d5a49490e9c,5,mdn,3,21
8963,20d213ef-76bf-41bb-bc87-9ffcfa2127bc,5,ars,4,26
8964,de26149b-380f-42c9-bdc1-a8584f2c5233,5,ars,3,29
8965,f59c8c41-7c50-4929-a64d-49cf2e587423,4,ars,4,24
8966,c7bf0ed5-820e-4544-920d-c50b944dec2c,5,mdn,5,26
8967,e18562d7-a549-49e1-ade6-2373fed3787d,5,ars,5,22
8968,f6079976-5f69-482b-8b84-179dd5524bfa,4,mf,5,28
8969,483a2cf3-98f9-456d-81d9-022710423c23,5,mdn,3,24
8970,dfc7c753-24c4-4193-ae2b-2ee1af876a13,4,mdn,5,30
8971,b201d5cd-6e38-4c63-8347-e1dbd89720e9,5,ars,5,24
8972,4ff66c05-68eb-4bc1-9ed7-4ca15066eb3c,5,ars,5,20
8973,38f9af29-497a-49e7-b561-797d2a207cf0,3,ars,4,30
8974,5ef1e3ae-45e5-41e7-956b-4cef7dcf95b5,5,ars,5,21
8975,fdf2851c-a685-4112-80fc-401747191dc3,5,mf,4,26
8976,3c24d078-c8f8-4f83-ab59-6d25c5b84bc2,5,ars,5,30
8977,3ad458ed-6069-4907-a71e-efda23c5abff,4,ars,4,28
8978,3225e9ea-e884-40bd-a656-818e699d86ec,5,k,5,25
8979,c44b54b6-297d-4d1f-a5cc-1fbf039d492b,5,ars,5,27
8980,a9c35b24-76a8-4b67-addd-81845fb390c7,3,mdn,4,29
8981,8c45b709-a6d6-49b8-b996-e76dc0934213,5,mdn,5,23
8982,5e6e310e-6abc-4e1a-b8e6-75b0a5b991b2,3,mdn,4,28
8983,77a3f484-80a6-4184-b278-fc2ba7a9bc4d,5,mdn,5,24
8984,6e1d86b6-1249-4c44-a984-f1ea046d19b8,5,mdn,5,19
8985,207a3175-fda0-43fb-8b30-c257bf055847,5,mf,3,29
8986,ca5c06a4-b01e-4e89-b6e0-507d13da74e9,5,mdn,5,27
8987,7a0157cb-c6fc-4ec5-873e-fafdddf66174,4,ars,4,20
8988,38f9af29-497a-49e7-b561-797d2a207cf0,5,mfars,5,30
8989,5d6539ff-441b-46cc-af23-5b77ff05230e,4,ars,5,25
8990,e62e4b0c-e929-48f4-ad21-f172df57e747,5,mdn,5,23
8991,2e276933-00b1-44a5-93f7-8327f3fcca83,5,mw,4,25
8992,80b41e1b-5190-447f-b409-c16b01162cf0,5,mdn,4,22
8993,de511cef-1fc8-493b-bb99-d9ba30a042c9,4,mdn,3,28
8994,dbf069ee-b1dd-4b75-8b6e-73734ec2cb48,5,mf,5,21
8995,14d84dec-8ae5-46d1-aebd-b3aa52f097ff,4,mf,5,30
8996,50bc13c3-0c72-4cab-a0af-b1569c6608e6,5,ars,5,30
8997,de511cef-1fc8-493b-bb99-d9ba30a042c9,5,mw,5,28
8998,18d72f16-5e3b-4cdd-ac63-6847f84789e2,3,mfars,5,25
8999,41c2499e-4649-4cd4-8476-d435c6166c58,5,mf,4,22
9000,3aa83f6f-e363-4f12-9770-8902a51fbfbc,5,mw,4,27
9001,f0d0484f-f159-4fe0-8ed4-45dd77bc7cff,5,mdn,3,22
9002,88c6509b-cbe2-47c6-ad02-97c92e300c48,4,ars,3,30
9003,7b2398e5-7c99-4ccd-aa73-5c987b82858f,4,ars,3,19
9004,2b7f0ba7-166f-43e5-9c60-056b72b479a4,4,mf,5,27
9005,4e5e83e4-af3a-4513-ae2d-281f7991fdb7,5,mdn,5,25
9006,dceebdb5-1a91-4fa6-8072-aaa827868eb3,5,mfarsmdn,3,26
9007,0d5f41b7-3ab8-478c-836a-767823fd4c82,5,ars,5,28
9008,67313ce6-34e5-492a-ab7b-4e50acceb029,5,mf,3,28
9009,26321a8a-0e7d-451e-a0f3-787a7432d9cb,5,mf,5,28
9010,5d674651-5ef2-4f04-b0fd-1cb744d92488,5,ars,5,18
9011,40c6a39c-67fc-4202-b18e-ef0e0185bdd3,5,ars,5,23
9012,c34aed25-5a2c-400e-ba87-7168d634e3bd,5,mdn,2,30
9013,8633ed8f-31e9-45be-8c95-1a50d1658229,4,mdn,4,27
9014,c44794ff-60de-42e8-9ac1-d221a8ab29c0,5,ars,5,30
9015,483a2cf3-98f9-456d-81d9-022710423c23,5,ars,5,24
9016,dab9d52e-ee1a-4508-a4d6-5dd373bb25f6,3,ars,5,19
9017,ab9d4c1f-1773-4f12-88e1-ecd78f51e309,5,mw,4,30
9018,da0a8407-c3fa-42bc-bd2b-23e1c7cde8a9,5,mw,5,30
9019,f443f8f7-c1f8-4b45-a91c-5a994f4c0ef6,4,mf,5,20
9020,1cb0d1bf-328c-48fc-ba36-d238bcf1b7f6,3,mf,5,22
9021,d1f141a2-1152-4522-ac13-eb572de63737,4,mdn,5,23
9022,ab9d4c1f-1773-4f12-88e1-ecd78f51e309,5,mdn,3,30
9023,ff4a3b75-5599-4d90-95f0-8a1bf29c5849,5,mdn,5,27
9024,5e454df6-a68f-4b76-b06a-f576ed27a11e,5,ars,5,22
9025,f4470d04-89ee-4c8e-99d8-4ed12535524b,4,mf,5,23
9026,0b5bc2f8-6b6b-4cd8-abdd-7c9350676492,4,mdn,5,26
9027,d59a405f-f8b3-49e9-9ac2-88dc3e6a1e53,4,ars,4,23
9028,d2def5be-4ed5-4735-ba73-d6a360f58a69,3,mw,4,25
9029,1d9c5351-1850-448d-a113-86faf797165f,4,ars,5,20
9030,d1560a24-8c99-4ae8-85f9-c9bf80991ce4,4,je,5,26
9031,8905a79c-4956-4918-b85f-f194e57c2e62,5,mdn,5,24
9032,a93b4520-48eb-4201-afbf-b8d72d7eb56a,5,ars,5,28
9033,2b7f0ba7-166f-43e5-9c60-056b72b479a4,5,mdn,5,27
9034,ad7840ca-5f92-40dd-963a-5f8460b3a9dd,4,mfars,3,18
9035,22c4015e-dc9e-4d9e-b7f2-3a69fe57a3b8,5,mdn,5,22
9036,2d289025-ff1e-4ba7-a201-6b6053e593e8,5,ars,3,21
9037,a76629f6-fe9d-4e32-a4ab-46b9faf116a0,5,ars,3,25
9038,23205395-678b-4b55-a150-3fc8227c3a18,5,mw,4,29
9039,a07d4949-be64-47ce-b0d2-c4b3e775404e,3,mdn,4,24
9040,88c6509b-cbe2-47c6-ad02-97c92e300c48,5,mdn,4,30
9041,61dbc7bb-5997-4446-a7eb-5b0cd4ea98db,4,mdn,5,24
9042,2b7f0ba7-166f-43e5-9c60-056b72b479a4,5,ars,5,27
9043,752ccf1a-c3a9-463a-af5a-ee8a0815ddad,5,mdn,5,18
9044,342ea9ee-c313-48ec-9c3e-d11cc7614f54,4,ars,5,29
9045,24f641eb-913a-4416-84af-07ec8721940e,5,ars,4,20
9046,0aa927af-2e14-47b5-bb75-c1c700b13262,3,ars,5,25
9047,0e97a2f7-f21a-4142-b564-eac1d55150cb,5,mdn,5,28
9048,a8272db8-0e9f-4372-a757-661bd02f9051,5,mdn,5,26
9049,5ef1e3ae-45e5-41e7-956b-4cef7dcf95b5,4,mdn,5,21
9050,9edfb2eb-d613-48d3-bce6-bc81bffc2ac7,5,mdn,4,25
9051,e490e589-c757-4a79-9fb9-b96dc034c08b,5,ars,5,22
9052,b8b1fa86-8f82-4898-a242-72dfdcfc0b75,3,ars,3,25
9053,6e1d86b6-1249-4c44-a984-f1ea046d19b8,5,ars,5,19
9054,14d84dec-8ae5-46d1-aebd-b3aa52f097ff,4,ars,5,30
9055,0e58e77d-a18e-44d2-9fb8-522685cc2b76,4,ars,5,21
9056,23205395-678b-4b55-a150-3fc8227c3a18,5,mdn,4,29
9057,11a3f0b6-30be-4055-bd52-045a04e860fe,3,ars,5,25
9058,c393b545-0428-4a31-927b-e603aa307049,5,mdn,4,18
9059,ddd0d578-3230-498c-9471-c90132d0399a,4,ars,5,18
9060,50fe2f3d-7fa4-43b4-b182-6ff9a0371dd4,5,ars,4,25
9061,e835a550-12b8-48aa-84a8-7fc1c8b1e775,4,ars,5,18
9062,2384d785-bbf8-4c79-be46-5e56d3e5feee,5,ars,4,19
9063,61dbc7bb-5997-4446-a7eb-5b0cd4ea98db,5,ars,5,24
9064,7428131a-f272-433f-b7ae-725af2ab628d,4,mdn,3,29
9065,4cab344d-1770-4c38-a71f-6d51e8f3b5cc,3,mdn,4,18
9066,8c8342e9-a790-4117-b607-5415d372b7f6,5,mdn,4,29
9067,e835a550-12b8-48aa-84a8-7fc1c8b1e775,5,mdn,5,18
9068,207a3175-fda0-43fb-8b30-c257bf055847,4,ars,5,29
9069,8c45b709-a6d6-49b8-b996-e76dc0934213,4,mdn,4,23
9070,0ee3780f-36f5-4ce7-af65-420a0d0b528c,4,ars,4,27
9071,bd3fa596-ba3b-4756-90a8-164d551c2b98,5,mdn,5,19
9072,3e262f96-1a3a-4620-a5cb-26350e9ead3e,4,mf,5,22
9073,ab9d4c1f-1773-4f12-88e1-ecd78f51e309,3,ars,5,30
9074,3c24d078-c8f8-4f83-ab59-6d25c5b84bc2,5,ars,5,30
9075,6682a9bf-56ba-4596-8da7-14e90a00dcd4,5,mdn,5,29
9076,50bc13c3-0c72-4cab-a0af-b1569c6608e6,5,mf,5,30
9077,ef4ca2ea-04a0-43cb-b257-87ad0f4d14b0,3,ars,5,29
9078,651aa3c1-3bba-4b30-9471-e0f7857900f7,3,mf,5,29
9079,26321a8a-0e7d-451e-a0f3-787a7432d9cb,5,mw,5,28
9080,11cb3da8-b076-4554-b86b-ad619773b101,5,mdn,4,27
9081,a59fa924-4733-471c-8754-f6595cd0e6f1,5,mdn,5,27
9082,b94abf88-995e-47ac-9dae-0fc713c19fd9,4,mdn,5,27
9083,c6843a46-7606-45f7-a642-7dfbe9bb61cf,5,fg,5,28
9084,96491651-a46d-4fae-84ea-64c3c00a3071,4,mdn,4,19
9085,927c3ada-c329-468f-8b53-036feb07b813,5,ars,5,21
9086,dda13a7f-e01e-4084-b353-9a7870744ff1,5,ars,5,26
9087,9dafb395-690f-4613-9aed-1761724d82c8,5,ars,4,22
9088,2d289025-ff1e-4ba7-a201-6b6053e593e8,5,mf,5,21
9089,2f17238b-3151-4596-bd04-d55f4c80a066,5,k,4,30
9090,a59fa924-4733-471c-8754-f6595cd0e6f1,4,mf,3,27
9091,640d60da-a441-4460-b386-d9613ee01d28,5,ars,5,29
9092,ba649e58-8a55-492c-bf39-5d660ebef5c7,4,mdn,5,20
9093,640d60da-a441-4460-b386-d9613ee01d28,5,mf,4,29
9094,bcb872cd-f6f8-422c-8729-59be0b01e4c4,4,ars,5,27
9095,20c3a3f4-11c6-43d4-a63d-88f54b3b8096,5,ars,4,30
9096,da0a8407-c3fa-42bc-bd2b-23e1c7cde8a9,5,ars,5,30
9097,9edfb2eb-d613-48d3-bce6-bc81bffc2ac7,4,mf,5,25
9098,40c6a39c-67fc-4202-b18e-ef0e0185bdd3,5,mfars,5,23
9099,f1242db3-e5af-4813-a6f1-4c9e531776bd,5,mw,5,20
9100,23f67700-5b2a-4ebb-a7a6-2b6bd78cea75,4,ars,4,21
9101,c43a7404-eeeb-4714-9bc9-598b448da6f9,5,ars,5,30
9102,26321a8a-0e7d-451e-a0f3-787a7432d9cb,4,mf,5,28
9103,375b7df7-16cd-4376-965f-52dc0c4f3eb3,5,mdn,5,23
9104,1bbd002a-73c0-4f38-8e36-76560bba1f49,2,mf,5,19
9105,6f9ed042-aee1-4527-9335-284bb7d27521,5,k,4,29
9106,be1f9c71-c6b8-48c6-84bb-6ef5174954aa,5,ars,5,20
9107,c233c56b-6f1a-4f53-9f27-e39f5220f9d3,5,ars,5,26
9108,ab9d4c1f-1773-4f12-88e1-ecd78f51e309,5,k,4,30
9109,927c3ada-c329-468f-8b53-036feb07b813,5,ars,5,21
9110,d057bbf9-c5fa-420a-9bb9-1f6322853d1c,3,ars,5,27
9111,e18562d7-a549-49e1-ade6-2373fed3787d,5,ars,5,22
9112,6be004f0-b701-4daa-b7e2-312b56f97129,5,mdn,4,23
9113,11cb3da8-b076-4554-b86b-ad619773b101,4,mf,5,27
9114,b201d5cd-6e38-4c63-8347-e1dbd89720e9,5,ars,5,24
9115,444bb96e-33b5-408b-8f36-792f40a9e402,5,mdn,5,20
9116,3d0ea613-5462-4785-91d0-04f2331473f5,4,ars,4,19
9117,5ef1e3ae-45e5-41e7-956b-4cef7dcf95b5,3,ars,4,21
9118,73b6df25-7321-4250-8a5d-2d58573b14ec,5,ars,5,24
9119,6682a9bf-56ba-4596-8da7-14e90a00dcd4,5,ars,5,29
9120,1bfa930d-cf1c-479b-87e4-bae0f9073321,5,ars,5,23
9121,3d0ea613-5462-4785-91d0-04f2331473f5,5,mdn,4,19
9122,a76629f6-fe9d-4e32-a4ab-46b9faf116a0,5,mdn,4,25
9123,24e8d7e7-70e0-47f0-835c-f03045861de5,5,mdn,4,25
9124,7fab4381-0d58-4c87-890a-00f892c6b4d3,5,mdn,5,27
9125,1f4653ef-22c9-4df4-acae-3ce6dcf43075,5,ars,5,26
9126,73b6df25-7321-4250-8a5d-2d58573b14ec,4,ars,4,24
9127,6b544598-bc17-4e6f-9cd4-987f46c83902,3,ars,3,19
9128,6b792bd6-6f66-4692-b446-832cc13edc39,5,ars,5,25
9129,d1adf242-5e1a-4a78-9c07-f0ba06758c42,5,ars,5,19
9130,37725a9e-f7e1-4803-ad03-e9be32e186d4,3,ars,4,20
9131,49b93c8d-21cf-4307-90e1-12f87a2a75a4,5,ars,4,26
9132,7c7aeed7-f005-426d-aafd-368700609ba0,4,mf,4,22
9133,0b187bd8-2c9e-4c1a-ad95-1ac60fa3f39d,5,mdn,4,20
9134,eb90a88d-20c0-4c51-98f1-a67bc873c84d,4,ars,5,20
9135,934eaca0-2d10-4419-8175-7812976e2931,5,ars,3,21
9136,e7ec3fdb-639e-430f-978e-10c034fd3978,4,ars,5,21
9137,e33fe1f5-796c-4c1d-84c4-32eb396f9837,4,ars,4,24
9138,73ae6177-466a-40ab-833a-67f5a7eedc79,4,mdn,5,26
9139,e9877472-82b1-472c-8e62-929561e5e2e7,5,mf,2,30
9140,18ef96e8-9a73-4678-8c6c-772ce127d7f9,5,mf,5,30
9141,a9c35b24-76a8-4b67-addd-81845fb390c7,3,k,5,29
9142,1da45063-2dc1-41f2-88ea-7f61fe7f9a19,3,mfars,5,25
9143,6cfc3694-9d16-4d0e-be7d-e717b3e39ea9,5,mw,5,19
9144,2384d785-bbf8-4c79-be46-5e56d3e5feee,5,ars,5,19
9145,79ce6eb0-d1d0-42fe-b157-1bb64abf5596,5,mf,4,23
9146,c1843817-41a0-4488-9c7a-5a537f4659b5,5,-,4,29
9147,40c6a39c-67fc-4202-b18e-ef0e0185bdd3,5,mdn,5,23
9148,93cc8629-4757-4a91-acbe-cb586e385c66,5,mw,5,18
9149,e876c637-3708-402f-9fc3-ed2a59c697c9,5,mfars,5,27
9150,91e4721c-9e62-45f6-874a-878f40489739,4,mf,5,21
9151,40c6a39c-67fc-4202-b18e-ef0e0185bdd3,5,mdn,5,23
9152,41ae8e3f-715e-4fe0-aa5f-75aca345731c,4,mdn,5,28
9153,483a2cf3-98f9-456d-81d9-022710423c23,5,mdn,5,24
9154,3418969d-5c13-46ee-8df0-794019e7a64f,3,mw,5,30
9155,3ad458ed-6069-4907-a71e-efda23c5abff,5,ars,5,28
9156,96491651-a46d-4fae-84ea-64c3c00a3071,5,mdn,4,19
9157,a5a4ee5b-8385-4dfb-9185-a1deb1531cdb,5,mw,5,28
9158,a50dc3c0-5a19-4025-83eb-5812671c9480,4,mf,5,20
9159,6682a9bf-56ba-4596-8da7-14e90a00dcd4,5,mdn,5,29
9160,41ae8e3f-715e-4fe0-aa5f-75aca345731c,5,mf,3,28
9161,a4272ae2-4e7e-4252-a49a-10445c387bc6,5,mf,5,29
9162,94173ad0-5841-4719-9ae3-44e387b19633,5,ars,5,28
9163,abeb14a7-d8db-429f-9acc-79ef8cdf9a02,3,ars,5,23
9164,a133b00f-54e3-42c5-87db-f89de83c6874,5,ars,5,20
9165,0b5bc2f8-6b6b-4cd8-abdd-7c9350676492,5,ars,5,26
9166,b8b1fa86-8f82-4898-a242-72dfdcfc0b75,5,je,5,25
9167,df68b52d-88f5-4b15-9731-39301acac35b,4,ars,5,24
9168,d26cad8a-57db-41ec-9679-d73b30e718dc,5,ars,5,30
9169,7c900363-ac5f-43a0-ae64-d5bb23688d88,5,ars,4,27
9170,ef4ca2ea-04a0-43cb-b257-87ad0f4d14b0,4,mdn,3,29
9171,50bc13c3-0c72-4cab-a0af-b1569c6608e6,4,ars,5,30
9172,1fb37a6e-bfb4-48da-b71f-d813fb59ef1c,5,-,4,30
9173,9ac75f91-4f73-4df0-bb20-b7de3069baee,4,ars,5,25
9174,4ff66c05-68eb-4bc1-9ed7-4ca15066eb3c,5,mdn,5,20
9175,3aa83f6f-e363-4f12-9770-8902a51fbfbc,4,mf,5,27
9176,f96dc1f6-d3a8-4cf6-a3ab-6a1182d41edd,4,ars,5,23
9177,a47a4348-5295-48e9-aea3-acb821b95f11,4,mdn,4,23
9178,0b187bd8-2c9e-4c1a-ad95-1ac60fa3f39d,5,mdn,5,20
9179,58326bf0-4f33-4c16-b328-cc206f87d423,5,ars,3,28
9180,e0766991-32fc-4294-b1e2-a0dff52c64f2,4,ars,5,23
9181,899d5675-9fe8-4dde-af03-7b62ba95428c,4,mdn,4,22
9182,39acfef6-976a-4ca5-a481-e5d887907fad,4,mf,5,19
9183,50bc13c3-0c72-4cab-a0af-b1569c6608e6,5,mdn,5,30
9184,3dea5f61-f356-432f-b831-57df87d6b032,5,mf,5,23
9185,391319c2-41bc-4213-ba51-0e06718e1803,5,mf,4,26
9186,3d0ea613-5462-4785-91d0-04f2331473f5,5,mdn,4,19
9187,8e3026d2-a977-4221-a6cc-c30fd3590962,5,mdn,5,30
9188,aa994a1c-055e-4751-b4cf-ddc08d3a5f8c,5,ars,4,18
9189,455e0529-272b-4550-95d5-a0bdb835ca9f,5,mdn,5,23
9190,7aaf2ee9-a6f9-4256-8f6b-742a0ee1ac2e,4,mdn,5,26
9191,98101cf4-a26d-4e32-9f91-6f42993b3ea1,4,mdn,5,18
9192,e62e4b0c-e929-48f4-ad21-f172df57e747,5,mf,5,23
9193,aa994a1c-055e-4751-b4cf-ddc08d3a5f8c,5,ars,5,18
9194,44ca9a06-8b5d-42d1-a313-dfee18559727,5,ars,5,28
9195,9a61b41c-a3e3-4ee1-b5d0-fd87681fe92a,5,ars,5,21
9196,8c45b709-a6d6-49b8-b996-e76dc0934213,4,mf,3,23
9197,3c24d078-c8f8-4f83-ab59-6d25c5b84bc2,4,mfars,5,30
9198,40ef5c66-cc76-49a6-851d-1b58fe2953d7,3,ars,5,29
9199,3ebec66e-6765-4b6b-a97a-c0eb8314e327,5,mw,4,20
9200,a93b4520-48eb-4201-afbf-b8d72d7eb56a,4,ars,3,28
9201,921eaf8b-9aee-46c9-8e43-76663964131c,3,mdn,4,21
9202,f63a1efa-33c6-40c7-8688-ef9d34466284,5,ars,3,24
9203,4cab344d-1770-4c38-a71f-6d51e8f3b5cc,5,ars,5,18
9204,1de40c3b-877b-48c2-be67-4021b5459754,4,mdn,3,22
9205,9fdd2e9f-bbb9-4c36-ad62-91b8914dd0ea,5,mdn,3,25
9206,d5fbe51e-866a-4bc6-acd4-65604d50f3e6,4,mdn,5,22
9207,ebd78cae-0a5d-43ed-bf3e-b6c496bd4b64,5,ars,4,26
9208,ebd78cae-0a5d-43ed-bf3e-b6c496bd4b64,5,mf,4,26
9209,4073acaa-d216-4e04-8729-bfadada4d095,5,mdn,4,20
9210,e33fe1f5-796c-4c1d-84c4-32eb396f9837,5,je,5,24
9211,4e5e83e4-af3a-4513-ae2d-281f7991fdb7,3,k,5,25
9212,dceebdb5-1a91-4fa6-8072-aaa827868eb3,5,mdn,5,26
9213,dceebdb5-1a91-4fa6-8072-aaa827868eb3,5,k,4,26
9214,0c2d68f2-4d17-4dab-b9a1-d0bdf4e10ce4,3,mw,5,22
9215,38f9af29-497a-49e7-b561-797d2a207cf0,5,ars,4,30
9216,ed2064be-7d40-4f59-9e7d-d7e7dd54b118,5,mdn,4,28
9217,20d213ef-76bf-41bb-bc87-9ffcfa2127bc,4,mfars,5,26
9218,ae0bc742-9002-4ac9-b183-a2041b84bc8b,4,mfarsmdn,5,28
9219,6ec72b3a-0222-42ca-a3fe-bc17e019a32f,3,ars,4,24
9220,c0f96359-1d50-4ea2-b4d2-98cffcc461bf,4,ars,5,18
9221,2c7871c7-4bd5-43a8-aa2c-3c65fc33736c,3,ars,4,26
9222,c81c0d30-be22-4d14-a328-3760bfd5e023,5,mdn,3,20
9223,9493905e-b65c-40ce-b799-c350ed3e1f18,4,mdn,5,23
9224,53204bad-4011-4a1a-b4d1-cee62543e32e,5,mdn,5,20
9225,95d5bb8d-2790-43d4-a0a3-970e5fe6ac19,3,mf,3,18
9226,c6990f5b-cd7a-4dda-a877-6155653d134e,4,ars,5,19
9227,7c032388-80b3-48e9-be91-56bf32f69e9c,5,mf,5,29
9228,84d29b44-26c6-4b05-8a67-31831d35be32,5,mdn,4,28
9229,80b41e1b-5190-447f-b409-c16b01162cf0,5,ars,4,22
9230,ac687490-2263-42a4-b629-41f9cb808ec3,4,ars,5,28
9231,0e58e77d-a18e-44d2-9fb8-522685cc2b76,4,ars,5,21
9232,3ad458ed-6069-4907-a71e-efda23c5abff,4,mdn,5,28
9233,8e3026d2-a977-4221-a6cc-c30fd3590962,5,fg,3,30
9234,41ae8e3f-715e-4fe0-aa5f-75aca345731c,5,mdn,4,28
9235,3cd61aab-db88-4ef9-8be4-5f94ff9698e7,5,ars,5,20
9236,2af566fa-f86c-462b-b3cf-5868069d103e,5,mdn,4,21
9237,84d29b44-26c6-4b05-8a67-31831d35be32,5,mdn,4,28
9238,1da45063-2dc1-41f2-88ea-7f61fe7f9a19,2,ars,5,25
9239,ef4ca2ea-04a0-43cb-b257-87ad0f4d14b0,5,ars,5,29
9240,a93b4520-48eb-4201-afbf-b8d72d7eb56a,5,ars,5,28
9241,366c8261-243e-4eab-9695-6df81979597a,4,ars,5,18
9242,f21916d7-d541-4ce8-a39b-d7f0276da589,5,ars,5,21
9243,e469cc62-5dfe-42a1-be57-e686c98e01c6,5,je,5,25
9244,f09830ac-90c9-4f96-82d2-30a969c28516,3,mdn,5,23
9245,d99430cc-3810-4660-823f-02144b19ea3d,5,ars,5,29
9246,9054ffc8-9df3-4b73-a700-17b228a19cba,4,ars,4,29
9247,1d9c5351-1850-448d-a113-86faf797165f,4,ars,4,20
9248,ebd78cae-0a5d-43ed-bf3e-b6c496bd4b64,4,ars,5,26
9249,37801059-5d8a-4bb8-ac44-c92f83dbfa3a,5,ars,5,19
9250,1e22ce44-7a97-4f75-b7f5-d47bd96a8342,5,ars,3,22
9251,5cd193d4-8ecf-4845-a463-61edf2b05ff3,4,ars,5,26
9252,18d72f16-5e3b-4cdd-ac63-6847f84789e2,5,mf,4,25
9253,581e0c61-097c-43a1-807a-d1f21bf13e0c,5,ars,5,28
9254,44f5e566-7fef-484a-b881-c53d9249ae9b,4,ars,2,28
9255,2ae01d22-116d-44c0-84be-cfad96fb519c,5,mdn,4,20
9256,6be004f0-b701-4daa-b7e2-312b56f97129,3,mdn,5,23
9257,f2708137-31a5-416c-bbff-7155fb5aa25c,5,ars,5,19
9258,22c4015e-dc9e-4d9e-b7f2-3a69fe57a3b8,4,mw,5,22
9259,5fab557d-756e-44e7-8f28-2896570692b2,5,mf,4,30
9260,49e2e565-049d-4753-871a-2ec2587d386e,3,mdn,4,30
9261,e7cb74f4-ab7a-4555-90a9-a9f5ecb3f9b6,5,ars,5,28
9262,0e321c7e-d2cf-4699-aa74-9544ab8f2090,5,ars,5,26
9263,aa994a1c-055e-4751-b4cf-ddc08d3a5f8c,3,mdn,5,18
9264,7a0157cb-c6fc-4ec5-873e-fafdddf66174,5,ars,4,20
9265,4ff66c05-68eb-4bc1-9ed7-4ca15066eb3c,5,k,5,20
9266,5cb0e54b-ec8d-46d8-8d81-eaa3e0687114,3,ars,4,18
9267,dceebdb5-1a91-4fa6-8072-aaa827868eb3,5,ars,3,26
9268,88f20ee0-e749-487f-a908-12f8ab47142b,5,mdn,3,22
9269,899d5675-9fe8-4dde-af03-7b62ba95428c,5,mw,3,22
9270,5e6e310e-6abc-4e1a-b8e6-75b0a5b991b2,5,tam,5,28
9271,34099491-cba6-4b79-9c62-38e83f1cf9db,5,mf,5,22
9272,f9c4d67a-8176-4831-b098-8d866ed2dd52,4,ars,3,20
9273,6182a456-4de8-43e2-b54f-5836017a532d,5,ars,3,19
9274,53f8916f-1f81-4fd4-ba7e-b3574e6852eb,5,mf,5,19
9275,7f337d29-cfd2-4a03-bbb9-ec6196e1d34d,4,mf,5,30
9276,b8b1fa86-8f82-4898-a242-72dfdcfc0b75,4,mdn,4,25
9277,44f5e566-7fef-484a-b881-c53d9249ae9b,5,mdn,4,28
9278,6e65b841-848c-46e7-a8b3-15ca81055f6a,4,ars,5,26
9279,2c7871c7-4bd5-43a8-aa2c-3c65fc33736c,5,mf,5,26
9280,2eebf90c-68dc-4631-a827-b59638b7ad52,5,mdn,5,26
9281,60a29855-f1ba-4d16-a0e5-45fdc18d8780,4,mdn,5,28
9282,26321a8a-0e7d-451e-a0f3-787a7432d9cb,3,ars,5,28
9283,1bbd002a-73c0-4f38-8e36-76560bba1f49,4,ars,5,19
9284,d1d66775-cc03-42ea-ad3c-681efafb3682,5,mf,5,24
9285,3957973a-682a-4959-b576-9a085c8a44ae,5,ars,4,28
9286,bd3fa596-ba3b-4756-90a8-164d551c2b98,5,ars,4,19
9287,88f20ee0-e749-487f-a908-12f8ab47142b,4,mf,4,22
9288,84d29b44-26c6-4b05-8a67-31831d35be32,3,ars,4,28
9289,8bad8df3-fd1c-47eb-a830-cd085d8918f1,5,mf,5,20
9290,47ab6a24-9a36-4af9-b4a4-651bfa037130,4,mdn,4,19
9291,7828cf51-b3a0-48db-8231-70513625208a,5,mw,5,18
9292,a997b75b-15b5-4973-bd5c-0372fd8cb344,5,je,5,22
9293,9e679f83-7105-4a2c-b9d2-82964ea88b4f,4,mdn,5,25
9294,1bfa930d-cf1c-479b-87e4-bae0f9073321,4,ars,5,23
9295,c005b690-b142-4d65-85e4-6ae65a48024d,4,mdn,4,27
9296,2b46b282-1df9-4423-9625-2c6743a25144,4,mdn,5,25
9297,ad7840ca-5f92-40dd-963a-5f8460b3a9dd,4,mw,5,18
9298,84d29b44-26c6-4b05-8a67-31831d35be32,4,mdn,5,28
9299,ceb7a529-86be-4dc4-b116-38797aabd2dd,5,ars,3,29
9300,375b7df7-16cd-4376-965f-52dc0c4f3eb3,3,mdn,5,23
9301,18ef96e8-9a73-4678-8c6c-772ce127d7f9,5,mf,4,30
9302,7c900363-ac5f-43a0-ae64-d5bb23688d88,5,ars,5,27
9303,89659f75-6600-40be-8c14-322a5ae87e24,5,mf,3,23
9304,e0c2a19b-d844-4f21-887c-a90f7c9b4346,5,ars,4,28
9305,4ff66c05-68eb-4bc1-9ed7-4ca15066eb3c,5,ars,5,20
9306,fefb10d9-4247-4d30-b89d-9efd8c703bf1,5,k,5,23
9307,5939bdfb-18e1-40ee-8654-d802e218a33f,4,mdn,3,29
9308,ec3f623a-65f2-4b0d-937b-d0d1c4325976,3,mdn,5,30
9309,f5d4a203-e308-452c-86e4-9412e871f2e8,5,mf,5,19
9310,65f9bddd-fe54-4b4a-b2fa-8104c5db89c0,5,mw,4,30
9311,53292fdb-b353-457a-8482-81bdab16d44f,5,mf,5,30
9312,5939bdfb-18e1-40ee-8654-d802e218a33f,5,mdn,5,29
9313,18d72f16-5e3b-4cdd-ac63-6847f84789e2,4,ars,5,25
9314,a2b117e7-ab57-476e-831c-33f7ceb1aa35,5,ars,5,29
9315,b52aa66d-49b6-4823-b15d-19817ab072ab,5,j,5,24
9316,bd3fa596-ba3b-4756-90a8-164d551c2b98,4,ars,5,19
9317,927c3ada-c329-468f-8b53-036feb07b813,5,mw,4,21
9318,cdb366d6-e302-45aa-b61c-6bb4bd827c4f,5,-,5,22
9319,1699c2dd-b2b5-4756-bc87-a4b933c25c01,5,mdn,5,29
9320,c005b690-b142-4d65-85e4-6ae65a48024d,5,mdn,5,27
9321,391319c2-41bc-4213-ba51-0e06718e1803,4,ars,4,26
9322,fdf2851c-a685-4112-80fc-401747191dc3,5,mfmw,3,26
9323,b50df7ff-04f6-45b6-b3fd-0d96d4fbcd61,5,ars,5,18
9324,6ec72b3a-0222-42ca-a3fe-bc17e019a32f,4,mdn,5,24
9325,f2359723-11a9-4415-8278-4adb624d9e6b,5,mdn,5,29
9326,ec3f623a-65f2-4b0d-937b-d0d1c4325976,3,ars,4,30
9327,a2509b39-af24-4703-842f-27c2dcd12475,5,ars,5,29
9328,bf94eb8d-5d4f-43d3-9528-ff5ef9009951,4,mdn,4,24
9329,8cc0183c-f480-475a-a25b-559f3576b7c5,5,mdn,5,18
9330,f05a9269-3068-486a-b87d-fda9d757275c,5,mdn,5,28
9331,b8617d9b-d83b-4256-a87a-6edeaaedc6ba,5,ars,5,24
9332,5e6e310e-6abc-4e1a-b8e6-75b0a5b991b2,4,mdn,5,28
9333,f6a23d22-7609-4675-b15a-07e2ac92d770,4,mdn,5,27
9334,558a3ec4-7fbc-40e7-9553-f8cff87516c7,5,mdn,5,29
9335,dbf069ee-b1dd-4b75-8b6e-73734ec2cb48,4,mf,5,21
9336,d59a405f-f8b3-49e9-9ac2-88dc3e6a1e53,5,mdn,5,23
9337,a137710a-0bfc-4d4e-be3b-2aa711ee0d7c,5,mdn,3,19
9338,a9c35b24-76a8-4b67-addd-81845fb390c7,5,fg,5,29
9339,5d11e9c3-db2d-42ce-a4b2-676294bcab5c,3,ars,3,24
9340,9c7b2243-d03e-419c-babb-f8b3ea3c8400,5,mdn,4,19
9341,24f641eb-913a-4416-84af-07ec8721940e,4,mdn,5,20
9342,f21916d7-d541-4ce8-a39b-d7f0276da589,4,mdn,4,21
9343,be4db01d-a7c7-4918-93df-7014dc077733,5,mdn,5,22
9344,f627af83-24c8-4c96-a7fd-4e60eddea09e,3,mf,5,24
9345,28c21980-3720-4511-bec7-cc2e6275750a,4,mf,4,28
9346,da0a8407-c3fa-42bc-bd2b-23e1c7cde8a9,5,ars,4,30
9347,a2b117e7-ab57-476e-831c-33f7ceb1aa35,5,je,5,29
9348,a04fce7c-b286-4d7c-a980-189ed10f7dcb,3,ars,4,28
9349,d057bbf9-c5fa-420a-9bb9-1f6322853d1c,5,mw,4,27
9350,14d84dec-8ae5-46d1-aebd-b3aa52f097ff,4,mdn,3,30
9351,ec3f623a-65f2-4b0d-937b-d0d1c4325976,5,k,5,30
9352,792a10ac-a9bb-45ce-af93-7a2619ef61fe,5,ars,5,30
9353,5ef119b1-883b-4964-8400-341414ee551a,5,mdn,4,22
9354,f6a23d22-7609-4675-b15a-07e2ac92d770,5,ars,4,27
9355,f10cf3ff-f51e-442d-bee4-d1c0099c264c,5,mdn,4,29
9356,e876c637-3708-402f-9fc3-ed2a59c697c9,3,mf,3,27
9357,e6574fcd-b5fd-40b8-b94a-e3fdf1c887b6,4,ars,5,24
9358,ed2064be-7d40-4f59-9e7d-d7e7dd54b118,3,mw,5,28
9359,88f20ee0-e749-487f-a908-12f8ab47142b,5,mf,3,22
9360,ebcfc29b-0f9a-4a12-88c4-66d907cc65c9,5,ars,5,18
9361,7b2398e5-7c99-4ccd-aa73-5c987b82858f,4,ars,4,19
9362,f09830ac-90c9-4f96-82d2-30a969c28516,4,mw,5,23
9363,2f586764-da78-499d-9a41-eafd03844e80,5,mdn,5,29
9364,aac4a278-e82f-40cc-9662-861f6b2ac634,5,mdn,4,18
9365,c44794ff-60de-42e8-9ac1-d221a8ab29c0,5,ars,3,30
9366,6ec72b3a-0222-42ca-a3fe-bc17e019a32f,5,ars,5,24
9367,3dea5f61-f356-432f-b831-57df87d6b032,5,mdn,4,23
9368,f05a9269-3068-486a-b87d-fda9d757275c,3,mdn,5,28
9369,0d5f41b7-3ab8-478c-836a-767823fd4c82,5,ars,3,28
9370,b7ba5486-611f-4ead-9e37-51de7d6961bb,5,mdn,5,30
9371,1da45063-2dc1-41f2-88ea-7f61fe7f9a19,2,mf,5,25
9372,0e354232-854f-43ec-944d-b120245eea4d,5,ars,5,21
9373,77a3f484-80a6-4184-b278-fc2ba7a9bc4d,5,mfars,4,24
9374,e62e4b0c-e929-48f4-ad21-f172df57e747,4,mdn,5,23
9375,de26149b-380f-42c9-bdc1-a8584f2c5233,5,mdn,5,29
9376,22c4015e-dc9e-4d9e-b7f2-3a69fe57a3b8,4,mdn,4,22
9377,ac1781e0-796b-4d94-a324-680e348fe2cb,4,ars,5,22
9378,da651f2b-7264-419b-86f7-c68c199ab2eb,5,ars,4,22
9379,cec079b7-5691-4cd0-9092-3b0388c25d4a,4,mdn,5,22
9380,b5bc6003-dc35-4ca6-b16c-1752ffb0d186,5,mdn,5,20
9381,207a3175-fda0-43fb-8b30-c257bf055847,5,mf,5,29
9382,9f60f579-c330-400e-a75a-6d0d289424c1,5,ars,5,19
9383,5d674651-5ef2-4f04-b0fd-1cb744d92488,5,ars,5,18
9384,caa1cb22-fbe5-43dd-bba4-11dd60e108aa,4,ars,5,26
9385,c1843817-41a0-4488-9c7a-5a537f4659b5,4,ars,5,29
9386,9bb07206-a24d-488b-91d9-853f606d5fd4,5,ars,5,19
9387,f4470d04-89ee-4c8e-99d8-4ed12535524b,3,ars,5,23
9388,c4cf804a-7759-4269-8562-c7141d2c18c7,4,mf,5,24
9389,a93b4520-48eb-4201-afbf-b8d72d7eb56a,4,mdn,5,28
9390,207a3175-fda0-43fb-8b30-c257bf055847,5,mdn,5,29
9391,5cf62f0f-9b68-4dd7-9dd1-78727e147558,5,mdn,4,19
9392,8e3026d2-a977-4221-a6cc-c30fd3590962,5,ars,5,30
9393,88c6509b-cbe2-47c6-ad02-97c92e300c48,4,mdn,4,30
9394,28c21980-3720-4511-bec7-cc2e6275750a,5,mf,5,28
9395,ec3f623a-65f2-4b0d-937b-d0d1c4325976,5,mdn,5,30
9396,3ad458ed-6069-4907-a71e-efda23c5abff,4,mw,5,28
9397,637a2933-734a-4323-a7e9-7f9f79ad4dc4,5,mdn,4,23
9398,af410c09-749d-4f0b-bdb1-f3d0e42a2b0f,5,ars,3,19
9399,f63a1efa-33c6-40c7-8688-ef9d34466284,4,mdn,5,24
9400,a1408643-a549-447c-b867-6886faa00fca,5,ars,4,19
9401,216de2aa-e0bf-41b4-92da-3ad50ab2af5e,5,mdn,5,22
9402,ba649e58-8a55-492c-bf39-5d660ebef5c7,4,mdn,3,20
9403,9b87a188-a71f-4d7a-bb50-b7fae8022f80,5,mdn,4,27
9404,5febecf8-2d9f-471b-9303-cd8dd0f658af,4,mf,4,28
9405,d975480c-d90f-414e-a9e1-b1288c4fbd1c,5,mdn,4,28
9406,eb5ab705-64b5-4824-80b1-748c0c01560b,3,mdn,5,30
9407,342ea9ee-c313-48ec-9c3e-d11cc7614f54,5,mf,5,29
9408,6e65b841-848c-46e7-a8b3-15ca81055f6a,4,mdn,5,26
9409,dac33426-3c77-4e9c-807c-3ecdc261339f,4,mw,4,20
9410,55284c4b-b914-4e5d-9551-79d8f5b4eb5d,5,mf,3,26
9411,ac1781e0-796b-4d94-a324-680e348fe2cb,5,ars,5,22
9412,a9c35b24-76a8-4b67-addd-81845fb390c7,4,fg,4,29
9413,40ef5c66-cc76-49a6-851d-1b58fe2953d7,5,mdn,3,29
9414,0ee3780f-36f5-4ce7-af65-420a0d0b528c,4,mdn,4,27
9415,24e8d7e7-70e0-47f0-835c-f03045861de5,5,je,3,25
9416,19d5ec55-7543-48c4-8fbc-f01f5a9b2c95,4,ars,5,26
9417,e9b443df-a15c-4c9f-b225-c44096cdcb9e,5,mdn,5,19
9418,1699c2dd-b2b5-4756-bc87-a4b933c25c01,5,ars,5,29
9419,4073acaa-d216-4e04-8729-bfadada4d095,4,mf,5,20
9420,adc0ba52-ad0c-4888-9527-72d7900b42bd,5,ars,4,26
9421,a76629f6-fe9d-4e32-a4ab-46b9faf116a0,5,mw,5,25
9422,e0c2a19b-d844-4f21-887c-a90f7c9b4346,5,mdn,5,28
9423,606ef552-6427-489e-aec2-43a4a17643e2,3,mf,5,20
9424,f443f8f7-c1f8-4b45-a91c-5a994f4c0ef6,4,mdn,5,20
9425,342ea9ee-c313-48ec-9c3e-d11cc7614f54,4,mw,4,29
9426,f627af83-24c8-4c96-a7fd-4e60eddea09e,3,mf,5,24
9427,50fe2f3d-7fa4-43b4-b182-6ff9a0371dd4,5,mdn,4,25
9428,fb0fdb0e-a962-4fa1-8447-b5f52235ffe8,5,mdn,2,20
9429,9b6d950a-d667-4f0b-ac67-0d810b2feff6,5,mdn,5,22
9430,34099491-cba6-4b79-9c62-38e83f1cf9db,3,mdn,3,22
9431,55284c4b-b914-4e5d-9551-79d8f5b4eb5d,5,ars,5,26
9432,fefb10d9-4247-4d30-b89d-9efd8c703bf1,5,mdn,5,23
9433,f2359723-11a9-4415-8278-4adb624d9e6b,5,mdn,5,29
9434,5cd193d4-8ecf-4845-a463-61edf2b05ff3,4,mdn,5,26
9435,efee5412-be59-448d-9f6e-9a7dcf201113,5,mf,5,29
9436,a07d4949-be64-47ce-b0d2-c4b3e775404e,5,ars,4,24
9437,b52aa66d-49b6-4823-b15d-19817ab072ab,5,mf,5,24
9438,a1408643-a549-447c-b867-6886faa00fca,5,ars,5,19
9439,0e97a2f7-f21a-4142-b564-eac1d55150cb,3,k,5,28
9440,223e96b7-dfbe-442b-9b28-7fef065a6044,4,mdn,4,19
9441,2c7871c7-4bd5-43a8-aa2c-3c65fc33736c,5,mdn,5,26
9442,c1843817-41a0-4488-9c7a-5a537f4659b5,4,ars,5,29
9443,a5a4ee5b-8385-4dfb-9185-a1deb1531cdb,5,mfarsmdn,5,28
9444,f064f333-666c-499f-bfcb-b71607e60de7,5,mdn,4,30
9445,17f173bf-52a2-4042-80ee-6d30d0217f4c,3,je,4,20
9446,44ca9a06-8b5d-42d1-a313-dfee18559727,5,mdn,5,28
9447,83da35e2-88ab-4562-9f43-c192ecdaed1e,4,mdn,4,18
9448,1c8b2fc6-6dea-4184-9cb0-5dfbe49b73da,5,ars,4,30
9449,7aaf2ee9-a6f9-4256-8f6b-742a0ee1ac2e,5,mdn,5,26
9450,f96dc1f6-d3a8-4cf6-a3ab-6a1182d41edd,4,ars,5,23
9451,3715dae0-d872-499f-8f0c-fabf940e2bc0,5,mf,4,25
9452,20d213ef-76bf-41bb-bc87-9ffcfa2127bc,5,mdn,3,26
9453,29db820a-86ac-4510-88f7-184d6f9dcf9c,5,mw,5,18
9454,e9877472-82b1-472c-8e62-929561e5e2e7,5,ars,4,30
9455,f1242db3-e5af-4813-a6f1-4c9e531776bd,3,ars,4,20
9456,cbaaf4cd-85c3-4140-9033-acedf90fa1cb,5,mf,4,22
9457,5fab557d-756e-44e7-8f28-2896570692b2,4,mfars,4,30
9458,e98d0b49-dc22-4be4-89e6-38ba25d671b3,5,ars,5,21
9459,22c4015e-dc9e-4d9e-b7f2-3a69fe57a3b8,5,mdn,5,22
9460,37801059-5d8a-4bb8-ac44-c92f83dbfa3a,5,mdn,4,19
9461,1e22ce44-7a97-4f75-b7f5-d47bd96a8342,5,je,5,22
9462,8905a79c-4956-4918-b85f-f194e57c2e62,5,mfars,5,24
9463,20c3a3f4-11c6-43d4-a63d-88f54b3b8096,5,ars,4,30
9464,dac33426-3c77-4e9c-807c-3ecdc261339f,3,ars,5,20
9465,eb5ab705-64b5-4824-80b1-748c0c01560b,4,mf,5,30
9466,e04076e5-3fab-4e6b-9f79-38c54336e47b,5,ars,5,20
9467,6f2f152e-fe85-4611-857a-528266761927,5,ars,5,20
9468,c6990f5b-cd7a-4dda-a877-6155653d134e,5,ars,5,19
9469,1d9c5351-1850-448d-a113-86faf797165f,5,ars,2,20
9470,0ef4cecc-887a-460d-b699-659969939b87,3,ars,2,24
9471,c6990f5b-cd7a-4dda-a877-6155653d134e,4,ars,5,19
9472,84d29b44-26c6-4b05-8a67-31831d35be32,3,ars,4,28
9473,51c428b4-c4a7-4da8-86e1-1fa640026086,4,ars,3,28
9474,bcb872cd-f6f8-422c-8729-59be0b01e4c4,5,ars,4,27
9475,1b8f176a-44b5-4b9f-b3aa-7fd66e2c5697,4,ars,4,20
9476,66435fb2-4e78-43d7-952d-d83ed97c5590,5,mf,5,21
9477,216de2aa-e0bf-41b4-92da-3ad50ab2af5e,4,ars,5,22
9478,3957973a-682a-4959-b576-9a085c8a44ae,4,ars,4,28
9479,934eaca0-2d10-4419-8175-7812976e2931,4,mw,4,21
9480,b8d47eb3-c03a-46ae-9ccb-29bb9f61162b,3,ars,3,30
9481,14d84dec-8ae5-46d1-aebd-b3aa52f097ff,4,mdn,5,30
9482,ca5c06a4-b01e-4e89-b6e0-507d13da74e9,5,ars,5,27
9483,95914d89-1f22-4630-8d62-91f2d8d0ed88,4,mdn,5,19
9484,5d11e9c3-db2d-42ce-a4b2-676294bcab5c,4,mdn,4,24
9485,8c8342e9-a790-4117-b607-5415d372b7f6,3,ars,4,29
9486,6975f225-5acc-48bb-a80d-6a3a5e442fae,5,mdn,5,28
9487,e33fe1f5-796c-4c1d-84c4-32eb396f9837,5,mdn,5,24
9488,f2359723-11a9-4415-8278-4adb624d9e6b,5,ars,5,29
9489,f8a5ac4a-6f9a-4356-a9d7-142b91a4c9a4,5,ars,5,21
9490,9dafb395-690f-4613-9aed-1761724d82c8,4,mdn,5,22
9491,caa1cb22-fbe5-43dd-bba4-11dd60e108aa,5,mf,4,26
9492,d5b84e64-0316-493b-9d2d-3d5a49490e9c,4,ars,4,21
9493,a14d25d1-f7f8-4220-8946-96cf6b19cae9,5,ars,5,24
9494,e0766991-32fc-4294-b1e2-a0dff52c64f2,5,mdn,4,23
9495,ef4ca2ea-04a0-43cb-b257-87ad0f4d14b0,5,mdn,5,29
9496,9a61b41c-a3e3-4ee1-b5d0-fd87681fe92a,4,ars,5,21
9497,ed2064be-7d40-4f59-9e7d-d7e7dd54b118,5,ars,5,28
9498,be5ec881-1245-4f55-9f25-8f76599294aa,5,mdn,5,24
9499,aafce93e-6e5f-46ad-b186-d642d5a456a1,5,mdn,5,30
9500,c4cf804a-7759-4269-8562-c7141d2c18c7,3,mfars,5,24
9501,f63a1efa-33c6-40c7-8688-ef9d34466284,5,ars,5,24
9502,1c8b2fc6-6dea-4184-9cb0-5dfbe49b73da,5,mdn,5,30
9503,22573f4b-b316-4b08-8b75-d05541ea7fcd,5,mf,5,25
9504,2f586764-da78-499d-9a41-eafd03844e80,4,mdn,5,29
9505,b50df7ff-04f6-45b6-b3fd-0d96d4fbcd61,5,mdn,5,18
9506,789b8d4b-a8d0-430d-9fd4-29d445b2f6f2,5,mdn,5,29
9507,b19d51d1-cbaf-4d83-948a-e8f634e3ca48,5,ars,5,21
9508,7c900363-ac5f-43a0-ae64-d5bb23688d88,5,mdn,5,27
9509,6e65b841-848c-46e7-a8b3-15ca81055f6a,4,mdn,3,26
9510,0bb3ee6a-85cc-4eb3-b648-e8c08e1364db,5,mw,4,24
9511,19d5ec55-7543-48c4-8fbc-f01f5a9b2c95,4,mdn,5,26
9512,20c3a3f4-11c6-43d4-a63d-88f54b3b8096,5,mdn,5,30
9513,91e4721c-9e62-45f6-874a-878f40489739,5,mdn,4,21
9514,b7ba5486-611f-4ead-9e37-51de7d6961bb,4,mdn,5,30
9515,a4272ae2-4e7e-4252-a49a-10445c387bc6,4,mdn,5,29
9516,67313ce6-34e5-492a-ab7b-4e50acceb029,5,mdn,5,28
9517,9bb07206-a24d-488b-91d9-853f606d5fd4,5,mf,4,19
9518,9493905e-b65c-40ce-b799-c350ed3e1f18,5,ars,5,23
9519,f6079976-5f69-482b-8b84-179dd5524bfa,5,mw,3,28
9520,637a2933-734a-4323-a7e9-7f9f79ad4dc4,5,mdn,5,23
9521,b8617d9b-d83b-4256-a87a-6edeaaedc6ba,4,mfars,5,24
9522,73b6df25-7321-4250-8a5d-2d58573b14ec,5,mf,5,24
9523,4afd54fc-f5e7-41c3-beaf-b9b1270a218c,5,mdn,5,28
9524,de511cef-1fc8-493b-bb99-d9ba30a042c9,5,ars,5,28
9525,357a2790-e856-4dd3-a0f5-8f6e14d0267f,5,ars,5,26
9526,93515f8d-d789-46de-bb36-728e6b16625a,5,mdn,4,20
9527,60a29855-f1ba-4d16-a0e5-45fdc18d8780,4,-,4,28
9528,b1d1a983-98bc-441f-96bf-b92fd2c78493,5,ars,4,26
9529,4c39b0b9-c9d0-45ac-b545-190c3da984fa,5,mdn,5,21
9530,7b2398e5-7c99-4ccd-aa73-5c987b82858f,4,mdn,5,19
9531,ede1c719-13be-432a-958d-e5e220f7b972,5,mdn,4,21
9532,dda13a7f-e01e-4084-b353-9a7870744ff1,4,ars,5,26
9533,b72ffd03-aef1-4d7f-896e-953964384583,4,mw,5,24
9534,b19d51d1-cbaf-4d83-948a-e8f634e3ca48,5,mdn,5,21
9535,8c8342e9-a790-4117-b607-5415d372b7f6,5,ars,5,29
9536,49e2e565-049d-4753-871a-2ec2587d386e,5,ars,5,30
9537,670e36fe-2b5e-4426-919b-889ef9ae7dc9,5,mf,5,26
9538,9798eef8-20b9-4df4-a0de-81ed2227b9bf,4,mf,5,24
9539,2f17238b-3151-4596-bd04-d55f4c80a066,3,ars,5,30
9540,f6c33008-5144-41d8-b2a5-a570e9f1561b,4,ars,5,21
9541,64272418-9b0a-406a-8bbe-e115bdbfc718,5,ars,4,25
9542,f6079976-5f69-482b-8b84-179dd5524bfa,5,ars,5,28
9543,b8d47eb3-c03a-46ae-9ccb-29bb9f61162b,4,mw,5,30
9544,47ab6a24-9a36-4af9-b4a4-651bfa037130,5,mf,5,19
9545,9cdeb8f3-f6ad-44fd-bccb-390c69038d0b,5,ars,4,20
9546,e876c637-3708-402f-9fc3-ed2a59c697c9,5,mdn,4,27
9547,b7ba5486-611f-4ead-9e37-51de7d6961bb,5,ars,3,30
9548,6e83b88a-84c4-4f8a-8fa9-9ff48e48fa49,4,mw,4,24
9549,52a42141-4b24-488f-8631-7ef301b1c14c,4,mf,5,27
9550,e8cf2675-3727-4525-970c-77eff23acff5,5,mdn,5,22
9551,0e58e77d-a18e-44d2-9fb8-522685cc2b76,5,mdn,4,21
9552,b94abf88-995e-47ac-9dae-0fc713c19fd9,5,ars,5,27
9553,9054ffc8-9df3-4b73-a700-17b228a19cba,5,ars,5,29
9554,ca5c06a4-b01e-4e89-b6e0-507d13da74e9,5,mdn,5,27
9555,e6574fcd-b5fd-40b8-b94a-e3fdf1c887b6,4,mf,5,24
9556,ab9d4c1f-1773-4f12-88e1-ecd78f51e309,5,mf,3,30
9557,b5ed5b65-c1bf-4b2f-b650-e60a5139f1bc,4,mw,5,20
9558,ddd0d578-3230-498c-9471-c90132d0399a,3,ars,5,18
9559,1699c2dd-b2b5-4756-bc87-a4b933c25c01,4,je,5,29
9560,94173ad0-5841-4719-9ae3-44e387b19633,5,je,4,28
9561,1bfa930d-cf1c-479b-87e4-bae0f9073321,5,mf,3,23
9562,d59a405f-f8b3-49e9-9ac2-88dc3e6a1e53,5,ars,4,23
9563,ab9d4c1f-1773-4f12-88e1-ecd78f51e309,5,ars,4,30
9564,8c45b709-a6d6-49b8-b996-e76dc0934213,4,ars,5,23
9565,15500f87-5d38-4e31-b34d-fe209c3a5de4,5,mf,5,18
9566,927c3ada-c329-468f-8b53-036feb07b813,4,ars,4,21
9567,8c8342e9-a790-4117-b607-5415d372b7f6,5,mdn,5,29
9568,455e0529-272b-4550-95d5-a0bdb835ca9f,4,ars,5,23
9569,d8eb4bf2-57a4-4a6a-8865-4ce0bf2c9e12,5,mw,3,29
9570,a5a4ee5b-8385-4dfb-9185-a1deb1531cdb,5,ars,5,28
9571,5805dec2-b9a9-4314-9e19-729737c7a6c6,4,ars,5,21
9572,da651f2b-7264-419b-86f7-c68c199ab2eb,5,ars,4,22
9573,dfc7c753-24c4-4193-ae2b-2ee1af876a13,5,mw,5,30
9574,fb0fdb0e-a962-4fa1-8447-b5f52235ffe8,5,mf,5,20
9575,6182a456-4de8-43e2-b54f-5836017a532d,5,ars,5,19
9576,b8d47eb3-c03a-46ae-9ccb-29bb9f61162b,5,ars,5,30
9577,f627af83-24c8-4c96-a7fd-4e60eddea09e,4,mfars,5,24
9578,95914d89-1f22-4630-8d62-91f2d8d0ed88,5,ars,5,19
9579,747f065e-55d2-47c9-ab2b-c349fcbc001d,3,mw,4,23
9580,820fb470-45af-4458-a617-8ea1f9d8915d,5,mdn,4,30
9581,ff9d3a2b-707a-4274-9447-421946699738,5,mdn,5,25
9582,d6d28a99-70f3-4053-961c-029e34621e96,5,mdn,5,21
9583,14d84dec-8ae5-46d1-aebd-b3aa52f097ff,3,ars,4,30
9584,caa1cb22-fbe5-43dd-bba4-11dd60e108aa,5,mw,4,26
9585,ede1c719-13be-432a-958d-e5e220f7b972,4,ars,4,21
9586,efee5412-be59-448d-9f6e-9a7dcf201113,5,ars,3,29
9587,d056ef76-a2d5-4e81-9a82-0a5190a878e8,5,mw,4,28
9588,ddd0d578-3230-498c-9471-c90132d0399a,5,k,5,18
9589,220cc7c6-0cef-413b-af2a-ec2208ceac65,5,mf,5,20
9590,50fe2f3d-7fa4-43b4-b182-6ff9a0371dd4,5,ars,5,25
9591,f59c8c41-7c50-4929-a64d-49cf2e587423,5,ars,3,24
9592,ff4a3b75-5599-4d90-95f0-8a1bf29c5849,5,ars,3,27
9593,5d8a1dd5-498e-47ba-8bfc-62763467a996,4,mdn,5,27
9594,1f4653ef-22c9-4df4-acae-3ce6dcf43075,5,ars,4,26
9595,1b8f176a-44b5-4b9f-b3aa-7fd66e2c5697,5,mdn,5,20
9596,0b187bd8-2c9e-4c1a-ad95-1ac60fa3f39d,5,mdn,5,20
9597,d5fbe51e-866a-4bc6-acd4-65604d50f3e6,4,mdn,5,22
9598,6d494d2e-4ab9-4884-b620-e73214923863,5,ars,3,18
9599,cae3f7d3-ef38-44cd-99ae-c2606063e41f,4,ars,4,22
9600,2b7f0ba7-166f-43e5-9c60-056b72b479a4,4,ars,4,27
9601,37ff7521-e05d-4635-8d59-e3c6f852d77d,5,ars,5,23
9602,90f03727-0a86-4f64-8828-9b8d6d2a0650,5,ars,5,28
9603,b94abf88-995e-47ac-9dae-0fc713c19fd9,4,mdn,4,27
9604,e62e4b0c-e929-48f4-ad21-f172df57e747,5,ars,4,23
9605,73b6df25-7321-4250-8a5d-2d58573b14ec,5,ars,5,24
9606,a997b75b-15b5-4973-bd5c-0372fd8cb344,4,mf,3,22
9607,4f727795-2eba-42fd-97a6-dd7a8a15282b,4,ars,4,19
9608,d4024ed1-cddb-4e3c-aea5-6616191d699f,3,ars,5,29
9609,f79501bb-dbe6-4ba4-8439-e4740856c51a,5,ars,4,25
9610,d1d66775-cc03-42ea-ad3c-681efafb3682,5,ars,4,24
9611,202f45d7-fcef-4cc2-8278-6cd8e89d01cd,5,ars,5,19
9612,4afd54fc-f5e7-41c3-beaf-b9b1270a218c,5,ars,5,28
9613,5fb096ef-d891-4c20-aabc-80216c7d0ac6,4,je,4,22
9614,98101cf4-a26d-4e32-9f91-6f42993b3ea1,5,mdn,2,18
9615,0bb3ee6a-85cc-4eb3-b648-e8c08e1364db,5,mdn,4,24
9616,3d110c2c-e912-45ac-b49c-d55781dd00dd,5,mf,5,26
9617,45d72ac3-0209-493e-9d5a-8a966d562845,4,k,5,23
9618,223e96b7-dfbe-442b-9b28-7fef065a6044,5,mw,5,19
9619,60a29855-f1ba-4d16-a0e5-45fdc18d8780,3,k,5,28
9620,22573f4b-b316-4b08-8b75-d05541ea7fcd,5,mdn,4,25
9621,0e354232-854f-43ec-944d-b120245eea4d,4,mdn,3,21
9622,bd3fa596-ba3b-4756-90a8-164d551c2b98,4,mdn,4,19
9623,b07938ae-0ab3-44a5-9009-465521064ed4,4,ars,5,18
9624,bd3fa596-ba3b-4756-90a8-164d551c2b98,4,ars,5,19
9625,2b7f0ba7-166f-43e5-9c60-056b72b479a4,5,ars,4,27
9626,cdb366d6-e302-45aa-b61c-6bb4bd827c4f,5,mdn,5,22
9627,80b41e1b-5190-447f-b409-c16b01162cf0,3,mdn,5,22
9628,e33fe1f5-796c-4c1d-84c4-32eb396f9837,5,ars,5,24
9629,c16dd75d-767f-4f05-a3cf-e3207ecb51a4,5,mf,5,19
9630,79ce6eb0-d1d0-42fe-b157-1bb64abf5596,4,ars,5,23
9631,2a205037-8c86-4372-a92d-d81ee9b38025,3,mf,4,21
9632,aac4a278-e82f-40cc-9662-861f6b2ac634,4,mf,5,18
9633,73b6df25-7321-4250-8a5d-2d58573b14ec,5,mf,5,24
9634,e33fe1f5-796c-4c1d-84c4-32eb396f9837,5,ars,5,24
9635,fcf4ee65-4267-4b08-bb3d-1860d83cb6e0,4,ars,5,29
9636,2af566fa-f86c-462b-b3cf-5868069d103e,5,mdn,5,21
9637,5e454df6-a68f-4b76-b06a-f576ed27a11e,5,ars,5,22
9638,d6d28a99-70f3-4053-961c-029e34621e96,5,ars,4,21
9639,b2120df0-7828-41fd-8a67-19bf1554d594,5,ars,5,19
9640,1c8b2fc6-6dea-4184-9cb0-5dfbe49b73da,3,ars,4,30
9641,d26cad8a-57db-41ec-9679-d73b30e718dc,5,mdn,5,30
9642,0f1a02d0-badb-422e-a97f-76df0e23f581,5,mf,5,26
9643,2f17238b-3151-4596-bd04-d55f4c80a066,3,mdn,5,30
9644,5d8a1dd5-498e-47ba-8bfc-62763467a996,5,ars,4,27
9645,84d29b44-26c6-4b05-8a67-31831d35be32,5,ars,5,28
9646,6182a456-4de8-43e2-b54f-5836017a532d,5,ars,4,19
9647,d5fbe51e-866a-4bc6-acd4-65604d50f3e6,5,mdn,4,22
9648,11b7094b-b88a-4478-b067-09000dfe4062,5,tam,5,25
9649,15500f87-5d38-4e31-b34d-fe209c3a5de4,5,mdn,3,18
9650,f627af83-24c8-4c96-a7fd-4e60eddea09e,5,mdn,5,24
9651,95914d89-1f22-4630-8d62-91f2d8d0ed88,4,mw,5,19
9652,e876c637-3708-402f-9fc3-ed2a59c697c9,5,ars,3,27
9653,8836f623-a6e4-442f-aa50-99c436187488,5,mw,5,24
9654,9054ffc8-9df3-4b73-a700-17b228a19cba,5,mdn,4,29
9655,d9196f86-a4c4-48aa-89e6-1f61947b8201,3,mdn,2,24
9656,b50df7ff-04f6-45b6-b3fd-0d96d4fbcd61,5,mdn,4,18
9657,6e83b88a-84c4-4f8a-8fa9-9ff48e48fa49,5,mf,2,24
9658,f96dc1f6-d3a8-4cf6-a3ab-6a1182d41edd,4,mf,5,23
9659,d1d66775-cc03-42ea-ad3c-681efafb3682,5,ars,3,24
9660,342ea9ee-c313-48ec-9c3e-d11cc7614f54,5,mfars,5,29
9661,3e262f96-1a3a-4620-a5cb-26350e9ead3e,4,ars,4,22
9662,8f526ed2-d369-4494-ac76-83d6b718337f,4,je,4,21
9663,8f526ed2-d369-4494-ac76-83d6b718337f,5,mfars,5,21
9664,e04076e5-3fab-4e6b-9f79-38c54336e47b,5,ars,5,20
9665,c005b690-b142-4d65-85e4-6ae65a48024d,5,mf,5,27
9666,a51ce71d-9acf-4e2f-b3bb-2d456a3de7ec,3,mdn,3,22
9667,6f680a58-6e7f-4b24-ab2a-8f615cd14a21,5,ars,5,27
9668,747f065e-55d2-47c9-ab2b-c349fcbc001d,3,mdn,5,23
9669,26321a8a-0e7d-451e-a0f3-787a7432d9cb,5,mdn,5,28
9670,acf94512-66a4-418e-98d7-dfc6c4691d80,5,ars,4,24
9671,59ad52ab-0325-4f71-bbf8-6d0eabc630ad,4,mdn,4,30
9672,1fb37a6e-bfb4-48da-b71f-d813fb59ef1c,5,mf,5,30
9673,eb5ab705-64b5-4824-80b1-748c0c01560b,5,mdn,4,30
9674,663c3978-6013-4a55-9a58-5d538e435021,5,ars,4,25
9675,39acfef6-976a-4ca5-a481-e5d887907fad,5,mdn,5,19
9676,efee5412-be59-448d-9f6e-9a7dcf201113,5,mw,5,29
9677,79ce6eb0-d1d0-42fe-b157-1bb64abf5596,5,ars,4,23
9678,73b6df25-7321-4250-8a5d-2d58573b14ec,3,ars,5,24
9679,a51ce71d-9acf-4e2f-b3bb-2d456a3de7ec,5,mdn,5,22
9680,1fb37a6e-bfb4-48da-b71f-d813fb59ef1c,5,mdn,5,30
9681,ebd78cae-0a5d-43ed-bf3e-b6c496bd4b64,5,mdn,5,26
9682,e7ec3fdb-639e-430f-978e-10c034fd3978,5,ars,5,21
9683,d4024ed1-cddb-4e3c-aea5-6616191d699f,3,ars,4,29
9684,7c7aeed7-f005-426d-aafd-368700609ba0,4,k,5,22
9685,d5b84e64-0316-493b-9d2d-3d5a49490e9c,5,ars,4,21
9686,9ac75f91-4f73-4df0-bb20-b7de3069baee,4,ars,5,25
9687,8bad8df3-fd1c-47eb-a830-cd085d8918f1,5,ars,4,20
9688,8e0fa808-9c9f-47f2-aaa1-6fd29a3c638d,5,ars,5,19
9689,f4470d04-89ee-4c8e-99d8-4ed12535524b,4,mw,5,23
9690,2af566fa-f86c-462b-b3cf-5868069d103e,5,mdn,5,21
9691,a2509b39-af24-4703-842f-27c2dcd12475,4,mf,5,29
9692,14d84dec-8ae5-46d1-aebd-b3aa52f097ff,5,ars,5,30
9693,98101cf4-a26d-4e32-9f91-6f42993b3ea1,3,ars,5,18
9694,7c032388-80b3-48e9-be91-56bf32f69e9c,5,-,5,29
9695,9493905e-b65c-40ce-b799-c350ed3e1f18,5,k,4,23
9696,b94abf88-995e-47ac-9dae-0fc713c19fd9,5,mdn,4,27
9697,a2509b39-af24-4703-842f-27c2dcd12475,5,mdn,4,29
9698,53204bad-4011-4a1a-b4d1-cee62543e32e,4,mf,5,20
9699,be4db01d-a7c7-4918-93df-7014dc077733,5,mdn,5,22
9700,391319c2-41bc-4213-ba51-0e06718e1803,4,ars,4,26
9701,f6079976-5f69-482b-8b84-179dd5524bfa,3,ars,5,28
9702,a51ce71d-9acf-4e2f-b3bb-2d456a3de7ec,3,mdn,5,22
9703,d99430cc-3810-4660-823f-02144b19ea3d,4,ars,5,29
9704,14d84dec-8ae5-46d1-aebd-b3aa52f097ff,5,ars,4,30
9705,b19d51d1-cbaf-4d83-948a-e8f634e3ca48,5,ars,5,21
9706,2f586764-da78-499d-9a41-eafd03844e80,5,mw,5,29
9707,e9b443df-a15c-4c9f-b225-c44096cdcb9e,5,mw,5,19
9708,61dbc7bb-5997-4446-a7eb-5b0cd4ea98db,5,mdn,3,24
9709,b5bc6003-dc35-4ca6-b16c-1752ffb0d186,4,-,3,20
9710,a50dc3c0-5a19-4025-83eb-5812671c9480,5,mdn,5,20
9711,0aa927af-2e14-47b5-bb75-c1c700b13262,5,mdn,5,25
9712,b94abf88-995e-47ac-9dae-0fc713c19fd9,5,ars,5,27
9713,fe2ef5d1-e5b0-4c59-b553-8a14aa6485fd,5,mdn,4,28
9714,921eaf8b-9aee-46c9-8e43-76663964131c,5,ars,5,21
9715,89659f75-6600-40be-8c14-322a5ae87e24,5,mf,5,23
9716,6e77a16f-1fc0-43a6-bf10-ef592e2084ea,5,mdn,4,28
9717,2af566fa-f86c-462b-b3cf-5868069d103e,4,mf,5,21
9718,a14d25d1-f7f8-4220-8946-96cf6b19cae9,4,ars,4,24
9719,e696ca58-d61a-449b-8aae-30772b7d92e3,4,mdn,3,24
9720,0b5bc2f8-6b6b-4cd8-abdd-7c9350676492,5,ars,4,26
9721,573f0cfc-29ec-4c96-b6fa-c4b9c5746ccf,5,mdn,4,28
9722,d26cad8a-57db-41ec-9679-d73b30e718dc,4,mf,4,30
9723,ed9b6e30-d898-4452-97e1-ccbcff4a27bb,4,ars,5,18
9724,d6d28a99-70f3-4053-961c-029e34621e96,4,mdn,4,21
9725,8905a79c-4956-4918-b85f-f194e57c2e62,4,mdn,4,24
9726,d5bb291b-06cc-4dec-968a-ce7db7529f77,5,ars,5,28
9727,88c6509b-cbe2-47c6-ad02-97c92e300c48,3,ars,5,30
9728,cee74a0a-0b19-443e-93ff-152112089c51,5,ars,5,24
9729,ddd0d578-3230-498c-9471-c90132d0399a,5,mf,5,18
9730,91753f65-ede6-4be5-b7a7-9e8b4da7cc42,4,ars,3,21
9731,c4cf804a-7759-4269-8562-c7141d2c18c7,5,ars,5,24
9732,f2708137-31a5-416c-bbff-7155fb5aa25c,4,mdn,5,19
9733,d1d66775-cc03-42ea-ad3c-681efafb3682,5,ars,4,24
9734,eeebd242-3df2-464c-9aa3-cd5781da8039,5,mf,5,20
9735,f4470d04-89ee-4c8e-99d8-4ed12535524b,5,mdn,5,23
9736,af410c09-749d-4f0b-bdb1-f3d0e42a2b0f,4,ars,5,19
9737,7428131a-f272-433f-b7ae-725af2ab628d,4,fg,5,29
9738,a2509b39-af24-4703-842f-27c2dcd12475,5,mf,5,29
9739,7c7aeed7-f005-426d-aafd-368700609ba0,4,ars,5,22
9740,a997b75b-15b5-4973-bd5c-0372fd8cb344,5,mdn,5,22
9741,ab3fe741-a432-4b93-97e7-ca7f86b14d56,3,mdn,5,21
9742,1cb0d1bf-328c-48fc-ba36-d238bcf1b7f6,5,ars,3,22
9743,a76629f6-fe9d-4e32-a4ab-46b9faf116a0,5,ars,5,25
9744,b661cc43-3695-4a39-b0dc-21164ec6e199,4,mf,5,20
9745,80b41e1b-5190-447f-b409-c16b01162cf0,5,ars,5,22
9746,216de2aa-e0bf-41b4-92da-3ad50ab2af5e,5,mf,5,22
9747,afcb575e-c985-4e48-8663-6e73dd6dbe65,5,mdn,5,29
9748,0e97a2f7-f21a-4142-b564-eac1d55150cb,5,ars,5,28
9749,40ef5c66-cc76-49a6-851d-1b58fe2953d7,5,mf,4,29
9750,66435fb2-4e78-43d7-952d-d83ed97c5590,4,mdn,3,21
9751,e98d0b49-dc22-4be4-89e6-38ba25d671b3,4,ars,5,21
9752,a59fa924-4733-471c-8754-f6595cd0e6f1,5,mf,5,27
9753,64272418-9b0a-406a-8bbe-e115bdbfc718,5,mw,5,25
9754,2b7f0ba7-166f-43e5-9c60-056b72b479a4,5,mdn,5,27
9755,abeb14a7-d8db-429f-9acc-79ef8cdf9a02,5,k,5,23
9756,da651f2b-7264-419b-86f7-c68c199ab2eb,5,ars,5,22
9757,2f773992-bd33-499d-b4d8-9de663d61d09,5,mdn,5,18
9758,b5ed5b65-c1bf-4b2f-b650-e60a5139f1bc,4,mdn,5,20
9759,6f9ed042-aee1-4527-9335-284bb7d27521,5,ars,5,29
9760,d1f141a2-1152-4522-ac13-eb572de63737,4,mw,4,23
9761,9347de8d-7c8f-4fe7-bb9d-ccf63c729d89,3,mdn,4,26
9762,17f173bf-52a2-4042-80ee-6d30d0217f4c,4,mdn,5,20
9763,5ef119b1-883b-4964-8400-341414ee551a,5,mf,5,22
9764,f064f333-666c-499f-bfcb-b71607e60de7,5,ars,4,30
9765,be5ec881-1245-4f55-9f25-8f76599294aa,5,k,5,24
9766,6cfc3694-9d16-4d0e-be7d-e717b3e39ea9,4,mf,5,19
9767,fcf4ee65-4267-4b08-bb3d-1860d83cb6e0,5,mfmw,5,29
9768,d5fbe51e-866a-4bc6-acd4-65604d50f3e6,5,j,5,22
9769,0e58e77d-a18e-44d2-9fb8-522685cc2b76,5,ars,3,21
9770,d4024ed1-cddb-4e3c-aea5-6616191d699f,5,mdn,5,29
9771,a8272db8-0e9f-4372-a757-661bd02f9051,4,mdn,4,26
9772,b19d51d1-cbaf-4d83-948a-e8f634e3ca48,4,ars,4,21
9773,73b6df25-7321-4250-8a5d-2d58573b14ec,5,ars,3,24
9774,67313ce6-34e5-492a-ab7b-4e50acceb029,5,mdn,5,28
9775,fefb10d9-4247-4d30-b89d-9efd8c703bf1,5,ars,5,23
9776,48a6d994-4f5b-468f-a96b-9ebe47e8e279,4,ars,4,18
9777,c0f96359-1d50-4ea2-b4d2-98cffcc461bf,5,mdn,5,18
9778,55284c4b-b914-4e5d-9551-79d8f5b4eb5d,3,mdn,5,26
9779,d6d28a99-70f3-4053-961c-029e34621e96,5,mf,4,21
9780,f10cf3ff-f51e-442d-bee4-d1c0099c264c,5,mdn,4,29
9781,9a61b41c-a3e3-4ee1-b5d0-fd87681fe92a,5,ars,5,21
9782,e0766991-32fc-4294-b1e2-a0dff52c64f2,4,ars,5,23
9783,3d0ea613-5462-4785-91d0-04f2331473f5,4,mdn,5,19
9784,752ccf1a-c3a9-463a-af5a-ee8a0815ddad,5,mw,5,18
9785,fea9deb6-7320-4e71-8c81-a5529ccdd68c,5,mdn,5,23
9786,9fdd2e9f-bbb9-4c36-ad62-91b8914dd0ea,5,mw,5,25
9787,dfc7c753-24c4-4193-ae2b-2ee1af876a13,5,mfars,5,30
9788,f627af83-24c8-4c96-a7fd-4e60eddea09e,5,ars,3,24
9789,f9c4d67a-8176-4831-b098-8d866ed2dd52,5,mdn,5,20
9790,89659f75-6600-40be-8c14-322a5ae87e24,4,ars,4,23
9791,5c1e8c88-6c25-4e21-99e7-98f3140d754f,5,ars,5,22
9792,ae40a3a5-e900-4cbc-8955-280bd7529d92,5,ars,5,21
9793,38f9af29-497a-49e7-b561-797d2a207cf0,4,mw,4,30
9794,5febecf8-2d9f-471b-9303-cd8dd0f658af,5,mf,5,28
9795,e876c637-3708-402f-9fc3-ed2a59c697c9,4,ars,3,27
9796,7428131a-f272-433f-b7ae-725af2ab628d,5,k,5,29
9797,fea9deb6-7320-4e71-8c81-a5529ccdd68c,5,k,5,23
9798,d13135a7-9a68-4169-815e-981149a54291,4,mdn,5,27
9799,670e36fe-2b5e-4426-919b-889ef9ae7dc9,4,mdn,5,26
9800,67313ce6-34e5-492a-ab7b-4e50acceb029,4,ars,3,28
9801,689f72f3-8a26-4eb9-abf2-c41108bc5bb6,4,ars,5,23
9802,29db820a-86ac-4510-88f7-184d6f9dcf9c,4,mdn,5,18
9803,8e3026d2-a977-4221-a6cc-c30fd3590962,4,mdn,5,30
9804,dab9d52e-ee1a-4508-a4d6-5dd373bb25f6,5,ars,5,19
9805,11cb3da8-b076-4554-b86b-ad619773b101,4,mdn,4,27
9806,83cff052-3ad9-416d-b26e-4797eccc0f10,5,mdn,5,25
9807,b19d51d1-cbaf-4d83-948a-e8f634e3ca48,5,mdn,4,21
9808,a8272db8-0e9f-4372-a757-661bd02f9051,5,mw,5,26
9809,b5ed5b65-c1bf-4b2f-b650-e60a5139f1bc,5,ars,5,20
9810,b7ba5486-611f-4ead-9e37-51de7d6961bb,5,ars,5,30
9811,7f337d29-cfd2-4a03-bbb9-ec6196e1d34d,5,mfarsmdn,5,30
9812,e62e4b0c-e929-48f4-ad21-f172df57e747,4,mdn,5,23
9813,ec3f623a-65f2-4b0d-937b-d0d1c4325976,5,ars,5,30
9814,37725a9e-f7e1-4803-ad03-e9be32e186d4,4,mdn,5,20
9815,26321a8a-0e7d-451e-a0f3-787a7432d9cb,3,mdn,3,28
9816,f59c8c41-7c50-4929-a64d-49cf2e587423,4,mw,4,24
9817,8f526ed2-d369-4494-ac76-83d6b718337f,4,mdn,5,21
9818,65f9bddd-fe54-4b4a-b2fa-8104c5db89c0,5,mdn,5,30
9819,7fab4381-0d58-4c87-890a-00f892c6b4d3,3,ars,5,27
9820,3c24d078-c8f8-4f83-ab59-6d25c5b84bc2,5,mdn,5,30
9821,d6d28a99-70f3-4053-961c-029e34621e96,5,mdn,5,21
9822,98101cf4-a26d-4e32-9f91-6f42993b3ea1,5,ars,3,18
9823,20d213ef-76bf-41bb-bc87-9ffcfa2127bc,5,mdn,5,26
9824,37725a9e-f7e1-4803-ad03-e9be32e186d4,5,mfars,4,20
9825,22c4015e-dc9e-4d9e-b7f2-3a69fe57a3b8,5,ars,5,22
9826,342ea9ee-c313-48ec-9c3e-d11cc7614f54,5,mw,5,29
9827,ac687490-2263-42a4-b629-41f9cb808ec3,5,ars,5,28
9828,d056ef76-a2d5-4e81-9a82-0a5190a878e8,5,ars,4,28
9829,44ca9a06-8b5d-42d1-a313-dfee18559727,4,mdn,4,28
9830,4c618e0b-e52e-4b54-98ca-542b28fe4432,5,ars,3,18
9831,b7ba5486-611f-4ead-9e37-51de7d6961bb,4,mdn,5,30
9832,3418969d-5c13-46ee-8df0-794019e7a64f,5,mdn,5,30
9833,e0766991-32fc-4294-b1e2-a0dff52c64f2,3,mdn,5,23
9834,9edfb2eb-d613-48d3-bce6-bc81bffc2ac7,5,ars,4,25
9835,de26149b-380f-42c9-bdc1-a8584f2c5233,5,ars,4,29
9836,93515f8d-d789-46de-bb36-728e6b16625a,4,mdn,5,20
9837,83cff052-3ad9-416d-b26e-4797eccc0f10,4,mdn,5,25
9838,3957973a-682a-4959-b576-9a085c8a44ae,5,ars,3,28
9839,38ba55a0-96fe-4f04-af03-fe2a75bf9968,4,ars,5,26
9840,95d5bb8d-2790-43d4-a0a3-970e5fe6ac19,4,mdn,3,18
9841,79ce6eb0-d1d0-42fe-b157-1bb64abf5596,3,ars,4,23
9842,50bc13c3-0c72-4cab-a0af-b1569c6608e6,5,k,5,30
9843,20d213ef-76bf-41bb-bc87-9ffcfa2127bc,4,ars,4,26
9844,e0c2a19b-d844-4f21-887c-a90f7c9b4346,5,mdn,5,28
9845,3418969d-5c13-46ee-8df0-794019e7a64f,3,mdn,5,30
9846,1d9c5351-1850-448d-a113-86faf797165f,3,ars,5,20
9847,24f641eb-913a-4416-84af-07ec8721940e,4,ars,5,20
9848,6f9ed042-aee1-4527-9335-284bb7d27521,5,ars,5,29
9849,b8d47eb3-c03a-46ae-9ccb-29bb9f61162b,3,mfarsmdn,3,30
9850,9798eef8-20b9-4df4-a0de-81ed2227b9bf,4,mf,5,24
9851,f63a1efa-33c6-40c7-8688-ef9d34466284,4,mf,4,24
9852,9272dcff-3d6f-401f-9f68-7c06df177b96,5,mdn,4,20
9853,637a2933-734a-4323-a7e9-7f9f79ad4dc4,5,ars,5,23
9854,e42c716f-8970-4881-89c6-3db8a37ccd35,4,mdn,5,30
9855,e10e6103-9fa7-4a16-bfe4-f437f8ccfdbc,4,mf,4,19
9856,60a29855-f1ba-4d16-a0e5-45fdc18d8780,5,mdn,5,28
9857,22573f4b-b316-4b08-8b75-d05541ea7fcd,5,ars,4,25
9858,a4272ae2-4e7e-4252-a49a-10445c387bc6,5,ars,4,29
9859,792a10ac-a9bb-45ce-af93-7a2619ef61fe,5,mf,4,30
9860,ec3f623a-65f2-4b0d-937b-d0d1c4325976,4,mdn,4,30
9861,3225e9ea-e884-40bd-a656-818e699d86ec,4,ars,4,25
9862,f6c33008-5144-41d8-b2a5-a570e9f1561b,5,mdn,5,21
9863,fdf2851c-a685-4112-80fc-401747191dc3,4,mfars,3,26
9864,cbaaf4cd-85c3-4140-9033-acedf90fa1cb,5,mf,5,22
9865,1fb37a6e-bfb4-48da-b71f-d813fb59ef1c,5,fg,4,30
9866,11cb3da8-b076-4554-b86b-ad619773b101,5,mdn,3,27
9867,709c8608-6cac-4147-9d6e-e8152ce6340c,5,ars,5,24
9868,eeebd242-3df2-464c-9aa3-cd5781da8039,5,mdn,5,20
9869,ad7840ca-5f92-40dd-963a-5f8460b3a9dd,5,ars,4,18
9870,a9c35b24-76a8-4b67-addd-81845fb390c7,5,mdn,5,29
9871,b5bc6003-dc35-4ca6-b16c-1752ffb0d186,5,mf,5,20
9872,9edfb2eb-d613-48d3-bce6-bc81bffc2ac7,5,mw,5,25
9873,7c032388-80b3-48e9-be91-56bf32f69e9c,4,mdn,5,29
9874,ac687490-2263-42a4-b629-41f9cb808ec3,5,mdn,4,28
9875,391319c2-41bc-4213-ba51-0e06718e1803,5,mfars,4,26
9876,8f526ed2-d369-4494-ac76-83d6b718337f,3,mdn,5,21
9877,49b93c8d-21cf-4307-90e1-12f87a2a75a4,5,ars,4,26
9878,3225e9ea-e884-40bd-a656-818e699d86ec,5,ars,5,25
9879,3cd61aab-db88-4ef9-8be4-5f94ff9698e7,5,mfmw,3,20
9880,a2b117e7-ab57-476e-831c-33f7ceb1aa35,4,mdn,4,29
9881,abeb14a7-d8db-429f-9acc-79ef8cdf9a02,5,mdn,5,23
9882,19d5ec55-7543-48c4-8fbc-f01f5a9b2c95,5,ars,5,26
9883,5ef119b1-883b-4964-8400-341414ee551a,5,mf,5,22
9884,8836f623-a6e4-442f-aa50-99c436187488,5,mfmw,5,24
9885,23f67700-5b2a-4ebb-a7a6-2b6bd78cea75,3,mdn,4,21
9886,fea9deb6-7320-4e71-8c81-a5529ccdd68c,4,ars,5,23
9887,0ee3780f-36f5-4ce7-af65-420a0d0b528c,4,ars,4,27
9888,48aeea0c-cfef-4b4a-b94f-415455a9d7af,5,mdn,4,20
9889,f10cf3ff-f51e-442d-bee4-d1c0099c264c,5,ars,5,29
9890,c6843a46-7606-45f7-a642-7dfbe9bb61cf,5,ars,3,28
9891,a5a4ee5b-8385-4dfb-9185-a1deb1531cdb,5,mdn,3,28
9892,d9196f86-a4c4-48aa-89e6-1f61947b8201,5,mw,5,24
9893,37801059-5d8a-4bb8-ac44-c92f83dbfa3a,5,mdn,4,19
9894,af8a0613-364e-42b4-903f-c2ea6ed41cea,4,ars,5,26
9895,9ffb6093-07ab-4c59-8f50-d7b38b640c04,5,mdn,4,29
9896,f064f333-666c-499f-bfcb-b71607e60de7,5,ars,5,30
9897,23205395-678b-4b55-a150-3fc8227c3a18,5,ars,5,29
9898,f6079976-5f69-482b-8b84-179dd5524bfa,5,mdn,5,28
9899,c44794ff-60de-42e8-9ac1-d221a8ab29c0,4,je,5,30
9900,e11ba41b-805a-4223-afa6-67c773666985,4,mdn,5,30
9901,22573f4b-b316-4b08-8b75-d05541ea7fcd,5,ars,5,25
9902,f63a1efa-33c6-40c7-8688-ef9d34466284,5,ars,3,24
9903,1fb37a6e-bfb4-48da-b71f-d813fb59ef1c,4,mf,5,30
9904,bf94eb8d-5d4f-43d3-9528-ff5ef9009951,4,-,5,24
9905,b52aa66d-49b6-4823-b15d-19817ab072ab,5,mdn,5,24
9906,789055e5-3d0a-423a-bd82-c9fcfdf03bac,5,mf,5,30
9907,4cf82814-1d7e-430c-bba3-247af2552306,4,ars,5,19
9908,802f27c7-ea1a-4e42-97b3-8174f236e379,5,ars,4,29
9909,20c3a3f4-11c6-43d4-a63d-88f54b3b8096,5,mf,5,30
9910,de26149b-380f-42c9-bdc1-a8584f2c5233,5,mdn,5,29
9911,b72ffd03-aef1-4d7f-896e-953964384583,5,mdn,3,24
9912,342ea9ee-c313-48ec-9c3e-d11cc7614f54,5,mdn,4,29
9913,79ce6eb0-d1d0-42fe-b157-1bb64abf5596,5,ars,3,23
9914,dac33426-3c77-4e9c-807c-3ecdc261339f,2,ars,3,20
9915,48aeea0c-cfef-4b4a-b94f-415455a9d7af,4,mdn,3,20
9916,7fab4381-0d58-4c87-890a-00f892c6b4d3,5,mdn,5,27
9917,2af566fa-f86c-462b-b3cf-5868069d103e,5,mdn,5,21
9918,cdb366d6-e302-45aa-b61c-6bb4bd827c4f,5,mdn,5,22
9919,a1408643-a549-447c-b867-6886faa00fca,5,mw,5,19
9920,f29b1b86-ab96-4876-889d-70b5955a01c7,5,mdn,5,27
9921,689f72f3-8a26-4eb9-abf2-c41108bc5bb6,5,ars,4,23
9922,2d1a4ae6-c125-4238-ae47-5496c45d5d8c,4,mw,4,24
9923,93515f8d-d789-46de-bb36-728e6b16625a,4,mw,5,20
9924,53204bad-4011-4a1a-b4d1-cee62543e32e,4,ars,5,20
9925,b08e0cea-9237-4a5a-87d6-3f72a313ae3f,5,k,5,29
9926,e59739bb-d66f-479b-92f8-1a526fb5a428,5,mf,4,22
9927,e42c716f-8970-4881-89c6-3db8a37ccd35,5,ars,5,30
9928,73ae6177-466a-40ab-833a-67f5a7eedc79,4,mw,2,26
9929,9c190f0c-c070-4a52-946b-462086f30106,5,mf,3,25
9930,366c8261-243e-4eab-9695-6df81979597a,5,mdn,5,18
9931,0e354232-854f-43ec-944d-b120245eea4d,3,mdn,4,21
9932,375b7df7-16cd-4376-965f-52dc0c4f3eb3,5,ars,5,23
9933,9b6d950a-d667-4f0b-ac67-0d810b2feff6,4,mw,5,22
9934,ef4ca2ea-04a0-43cb-b257-87ad0f4d14b0,3,mdn,4,29
9935,95914d89-1f22-4630-8d62-91f2d8d0ed88,5,ars,5,19
9936,9e679f83-7105-4a2c-b9d2-82964ea88b4f,4,mdn,5,25
9937,a51ce71d-9acf-4e2f-b3bb-2d456a3de7ec,5,mdn,5,22
9938,a51ce71d-9acf-4e2f-b3bb-2d456a3de7ec,5,mfars,3,22
9939,9f60f579-c330-400e-a75a-6d0d289424c1,5,tam,5,19
9940,23205395-678b-4b55-a150-3fc8227c3a18,5,ars,4,29
9941,c0db802b-635c-4f93-b4cb-7d9883a43093,5,mdn,4,28
9942,ebd78cae-0a5d-43ed-bf3e-b6c496bd4b64,3,mf,3,26
9943,e0c2a19b-d844-4f21-887c-a90f7c9b4346,3,mdn,5,28
9944,d057bbf9-c5fa-420a-9bb9-1f6322853d1c,3,ars,5,27
9945,789055e5-3d0a-423a-bd82-c9fcfdf03bac,5,mf,3,30
9946,202f45d7-fcef-4cc2-8278-6cd8e89d01cd,5,mdn,5,19
9947,20c3a3f4-11c6-43d4-a63d-88f54b3b8096,5,ars,3,30
9948,df68b52d-88f5-4b15-9731-39301acac35b,5,mdn,4,24
9949,0b187bd8-2c9e-4c1a-ad95-1ac60fa3f39d,5,mdn,5,20
9950,3715dae0-d872-499f-8f0c-fabf940e2bc0,4,mf,5,25
9951,d2def5be-4ed5-4735-ba73-d6a360f58a69,5,ars,5,25
9952,3ebec66e-6765-4b6b-a97a-c0eb8314e327,4,mdn,5,20
9953,d5fbe51e-866a-4bc6-acd4-65604d50f3e6,4,ars,5,22
9954,1fb37a6e-bfb4-48da-b71f-d813fb59ef1c,5,mdn,5,30
9955,b8b1fa86-8f82-4898-a242-72dfdcfc0b75,5,k,4,25
9956,e0766991-32fc-4294-b1e2-a0dff52c64f2,5,mdn,4,23
9957,9a61b41c-a3e3-4ee1-b5d0-fd87681fe92a,4,k,5,21
9958,6e1d86b6-1249-4c44-a984-f1ea046d19b8,3,mf,3,19
9959,9b87a188-a71f-4d7a-bb50-b7fae8022f80,5,mfars,5,27
9960,cbce132e-cb8f-4aac-a1c1-a776704aebef,5,ars,5,27
9961,26180c48-bfbb-4af5-b4ff-6a1aa15b9f84,5,mf,4,28
9962,fdf2851c-a685-4112-80fc-401747191dc3,5,mdn,4,26
9963,3cd61aab-db88-4ef9-8be4-5f94ff9698e7,5,ars,5,20
9964,8cc0183c-f480-475a-a25b-559f3576b7c5,5,mdn,5,18
9965,b5bc6003-dc35-4ca6-b16c-1752ffb0d186,5,ars,3,20
9966,b8617d9b-d83b-4256-a87a-6edeaaedc6ba,3,ars,4,24
9967,c0db802b-635c-4f93-b4cb-7d9883a43093,5,ars,5,28
9968,d13135a7-9a68-4169-815e-981149a54291,4,mfmw,5,27
9969,789b8d4b-a8d0-430d-9fd4-29d445b2f6f2,5,mf,5,29
9970,391319c2-41bc-4213-ba51-0e06718e1803,5,ars,5,26
9971,f63a1efa-33c6-40c7-8688-ef9d34466284,5,mdn,4,24
9972,19d5ec55-7543-48c4-8fbc-f01f5a9b2c95,5,ars,4,26
9973,6f9ed042-aee1-4527-9335-284bb7d27521,5,mdn,5,29
9974,0f1a02d0-badb-422e-a97f-76df0e23f581,5,mdn,5,26
9975,7f337d29-cfd2-4a03-bbb9-ec6196e1d34d,5,mdn,3,30
9976,8e0fa808-9c9f-47f2-aaa1-6fd29a3c638d,4,mf,5,19
9977,24e8d7e7-70e0-47f0-835c-f03045861de5,5,ars,4,25
9978,663c3978-6013-4a55-9a58-5d538e435021,5,mdn,5,25
9979,dd17fd3c-6723-465c-8b53-ce5998b51003,5,ars,5,20
9980,8905a79c-4956-4918-b85f-f194e57c2e62,5,mfmw,5,24
9981,6ec72b3a-0222-42ca-a3fe-bc17e019a32f,3,mdn,5,24
9982,52a42141-4b24-488f-8631-7ef301b1c14c,4,ars,5,27
9983,e7cb74f4-ab7a-4555-90a9-a9f5ecb3f9b6,5,mdn,5,28
9984,e42c716f-8970-4881-89c6-3db8a37ccd35,3,ars,5,30
9985,3ad458ed-6069-4907-a71e-efda23c5abff,5,ars,3,28
9986,6be004f0-b701-4daa-b7e2-312b56f97129,5,mdn,3,23
9987,2f520f04-c2d9-4b9c-a029-6f9df9507b70,3,mdn,4,20
9988,f59c8c41-7c50-4929-a64d-49cf2e587423,5,mfars,4,24
9989,aac4a278-e82f-40cc-9662-861f6b2ac634,5,mdn,5,18
9990,c0db802b-635c-4f93-b4cb-7d9883a43093,5,mdn,4,28
9991,bf94eb8d-5d4f-43d3-9528-ff5ef9009951,5,ars,5,24
9992,921eaf8b-9aee-46c9-8e43-76663964131c,4,ars,5,21
9993,df68b52d-88f5-4b15-9731-39301acac35b,5,mdn,5,24
9994,a4272ae2-4e7e-4252-a49a-10445c387bc6,5,mdn,3,29
9995,bf94eb8d-5d4f-43d3-9528-ff5ef9009951,5,mdn,5,24
9996,9a61b41c-a3e3-4ee1-b5d0-fd87681fe92a,5,ars,5,21
9997,651aa3c1-3bba-4b30-9471-e0f7857900f7,4,mdn,5,29
9998,cbaaf4cd-85c3-4140-9033-acedf90fa1cb,5,mdn,4,22
9999,ff9d3a2b-707a-4274-9447-421946699738,5,ars,4,25
10000,0b187bd8-2c9e-4c1a-ad95-1ac60fa3f39d,5,ars,5,20
10001,f8a5ac4a-6f9a-4356-a9d7-142b91a4c9a4,4,ars,5,21
10002,581e0c61-097c-43a1-807a-d1f21bf13e0c,5,mdn,4,28
10003,53f8916f-1f81-4fd4-ba7e-b3574e6852eb,3,ars,4,19
10004,9a61b41c-a3e3-4ee1-b5d0-fd87681fe92a,5,je,5,21
10005,6e77a16f-1fc0-43a6-bf10-ef592e2084ea,4,ars,5,28
10006,483a2cf3-98f9-456d-81d9-022710423c23,4,mdn,4,24
10007,19d5ec55-7543-48c4-8fbc-f01f5a9b2c95,5,je,4,26
10008,581e0c61-097c-43a1-807a-d1f21bf13e0c,5,mf,5,28
10009,17f173bf-52a2-4042-80ee-6d30d0217f4c,3,mdn,4,20
10010,ac1781e0-796b-4d94-a324-680e348fe2cb,3,ars,4,22
10011,a21eedda-983a-47dd-81fc-20e1b1f34d9e,5,mdn,5,26
10012,90f03727-0a86-4f64-8828-9b8d6d2a0650,5,ars,5,28
10013,cb05f3e4-515e-4567-9ec2-b3d043b9f1e4,5,ars,5,22
10014,8c45b709-a6d6-49b8-b996-e76dc0934213,5,mw,5,23
10015,53292fdb-b353-457a-8482-81bdab16d44f,4,mdn,5,30
10016,3c24d078-c8f8-4f83-ab59-6d25c5b84bc2,3,mw,5,30
10017,5cf62f0f-9b68-4dd7-9dd1-78727e147558,5,ars,5,19
10018,0a986dd7-a658-40a9-9d1b-d3074e036e35,5,mdn,3,30
10019,64272418-9b0a-406a-8bbe-e115bdbfc718,5,mdn,3,25
10020,207a3175-fda0-43fb-8b30-c257bf055847,5,ars,5,29
10021,e9b443df-a15c-4c9f-b225-c44096cdcb9e,5,mf,5,19
10022,2f17238b-3151-4596-bd04-d55f4c80a066,4,ars,4,30
10023,a997b75b-15b5-4973-bd5c-0372fd8cb344,5,ars,5,22
10024,bcb872cd-f6f8-422c-8729-59be0b01e4c4,5,mfars,5,27
10025,2b7f0ba7-166f-43e5-9c60-056b72b479a4,4,k,3,27
10026,e696ca58-d61a-449b-8aae-30772b7d92e3,4,ars,4,24
10027,6d494d2e-4ab9-4884-b620-e73214923863,5,mw,5,18
10028,ed2064be-7d40-4f59-9e7d-d7e7dd54b118,4,ars,5,28
10029,58326bf0-4f33-4c16-b328-cc206f87d423,5,mw,3,28
10030,cdb366d6-e302-45aa-b61c-6bb4bd827c4f,5,ars,4,22
10031,1b06ccbe-4819-4c66-9629-77abef688416,4,mdn,5,25
10032,a04fce7c-b286-4d7c-a980-189ed10f7dcb,5,mdn,5,28
10033,1e22ce44-7a97-4f75-b7f5-d47bd96a8342,5,mf,5,22
10034,984f5641-df2b-40ba-83b2-61ba8eabc65c,5,mdn,5,24
10035,b166452a-784d-4789-941e-1c7b8b6229f6,5,mw,5,21
10036,342ea9ee-c313-48ec-9c3e-d11cc7614f54,5,mf,4,29
10037,0b187bd8-2c9e-4c1a-ad95-1ac60fa3f39d,4,ars,4,20
10038,58d13a75-2efb-4254-85fa-13bdb2ac2156,5,mw,3,19
10039,651aa3c1-3bba-4b30-9471-e0f7857900f7,3,ars,5,29
10040,9f60f579-c330-400e-a75a-6d0d289424c1,5,mdn,3,19
10041,a1408643-a549-447c-b867-6886faa00fca,5,mf,4,19
10042,b8d47eb3-c03a-46ae-9ccb-29bb9f61162b,5,k,5,30
10043,0a986dd7-a658-40a9-9d1b-d3074e036e35,5,mdn,4,30
10044,1c8b2fc6-6dea-4184-9cb0-5dfbe49b73da,4,ars,5,30
10045,393c8d69-3a0e-414a-8b81-6b069e1d3432,4,ars,5,19
10046,ad7840ca-5f92-40dd-963a-5f8460b3a9dd,5,mdn,4,18
10047,e98d0b49-dc22-4be4-89e6-38ba25d671b3,5,mdn,4,21
10048,59ad52ab-0325-4f71-bbf8-6d0eabc630ad,5,ars,5,30
10049,8633ed8f-31e9-45be-8c95-1a50d1658229,4,mw,4,27
10050,de511cef-1fc8-493b-bb99-d9ba30a042c9,5,mdn,3,28
10051,e11ba41b-805a-4223-afa6-67c773666985,4,mf,3,30
10052,c1133665-1bdf-4e34-ad54-083732118089,5,mw,4,18
10053,2c7871c7-4bd5-43a8-aa2c-3c65fc33736c,5,ars,5,26
10054,78cb70fb-cca0-4d6b-83e3-0ca440be5174,5,mw,4,27
10055,9cdeb8f3-f6ad-44fd-bccb-390c69038d0b,5,ars,5,20
10056,640d60da-a441-4460-b386-d9613ee01d28,5,mdn,5,29
10057,573f0cfc-29ec-4c96-b6fa-c4b9c5746ccf,5,mdn,5,28
10058,5e454df6-a68f-4b76-b06a-f576ed27a11e,5,mw,5,22
10059,d26cad8a-57db-41ec-9679-d73b30e718dc,5,mf,5,30
10060,64272418-9b0a-406a-8bbe-e115bdbfc718,4,mdn,5,25
10061,a21eedda-983a-47dd-81fc-20e1b1f34d9e,5,ars,5,26
10062,a2509b39-af24-4703-842f-27c2dcd12475,3,mdn,5,29
10063,90f03727-0a86-4f64-8828-9b8d6d2a0650,4,mdn,5,28
10064,91753f65-ede6-4be5-b7a7-9e8b4da7cc42,5,mf,4,21
10065,e6167931-7dcd-40cb-a065-3804a08ae841,4,mdn,5,30
10066,d5fbe51e-866a-4bc6-acd4-65604d50f3e6,4,ars,5,22
10067,3d110c2c-e912-45ac-b49c-d55781dd00dd,5,mfars,3,26
10068,16b89a6a-1ce4-4a2d-b19e-8d37bc7c7c5e,2,ars,4,21
10069,79ce6eb0-d1d0-42fe-b157-1bb64abf5596,3,mdn,5,23
10070,37ff7521-e05d-4635-8d59-e3c6f852d77d,5,mdn,5,23
10071,6975f225-5acc-48bb-a80d-6a3a5e442fae,3,tam,3,28
10072,a2509b39-af24-4703-842f-27c2dcd12475,4,ars,5,29
10073,6f2f152e-fe85-4611-857a-528266761927,3,mdn,4,20
10074,dac33426-3c77-4e9c-807c-3ecdc261339f,3,ars,5,20
10075,64f2a8ab-33f5-42c6-9ba5-54e65b6b5af4,5,ars,3,30
10076,670e36fe-2b5e-4426-919b-889ef9ae7dc9,5,ars,4,26
10077,18d72f16-5e3b-4cdd-ac63-6847f84789e2,5,mw,5,25
10078,6682a9bf-56ba-4596-8da7-14e90a00dcd4,5,ars,4,29
10079,eb698920-996b-4bbd-b8a5-7414f307aa42,5,ars,5,21
10080,e98d0b49-dc22-4be4-89e6-38ba25d671b3,5,mdn,5,21
10081,c0db802b-635c-4f93-b4cb-7d9883a43093,3,mf,5,28
10082,4ff66c05-68eb-4bc1-9ed7-4ca15066eb3c,5,mdn,5,20
10083,c6990f5b-cd7a-4dda-a877-6155653d134e,3,mdn,4,19
10084,1efd7e76-acea-457d-b43c-d2c538c532b2,5,mdn,5,22
10085,ad7840ca-5f92-40dd-963a-5f8460b3a9dd,4,mw,5,18
10086,9b6d950a-d667-4f0b-ac67-0d810b2feff6,5,fg,5,22
10087,f63a1efa-33c6-40c7-8688-ef9d34466284,3,ars,5,24
10088,da0a8407-c3fa-42bc-bd2b-23e1c7cde8a9,4,mdn,5,30
10089,9fd059e2-db33-4855-9374-7ccccc82e66e,5,ars,4,22
10090,47ab6a24-9a36-4af9-b4a4-651bfa037130,4,mdn,5,19
10091,9fd059e2-db33-4855-9374-7ccccc82e66e,4,mdn,4,22
10092,455e0529-272b-4550-95d5-a0bdb835ca9f,5,ars,4,23
10093,5fb096ef-d891-4c20-aabc-80216c7d0ac6,5,mdn,4,22
10094,48aeea0c-cfef-4b4a-b94f-415455a9d7af,5,ars,4,20
10095,7aaf2ee9-a6f9-4256-8f6b-742a0ee1ac2e,5,ars,5,26
10096,b94abf88-995e-47ac-9dae-0fc713c19fd9,5,ars,5,27
10097,11a3f0b6-30be-4055-bd52-045a04e860fe,5,mdn,5,25
10098,1de40c3b-877b-48c2-be67-4021b5459754,4,mw,5,22
10099,0f1a02d0-badb-422e-a97f-76df0e23f581,4,je,5,26
10100,d1560a24-8c99-4ae8-85f9-c9bf80991ce4,5,mdn,3,26
10101,c6843a46-7606-45f7-a642-7dfbe9bb61cf,3,ars,5,28
10102,47ab6a24-9a36-4af9-b4a4-651bfa037130,5,mw,5,19
10103,5c1e8c88-6c25-4e21-99e7-98f3140d754f,3,ars,5,22
10104,7f337d29-cfd2-4a03-bbb9-ec6196e1d34d,4,ars,5,30
10105,6975f225-5acc-48bb-a80d-6a3a5e442fae,3,ars,4,28
10106,558a3ec4-7fbc-40e7-9553-f8cff87516c7,5,fg,5,29
10107,dfac5d22-8882-4707-bbe8-9325b9ddc739,3,ars,4,20
10108,80b41e1b-5190-447f-b409-c16b01162cf0,5,mdn,4,22
10109,37801059-5d8a-4bb8-ac44-c92f83dbfa3a,5,mf,3,19
10110,1da45063-2dc1-41f2-88ea-7f61fe7f9a19,5,mw,4,25
10111,640d60da-a441-4460-b386-d9613ee01d28,5,ars,5,29
10112,d8eb4bf2-57a4-4a6a-8865-4ce0bf2c9e12,5,mdn,4,29
10113,ceb7a529-86be-4dc4-b116-38797aabd2dd,4,mw,5,29
10114,6e83b88a-84c4-4f8a-8fa9-9ff48e48fa49,3,mw,4,24
10115,6f680a58-6e7f-4b24-ab2a-8f615cd14a21,5,mdn,5,27
10116,51c428b4-c4a7-4da8-86e1-1fa640026086,5,mdn,5,28
10117,de511cef-1fc8-493b-bb99-d9ba30a042c9,5,mdn,5,28
10118,934eaca0-2d10-4419-8175-7812976e2931,5,ars,5,21
10119,3715dae0-d872-499f-8f0c-fabf940e2bc0,5,mdn,4,25
10120,d59a405f-f8b3-49e9-9ac2-88dc3e6a1e53,5,mdn,5,23
10121,c16dd75d-767f-4f05-a3cf-e3207ecb51a4,4,ars,5,19
10122,a2b117e7-ab57-476e-831c-33f7ceb1aa35,3,mw,4,29
10123,7c032388-80b3-48e9-be91-56bf32f69e9c,5,ars,5,29
10124,2f17238b-3151-4596-bd04-d55f4c80a066,5,ars,4,30
10125,da651f2b-7264-419b-86f7-c68c199ab2eb,5,mdn,5,22
10126,ef4ca2ea-04a0-43cb-b257-87ad0f4d14b0,4,mdn,5,29
10127,a997b75b-15b5-4973-bd5c-0372fd8cb344,5,mdn,5,22
10128,be5ec881-1245-4f55-9f25-8f76599294aa,5,mfars,5,24
10129,ca5c06a4-b01e-4e89-b6e0-507d13da74e9,5,ars,3,27
10130,5ea1e29a-d64c-4b9b-bf02-d7bb6e8b1156,5,mdn,5,29
10131,e7cb74f4-ab7a-4555-90a9-a9f5ecb3f9b6,5,mdn,4,28
10132,6975f225-5acc-48bb-a80d-6a3a5e442fae,5,ars,4,28
10133,6f9ed042-aee1-4527-9335-284bb7d27521,4,mdn,2,29
10134,d13135a7-9a68-4169-815e-981149a54291,3,ars,5,27
10135,6b792bd6-6f66-4692-b446-832cc13edc39,4,mdn,4,25
10136,6b544598-bc17-4e6f-9cd4-987f46c83902,4,mdn,4,19
10137,2e276933-00b1-44a5-93f7-8327f3fcca83,4,mdn,5,25
10138,a07d4949-be64-47ce-b0d2-c4b3e775404e,5,mdn,3,24
10139,f064f333-666c-499f-bfcb-b71607e60de7,5,mdn,5,30
10140,5d8a1dd5-498e-47ba-8bfc-62763467a996,5,mf,5,27
10141,0bb3ee6a-85cc-4eb3-b648-e8c08e1364db,4,mdn,4,24
10142,0b5bc2f8-6b6b-4cd8-abdd-7c9350676492,5,ars,4,26
10143,5ea1e29a-d64c-4b9b-bf02-d7bb6e8b1156,3,mfars,4,29
10144,455e0529-272b-4550-95d5-a0bdb835ca9f,5,mdn,5,23
10145,5cb0e54b-ec8d-46d8-8d81-eaa3e0687114,5,mdn,4,18
10146,26321a8a-0e7d-451e-a0f3-787a7432d9cb,5,mdn,5,28
10147,eb90a88d-20c0-4c51-98f1-a67bc873c84d,5,ars,5,20
10148,8aef2d51-8022-4436-a3a6-8c80ea4e0d91,4,ars,5,29
10149,fe2ef5d1-e5b0-4c59-b553-8a14aa6485fd,4,mdn,3,28
10150,a133b00f-54e3-42c5-87db-f89de83c6874,5,ars,4,20
10151,6ec72b3a-0222-42ca-a3fe-bc17e019a32f,4,ars,5,24
10152,a50dc3c0-5a19-4025-83eb-5812671c9480,4,mdn,5,20
10153,820fb470-45af-4458-a617-8ea1f9d8915d,4,k,4,30
10154,e0c2a19b-d844-4f21-887c-a90f7c9b4346,4,mf,4,28
10155,24e8d7e7-70e0-47f0-835c-f03045861de5,3,mdn,5,25
10156,7c032388-80b3-48e9-be91-56bf32f69e9c,4,mdn,5,29
10157,493c0fa8-bb96-4b13-b9fb-93abb37b65e7,5,ars,3,29
10158,273a109b-52b8-4925-8536-22ceb3b716dc,4,mdn,5,30
10159,9c2aadbd-036d-45e6-b130-7f3d98892dba,5,mf,4,20
10160,7d446322-1542-4988-929c-6542663cfe0c,4,mdn,5,19
10161,e0766991-32fc-4294-b1e2-a0dff52c64f2,5,fg,4,23
10162,2b46b282-1df9-4423-9625-2c6743a25144,5,mdn,5,25
10163,9e679f83-7105-4a2c-b9d2-82964ea88b4f,5,ars,5,25
10164,5d6539ff-441b-46cc-af23-5b77ff05230e,3,mdn,5,25
10165,9054ffc8-9df3-4b73-a700-17b228a19cba,5,mfars,4,29
10166,273a109b-52b8-4925-8536-22ceb3b716dc,3,mdn,4,30
10167,c1843817-41a0-4488-9c7a-5a537f4659b5,4,mf,4,29
10168,ede1c719-13be-432a-958d-e5e220f7b972,5,ars,5,21
10169,84d29b44-26c6-4b05-8a67-31831d35be32,4,mw,5,28
10170,1de40c3b-877b-48c2-be67-4021b5459754,5,mdn,5,22
10171,2b9d541b-cc79-4e7a-8aca-958bed3b2c61,4,mw,5,18
10172,11cb3da8-b076-4554-b86b-ad619773b101,5,k,5,27
10173,0e354232-854f-43ec-944d-b120245eea4d,5,ars,4,21
10174,d13135a7-9a68-4169-815e-981149a54291,3,ars,5,27
10175,2b9d541b-cc79-4e7a-8aca-958bed3b2c61,5,ars,5,18
10176,223e96b7-dfbe-442b-9b28-7fef065a6044,5,ars,5,19
10177,23205395-678b-4b55-a150-3fc8227c3a18,4,ars,5,29
10178,1c8b2fc6-6dea-4184-9cb0-5dfbe49b73da,5,mdn,5,30
10179,789b8d4b-a8d0-430d-9fd4-29d445b2f6f2,5,tam,5,29
10180,a50dc3c0-5a19-4025-83eb-5812671c9480,5,mw,5,20
10181,5d11e9c3-db2d-42ce-a4b2-676294bcab5c,5,ars,5,24
10182,a04fce7c-b286-4d7c-a980-189ed10f7dcb,5,ars,4,28
10183,5805dec2-b9a9-4314-9e19-729737c7a6c6,5,mdn,4,21
10184,6b792bd6-6f66-4692-b446-832cc13edc39,5,mw,4,25
10185,1b06ccbe-4819-4c66-9629-77abef688416,5,ars,4,25
10186,f6079976-5f69-482b-8b84-179dd5524bfa,4,mdn,5,28
10187,2d289025-ff1e-4ba7-a201-6b6053e593e8,3,mw,5,21
10188,2ae01d22-116d-44c0-84be-cfad96fb519c,5,ars,4,20
10189,90f03727-0a86-4f64-8828-9b8d6d2a0650,5,mf,5,28
10190,455e0529-272b-4550-95d5-a0bdb835ca9f,4,mw,4,23
10191,b1d1a983-98bc-441f-96bf-b92fd2c78493,4,mdn,5,26
10192,6f9ed042-aee1-4527-9335-284bb7d27521,5,mdn,5,29
10193,c6990f5b-cd7a-4dda-a877-6155653d134e,4,mdn,4,19
10194,0aa927af-2e14-47b5-bb75-c1c700b13262,5,mdn,4,25
10195,b52aa66d-49b6-4823-b15d-19817ab072ab,5,ars,5,24
10196,c393b545-0428-4a31-927b-e603aa307049,5,ars,5,18
10197,a9c35b24-76a8-4b67-addd-81845fb390c7,5,mdn,4,29
10198,93cc8629-4757-4a91-acbe-cb586e385c66,5,mdn,4,18
10199,f29b1b86-ab96-4876-889d-70b5955a01c7,4,mdn,4,27
10200,558a3ec4-7fbc-40e7-9553-f8cff87516c7,5,ars,4,29
10201,0bb3ee6a-85cc-4eb3-b648-e8c08e1364db,5,ars,5,24
10202,d975480c-d90f-414e-a9e1-b1288c4fbd1c,5,ars,3,28
10203,41ae8e3f-715e-4fe0-aa5f-75aca345731c,4,mw,5,28
10204,34099491-cba6-4b79-9c62-38e83f1cf9db,5,mdn,5,22
10205,acf94512-66a4-418e-98d7-dfc6c4691d80,5,mdn,5,24
10206,89659f75-6600-40be-8c14-322a5ae87e24,4,mdn,5,23
10207,ff4a3b75-5599-4d90-95f0-8a1bf29c5849,5,mf,4,27
10208,6975f225-5acc-48bb-a80d-6a3a5e442fae,5,ars,4,28
10209,49b93c8d-21cf-4307-90e1-12f87a2a75a4,5,-,5,26
10210,37ff7521-e05d-4635-8d59-e3c6f852d77d,4,ars,5,23
10211,ad7840ca-5f92-40dd-963a-5f8460b3a9dd,3,mf,5,18
10212,1a26488b-6cd0-47ce-a93f-a8b4c8da09e2,5,mdn,5,19
10213,da0a8407-c3fa-42bc-bd2b-23e1c7cde8a9,5,mf,5,30
10214,0ee3780f-36f5-4ce7-af65-420a0d0b528c,5,ars,3,27
10215,ff4a3b75-5599-4d90-95f0-8a1bf29c5849,3,mw,5,27
10216,b1d1a983-98bc-441f-96bf-b92fd2c78493,4,mdn,5,26
10217,899d5675-9fe8-4dde-af03-7b62ba95428c,5,ars,5,22
10218,df68b52d-88f5-4b15-9731-39301acac35b,5,mdn,4,24
10219,9fdd2e9f-bbb9-4c36-ad62-91b8914dd0ea,5,ars,5,25
10220,28c21980-3720-4511-bec7-cc2e6275750a,5,ars,5,28
10221,91753f65-ede6-4be5-b7a7-9e8b4da7cc42,5,mw,5,21
10222,c3199038-0991-484e-bfee-899557351e13,4,mf,4,25
10223,273a109b-52b8-4925-8536-22ceb3b716dc,5,mdn,5,30
10224,a14d25d1-f7f8-4220-8946-96cf6b19cae9,4,ars,3,24
10225,ad7840ca-5f92-40dd-963a-5f8460b3a9dd,4,mdn,3,18
10226,cee38db4-d8fb-4876-affb-408d23f0c5fc,5,mdn,3,20
10227,a9bdcbf6-4345-477c-a7a8-a7a09b29bd64,5,mdn,4,19
10228,cb05f3e4-515e-4567-9ec2-b3d043b9f1e4,5,ars,4,22
10229,4c618e0b-e52e-4b54-98ca-542b28fe4432,5,mw,5,18
10230,7d446322-1542-4988-929c-6542663cfe0c,5,ars,3,19
10231,1e22ce44-7a97-4f75-b7f5-d47bd96a8342,5,mdn,5,22
10232,a07d4949-be64-47ce-b0d2-c4b3e775404e,5,ars,5,24
10233,0f1a02d0-badb-422e-a97f-76df0e23f581,5,mdn,5,26
10234,c0db802b-635c-4f93-b4cb-7d9883a43093,5,mdn,5,28
10235,cbce132e-cb8f-4aac-a1c1-a776704aebef,2,mfars,5,27
10236,dceebdb5-1a91-4fa6-8072-aaa827868eb3,4,mf,4,26
10237,ae0bc742-9002-4ac9-b183-a2041b84bc8b,5,mdn,5,28
10238,f064f333-666c-499f-bfcb-b71607e60de7,5,mdn,5,30
10239,fefb10d9-4247-4d30-b89d-9efd8c703bf1,4,mdn,5,23
10240,934eaca0-2d10-4419-8175-7812976e2931,3,ars,5,21
10241,2b9d541b-cc79-4e7a-8aca-958bed3b2c61,4,mw,4,18
10242,3e262f96-1a3a-4620-a5cb-26350e9ead3e,5,mdn,4,22
10243,8e0fa808-9c9f-47f2-aaa1-6fd29a3c638d,5,mf,5,19
10244,66435fb2-4e78-43d7-952d-d83ed97c5590,3,ars,5,21
10245,f6079976-5f69-482b-8b84-179dd5524bfa,4,ars,5,28
10246,80b41e1b-5190-447f-b409-c16b01162cf0,5,mf,5,22
10247,0b5bc2f8-6b6b-4cd8-abdd-7c9350676492,4,ars,5,26
10248,9cdeb8f3-f6ad-44fd-bccb-390c69038d0b,3,mdn,5,20
10249,3957973a-682a-4959-b576-9a085c8a44ae,5,mdn,5,28
10250,b201d5cd-6e38-4c63-8347-e1dbd89720e9,5,ars,5,24
10251,8cc0183c-f480-475a-a25b-559f3576b7c5,4,mdn,5,18
10252,40ef5c66-cc76-49a6-851d-1b58fe2953d7,4,mdn,5,29
10253,34099491-cba6-4b79-9c62-38e83f1cf9db,5,ars,4,22
10254,9e679f83-7105-4a2c-b9d2-82964ea88b4f,4,mdn,5,25
10255,ab9d4c1f-1773-4f12-88e1-ecd78f51e309,3,ars,5,30
10256,f6a23d22-7609-4675-b15a-07e2ac92d770,5,ars,5,27
10257,e7cb74f4-ab7a-4555-90a9-a9f5ecb3f9b6,3,mdn,5,28
10258,38f9af29-497a-49e7-b561-797d2a207cf0,5,mf,5,30
10259,7d446322-1542-4988-929c-6542663cfe0c,5,mf,5,19
10260,11b7094b-b88a-4478-b067-09000dfe4062,5,mw,3,25
10261,f0d0484f-f159-4fe0-8ed4-45dd77bc7cff,5,ars,5,22
10262,d9196f86-a4c4-48aa-89e6-1f61947b8201,5,ars,4,24
10263,d99430cc-3810-4660-823f-02144b19ea3d,5,mdn,4,29
10264,ef4ca2ea-04a0-43cb-b257-87ad0f4d14b0,5,mdn,5,29
10265,f09830ac-90c9-4f96-82d2-30a969c28516,3,mf,4,23
10266,1699c2dd-b2b5-4756-bc87-a4b933c25c01,5,ars,5,29
10267,f2708137-31a5-416c-bbff-7155fb5aa25c,5,mdn,3,19
10268,41c2499e-4649-4cd4-8476-d435c6166c58,3,ars,5,22
10269,0fe94c00-c05c-4d31-9f39-7d31012ea47a,5,ars,5,24
10270,be5ec881-1245-4f55-9f25-8f76599294aa,5,mw,4,24
10271,f8a5ac4a-6f9a-4356-a9d7-142b91a4c9a4,5,ars,5,21
10272,cae3f7d3-ef38-44cd-99ae-c2606063e41f,4,ars,5,22
10273,ce6e85c5-f384-4d46-b67e-a4ca72252a0a,5,ars,5,30
10274,65f9bddd-fe54-4b4a-b2fa-8104c5db89c0,5,mf,4,30
10275,a133b00f-54e3-42c5-87db-f89de83c6874,4,mw,5,20
10276,b50df7ff-04f6-45b6-b3fd-0d96d4fbcd61,4,ars,4,18
10277,88c6509b-cbe2-47c6-ad02-97c92e300c48,5,je,5,30
10278,5d674651-5ef2-4f04-b0fd-1cb744d92488,5,mf,5,18
10279,e42c716f-8970-4881-89c6-3db8a37ccd35,5,je,5,30
10280,5d11e9c3-db2d-42ce-a4b2-676294bcab5c,4,mdn,4,24
10281,2eebf90c-68dc-4631-a827-b59638b7ad52,3,mdn,5,26
10282,2d1a4ae6-c125-4238-ae47-5496c45d5d8c,4,ars,5,24
10283,689f72f3-8a26-4eb9-abf2-c41108bc5bb6,4,ars,5,23
10284,eb5ab705-64b5-4824-80b1-748c0c01560b,4,mdn,5,30
10285,24e8d7e7-70e0-47f0-835c-f03045861de5,5,mdn,5,25
10286,6e77a16f-1fc0-43a6-bf10-ef592e2084ea,3,fg,4,28
10287,e04076e5-3fab-4e6b-9f79-38c54336e47b,4,mdn,5,20
10288,216de2aa-e0bf-41b4-92da-3ad50ab2af5e,5,mf,4,22
10289,26321a8a-0e7d-451e-a0f3-787a7432d9cb,5,ars,4,28
10290,2a205037-8c86-4372-a92d-d81ee9b38025,5,mfarsmdn,5,21
10291,ede1c719-13be-432a-958d-e5e220f7b972,4,ars,5,21
10292,8633ed8f-31e9-45be-8c95-1a50d1658229,5,ars,5,27
10293,51c428b4-c4a7-4da8-86e1-1fa640026086,5,ars,5,28
10294,4ac5d5c7-fcf8-4d13-8384-5e452e3c04af,5,ars,5,28
10295,fea9deb6-7320-4e71-8c81-a5529ccdd68c,4,ars,5,23
10296,caa1cb22-fbe5-43dd-bba4-11dd60e108aa,5,mfarsmdn,5,26
10297,747f065e-55d2-47c9-ab2b-c349fcbc001d,5,mdn,3,23
10298,3225e9ea-e884-40bd-a656-818e699d86ec,5,mf,5,25
10299,c0f96359-1d50-4ea2-b4d2-98cffcc461bf,5,mdn,5,18
10300,48a6d994-4f5b-468f-a96b-9ebe47e8e279,3,mdn,3,18
10301,e696ca58-d61a-449b-8aae-30772b7d92e3,3,ars,4,24
10302,f443f8f7-c1f8-4b45-a91c-5a994f4c0ef6,5,mdn,4,20
10303,2d289025-ff1e-4ba7-a201-6b6053e593e8,4,mdn,4,21
10304,be1f9c71-c6b8-48c6-84bb-6ef5174954aa,3,ars,5,20
10305,8aef2d51-8022-4436-a3a6-8c80ea4e0d91,5,ars,5,29
10306,17f173bf-52a2-4042-80ee-6d30d0217f4c,5,ars,5,20
10307,60a29855-f1ba-4d16-a0e5-45fdc18d8780,4,ars,4,28
10308,ae40a3a5-e900-4cbc-8955-280bd7529d92,5,ars,5,21
10309,e7cb74f4-ab7a-4555-90a9-a9f5ecb3f9b6,4,mdn,3,28
10310,b52aa66d-49b6-4823-b15d-19817ab072ab,5,je,4,24
10311,b8b1fa86-8f82-4898-a242-72dfdcfc0b75,4,ars,4,25
10312,ab9d4c1f-1773-4f12-88e1-ecd78f51e309,5,mfars,4,30
10313,a76629f6-fe9d-4e32-a4ab-46b9faf116a0,4,ars,3,25
10314,73b6df25-7321-4250-8a5d-2d58573b14ec,5,mdn,4,24
10315,1f4653ef-22c9-4df4-acae-3ce6dcf43075,5,ars,5,26
10316,fcf4ee65-4267-4b08-bb3d-1860d83cb6e0,5,mdn,5,29
10317,d6d28a99-70f3-4053-961c-029e34621e96,5,ars,5,21
10318,87fe0f9e-2ee2-4524-895b-5cb68e7b55ab,4,mf,5,21
10319,a47a4348-5295-48e9-aea3-acb821b95f11,5,mw,5,23
10320,11b7094b-b88a-4478-b067-09000dfe4062,5,ars,5,25
10321,50fe2f3d-7fa4-43b4-b182-6ff9a0371dd4,5,mdn,5,25
10322,d1560a24-8c99-4ae8-85f9-c9bf80991ce4,5,ars,5,26
10323,b5ed5b65-c1bf-4b2f-b650-e60a5139f1bc,5,mf,5,20
10324,96491651-a46d-4fae-84ea-64c3c00a3071,5,mdn,5,19
10325,bcb872cd-f6f8-422c-8729-59be0b01e4c4,5,ars,5,27
10326,9b87a188-a71f-4d7a-bb50-b7fae8022f80,5,ars,5,27
10327,0fe94c00-c05c-4d31-9f39-7d31012ea47a,5,ars,5,24
10328,b8d47eb3-c03a-46ae-9ccb-29bb9f61162b,4,ars,5,30
10329,c1843817-41a0-4488-9c7a-5a537f4659b5,5,mdn,5,29
10330,d5fbe51e-866a-4bc6-acd4-65604d50f3e6,4,mdn,5,22
10331,ef4ca2ea-04a0-43cb-b257-87ad0f4d14b0,4,mdn,5,29
10332,d1953b54-615a-4056-af44-817e8a0c4b40,4,mdn,4,20
10333,3418969d-5c13-46ee-8df0-794019e7a64f,4,mf,5,30
10334,d1560a24-8c99-4ae8-85f9-c9bf80991ce4,4,mdn,5,26
10335,a8272db8-0e9f-4372-a757-661bd02f9051,5,mdn,5,26
10336,3d110c2c-e912-45ac-b49c-d55781dd00dd,5,mw,4,26
10337,e33fe1f5-796c-4c1d-84c4-32eb396f9837,3,fg,4,24
10338,1b06ccbe-4819-4c66-9629-77abef688416,5,mdn,5,25
10339,f2708137-31a5-416c-bbff-7155fb5aa25c,5,ars,4,19
10340,c0db802b-635c-4f93-b4cb-7d9883a43093,5,mw,5,28
10341,bd3fa596-ba3b-4756-90a8-164d551c2b98,4,ars,4,19
10342,be4db01d-a7c7-4918-93df-7014dc077733,5,ars,5,22
10343,6e83b88a-84c4-4f8a-8fa9-9ff48e48fa49,5,mdn,4,24
10344,1b06ccbe-4819-4c66-9629-77abef688416,4,ars,4,25
10345,f29b1b86-ab96-4876-889d-70b5955a01c7,5,mdn,4,27
10346,5805dec2-b9a9-4314-9e19-729737c7a6c6,3,ars,5,21
10347,670e36fe-2b5e-4426-919b-889ef9ae7dc9,4,mf,5,26
10348,f29b1b86-ab96-4876-889d-70b5955a01c7,5,ars,5,27
10349,c44b54b6-297d-4d1f-a5cc-1fbf039d492b,5,ars,5,27
10350,26180c48-bfbb-4af5-b4ff-6a1aa15b9f84,5,ars,4,28
10351,1f4653ef-22c9-4df4-acae-3ce6dcf43075,5,mdn,5,26
10352,7fab4381-0d58-4c87-890a-00f892c6b4d3,5,mf,5,27
10353,5ef119b1-883b-4964-8400-341414ee551a,4,mf,4,22
10354,1f4653ef-22c9-4df4-acae-3ce6dcf43075,5,ars,3,26
10355,dda13a7f-e01e-4084-b353-9a7870744ff1,4,ars,5,26
10356,e11ba41b-805a-4223-afa6-67c773666985,5,mf,5,30
10357,a997b75b-15b5-4973-bd5c-0372fd8cb344,4,ars,5,22
10358,558a3ec4-7fbc-40e7-9553-f8cff87516c7,5,-,4,29
10359,4afd54fc-f5e7-41c3-beaf-b9b1270a218c,5,mdn,4,28
10360,af8a0613-364e-42b4-903f-c2ea6ed41cea,5,mdn,4,26
10361,91e4721c-9e62-45f6-874a-878f40489739,5,mw,3,21
10362,ceb7a529-86be-4dc4-b116-38797aabd2dd,4,mdn,5,29
10363,1bbd002a-73c0-4f38-8e36-76560bba1f49,4,mdn,5,19
10364,e8cf2675-3727-4525-970c-77eff23acff5,4,mdn,5,22
10365,d4024ed1-cddb-4e3c-aea5-6616191d699f,5,ars,5,29
10366,eb90a88d-20c0-4c51-98f1-a67bc873c84d,5,je,5,20
10367,11cb3da8-b076-4554-b86b-ad619773b101,5,mw,4,27
10368,a04fce7c-b286-4d7c-a980-189ed10f7dcb,5,mf,5,28
10369,9e679f83-7105-4a2c-b9d2-82964ea88b4f,5,ars,4,25
10370,2e276933-00b1-44a5-93f7-8327f3fcca83,5,mf,3,25
10371,606ef552-6427-489e-aec2-43a4a17643e2,4,ars,5,20
10372,5d8a1dd5-498e-47ba-8bfc-62763467a996,5,mw,5,27
10373,c1133665-1bdf-4e34-ad54-083732118089,5,mdn,4,18
10374,4c39b0b9-c9d0-45ac-b545-190c3da984fa,4,mdn,4,21
10375,1fb37a6e-bfb4-48da-b71f-d813fb59ef1c,5,mdn,5,30
10376,3d0ea613-5462-4785-91d0-04f2331473f5,4,mdn,5,19
10377,b8711a0e-32ab-47db-aeb9-91be60b918a4,4,k,5,18
10378,483a2cf3-98f9-456d-81d9-022710423c23,5,ars,5,24
10379,5cb0e54b-ec8d-46d8-8d81-eaa3e0687114,5,mdn,4,18
10380,44f5e566-7fef-484a-b881-c53d9249ae9b,5,mf,3,28
10381,e0766991-32fc-4294-b1e2-a0dff52c64f2,5,mf,5,23
10382,a133b00f-54e3-42c5-87db-f89de83c6874,5,mdn,4,20
10383,7c032388-80b3-48e9-be91-56bf32f69e9c,4,ars,5,29
10384,1c8b2fc6-6dea-4184-9cb0-5dfbe49b73da,5,mdn,5,30
10385,ab9d4c1f-1773-4f12-88e1-ecd78f51e309,5,mw,5,30
10386,dda13a7f-e01e-4084-b353-9a7870744ff1,5,mdn,3,26
10387,14d84dec-8ae5-46d1-aebd-b3aa52f097ff,5,mf,5,30
10388,51c428b4-c4a7-4da8-86e1-1fa640026086,5,mw,4,28
10389,1c8b2fc6-6dea-4184-9cb0-5dfbe49b73da,5,ars,4,30
10390,a07d4949-be64-47ce-b0d2-c4b3e775404e,5,ars,4,24
10391,216de2aa-e0bf-41b4-92da-3ad50ab2af5e,4,mdn,4,22
10392,91e4721c-9e62-45f6-874a-878f40489739,4,mdn,5,21
10393,c0db802b-635c-4f93-b4cb-7d9883a43093,5,ars,3,28
10394,7a024b41-0a4e-41dd-ad47-121884fa8a11,5,mdn,5,23
10395,c44b54b6-297d-4d1f-a5cc-1fbf039d492b,5,mw,5,27
10396,78cb70fb-cca0-4d6b-83e3-0ca440be5174,5,je,3,27
10397,d8eb4bf2-57a4-4a6a-8865-4ce0bf2c9e12,4,ars,4,29
10398,0ee3780f-36f5-4ce7-af65-420a0d0b528c,3,ars,5,27
10399,a9bdcbf6-4345-477c-a7a8-a7a09b29bd64,5,ars,2,19
10400,2b46b282-1df9-4423-9625-2c6743a25144,5,mf,5,25
10401,9b87a188-a71f-4d7a-bb50-b7fae8022f80,5,ars,5,27
10402,3cd61aab-db88-4ef9-8be4-5f94ff9698e7,5,mdn,5,20
10403,1bbd002a-73c0-4f38-8e36-76560bba1f49,5,mdn,5,19
10404,0e97a2f7-f21a-4142-b564-eac1d55150cb,5,mdn,4,28
10405,0e321c7e-d2cf-4699-aa74-9544ab8f2090,5,ars,2,26
10406,b72ffd03-aef1-4d7f-896e-953964384583,5,mdn,5,24
10407,1efd7e76-acea-457d-b43c-d2c538c532b2,5,mdn,5,22
10408,820fb470-45af-4458-a617-8ea1f9d8915d,5,ars,5,30
10409,11cb3da8-b076-4554-b86b-ad619773b101,4,ars,5,27
10410,8bad8df3-fd1c-47eb-a830-cd085d8918f1,5,mdn,5,20
10411,d975480c-d90f-414e-a9e1-b1288c4fbd1c,4,mw,3,28
10412,6f680a58-6e7f-4b24-ab2a-8f615cd14a21,4,mdn,5,27
10413,50fe2f3d-7fa4-43b4-b182-6ff9a0371dd4,4,mdn,4,25
10414,c6990f5b-cd7a-4dda-a877-6155653d134e,5,mdn,4,19
10415,bcb872cd-f6f8-422c-8729-59be0b01e4c4,4,tam,3,27
10416,24e8d7e7-70e0-47f0-835c-f03045861de5,4,mw,5,25
10417,9fdd2e9f-bbb9-4c36-ad62-91b8914dd0ea,5,mdn,5,25
10418,2eebf90c-68dc-4631-a827-b59638b7ad52,5,mdn,4,26
10419,2f17238b-3151-4596-bd04-d55f4c80a066,5,ars,5,30
10420,493c0fa8-bb96-4b13-b9fb-93abb37b65e7,3,mdn,5,29
10421,11a3f0b6-30be-4055-bd52-045a04e860fe,5,mdn,5,25
10422,7828cf51-b3a0-48db-8231-70513625208a,4,mdn,5,18
10423,abeb14a7-d8db-429f-9acc-79ef8cdf9a02,5,mdn,4,23
10424,2ae01d22-116d-44c0-84be-cfad96fb519c,3,ars,5,20
10425,1a26488b-6cd0-47ce-a93f-a8b4c8da09e2,4,mdn,5,19
10426,dbf069ee-b1dd-4b75-8b6e-73734ec2cb48,4,mdn,5,21
10427,670e36fe-2b5e-4426-919b-889ef9ae7dc9,5,mdn,4,26
10428,391319c2-41bc-4213-ba51-0e06718e1803,5,mdn,5,26
10429,20d213ef-76bf-41bb-bc87-9ffcfa2127bc,4,ars,3,26
10430,ab9d4c1f-1773-4f12-88e1-ecd78f51e309,4,ars,5,30
10431,dfac5d22-8882-4707-bbe8-9325b9ddc739,4,mdn,5,20
10432,af8a0613-364e-42b4-903f-c2ea6ed41cea,4,mdn,5,26
10433,717bbe10-f11f-4197-820a-cc03420e2016,5,mf,5,18
10434,220cc7c6-0cef-413b-af2a-ec2208ceac65,4,mdn,5,20
10435,f96dc1f6-d3a8-4cf6-a3ab-6a1182d41edd,5,ars,5,23
10436,5d8a1dd5-498e-47ba-8bfc-62763467a996,5,mdn,5,27
10437,ab9d4c1f-1773-4f12-88e1-ecd78f51e309,5,ars,5,30
10438,a9bdcbf6-4345-477c-a7a8-a7a09b29bd64,5,ars,5,19
10439,e42c716f-8970-4881-89c6-3db8a37ccd35,3,mf,5,30
10440,e7cb74f4-ab7a-4555-90a9-a9f5ecb3f9b6,3,mdn,5,28
10441,b94abf88-995e-47ac-9dae-0fc713c19fd9,4,k,4,27
10442,207a3175-fda0-43fb-8b30-c257bf055847,5,mf,5,29
10443,6e77a16f-1fc0-43a6-bf10-ef592e2084ea,5,k,5,28
10444,e59739bb-d66f-479b-92f8-1a526fb5a428,5,ars,4,22
10445,2f586764-da78-499d-9a41-eafd03844e80,4,mf,5,29
10446,5fb096ef-d891-4c20-aabc-80216c7d0ac6,5,ars,4,22
10447,e18562d7-a549-49e1-ade6-2373fed3787d,4,mf,5,22
10448,f96dc1f6-d3a8-4cf6-a3ab-6a1182d41edd,5,ars,4,23
10449,0e354232-854f-43ec-944d-b120245eea4d,5,mdn,5,21
10450,bd3fa596-ba3b-4756-90a8-164d551c2b98,4,mdn,3,19
10451,f63a1efa-33c6-40c7-8688-ef9d34466284,4,mdn,5,24
10452,f09830ac-90c9-4f96-82d2-30a969c28516,5,ars,5,23
10453,bd3c3d70-fe18-477c-bdc3-51c106bd41b5,5,mdn,4,24
10454,f05a9269-3068-486a-b87d-fda9d757275c,4,mdn,4,28
10455,5cb0e54b-ec8d-46d8-8d81-eaa3e0687114,4,ars,5,18
10456,8bad8df3-fd1c-47eb-a830-cd085d8918f1,5,ars,4,20
10457,f79501bb-dbe6-4ba4-8439-e4740856c51a,5,ars,4,25
10458,d6d28a99-70f3-4053-961c-029e34621e96,4,ars,5,21
10459,41ae8e3f-715e-4fe0-aa5f-75aca345731c,5,mdn,5,28
10460,3cd61aab-db88-4ef9-8be4-5f94ff9698e7,5,mdn,3,20
10461,802f27c7-ea1a-4e42-97b3-8174f236e379,5,ars,4,29
10462,86677349-04ed-425a-b521-0389359ed54e,5,ars,4,25
10463,7828cf51-b3a0-48db-8231-70513625208a,5,mdn,4,18
10464,ae0bc742-9002-4ac9-b183-a2041b84bc8b,5,mdn,5,28
10465,391319c2-41bc-4213-ba51-0e06718e1803,5,mdn,4,26
10466,9c2aadbd-036d-45e6-b130-7f3d98892dba,5,mdn,4,20
10467,55284c4b-b914-4e5d-9551-79d8f5b4eb5d,3,mw,5,26
10468,b8b1fa86-8f82-4898-a242-72dfdcfc0b75,4,mdn,5,25
10469,483a2cf3-98f9-456d-81d9-022710423c23,4,ars,5,24
10470,22c4015e-dc9e-4d9e-b7f2-3a69fe57a3b8,3,mdn,4,22
10471,caa1cb22-fbe5-43dd-bba4-11dd60e108aa,5,ars,5,26
10472,a21eedda-983a-47dd-81fc-20e1b1f34d9e,5,ars,5,26
10473,d975480c-d90f-414e-a9e1-b1288c4fbd1c,5,mfmw,5,28
10474,23205395-678b-4b55-a150-3fc8227c3a18,5,mdn,5,29
10475,1105bd82-4df4-4116-be5a-0fc3f7506907,5,mdn,5,18
10476,a14d25d1-f7f8-4220-8946-96cf6b19cae9,5,ars,3,24
10477,0e354232-854f-43ec-944d-b120245eea4d,5,mdn,3,21
10478,9ffb6093-07ab-4c59-8f50-d7b38b640c04,4,mdn,5,29
10479,fea9deb6-7320-4e71-8c81-a5529ccdd68c,5,mdn,5,23
10480,802f27c7-ea1a-4e42-97b3-8174f236e379,5,mw,5,29
10481,9b87a188-a71f-4d7a-bb50-b7fae8022f80,4,mdn,5,27
10482,af8a0613-364e-42b4-903f-c2ea6ed41cea,5,mw,5,26
10483,6be004f0-b701-4daa-b7e2-312b56f97129,5,mdn,4,23
10484,afcb575e-c985-4e48-8663-6e73dd6dbe65,5,ars,5,29
10485,49b93c8d-21cf-4307-90e1-12f87a2a75a4,4,mfars,5,26
10486,f21916d7-d541-4ce8-a39b-d7f0276da589,5,mdn,4,21
10487,f96dc1f6-d3a8-4cf6-a3ab-6a1182d41edd,5,ars,5,23
10488,adc0ba52-ad0c-4888-9527-72d7900b42bd,3,ars,4,26
10489,4073acaa-d216-4e04-8729-bfadada4d095,5,mw,4,20
10490,f4470d04-89ee-4c8e-99d8-4ed12535524b,5,mw,4,23
10491,637a2933-734a-4323-a7e9-7f9f79ad4dc4,5,ars,5,23
10492,2f586764-da78-499d-9a41-eafd03844e80,5,ars,5,29
10493,5805dec2-b9a9-4314-9e19-729737c7a6c6,5,mdn,5,21
10494,e9877472-82b1-472c-8e62-929561e5e2e7,5,mdn,5,30
10495,5cd193d4-8ecf-4845-a463-61edf2b05ff3,4,mdn,4,26
10496,11cb3da8-b076-4554-b86b-ad619773b101,3,mdn,3,27
10497,789055e5-3d0a-423a-bd82-c9fcfdf03bac,5,mdn,5,30
10498,9493905e-b65c-40ce-b799-c350ed3e1f18,5,mf,5,23
10499,f0d0484f-f159-4fe0-8ed4-45dd77bc7cff,3,mf,5,22
10500,6f680a58-6e7f-4b24-ab2a-8f615cd14a21,3,mdn,5,27
10501,66435fb2-4e78-43d7-952d-d83ed97c5590,3,ars,3,21
10502,b661cc43-3695-4a39-b0dc-21164ec6e199,4,mdn,5,20
10503,dab9d52e-ee1a-4508-a4d6-5dd373bb25f6,5,mdn,5,19
10504,a51ce71d-9acf-4e2f-b3bb-2d456a3de7ec,5,mdn,5,22
10505,fdf2851c-a685-4112-80fc-401747191dc3,4,ars,3,26
10506,ca5c06a4-b01e-4e89-b6e0-507d13da74e9,4,mdn,5,27
10507,8e3026d2-a977-4221-a6cc-c30fd3590962,5,mdn,5,30
10508,5ef1e3ae-45e5-41e7-956b-4cef7dcf95b5,5,ars,5,21
10509,558a3ec4-7fbc-40e7-9553-f8cff87516c7,5,ars,4,29
10510,558a3ec4-7fbc-40e7-9553-f8cff87516c7,5,mdn,4,29
10511,80b41e1b-5190-447f-b409-c16b01162cf0,5,mdn,5,22
10512,9e679f83-7105-4a2c-b9d2-82964ea88b4f,4,mw,5,25
10513,820fb470-45af-4458-a617-8ea1f9d8915d,5,mdn,5,30
10514,f627af83-24c8-4c96-a7fd-4e60eddea09e,3,ars,5,24
10515,2a205037-8c86-4372-a92d-d81ee9b38025,5,mw,4,21
10516,d1d66775-cc03-42ea-ad3c-681efafb3682,5,ars,4,24
10517,f6a23d22-7609-4675-b15a-07e2ac92d770,5,ars,5,27
10518,a14d25d1-f7f8-4220-8946-96cf6b19cae9,4,mdn,5,24
10519,ab9d4c1f-1773-4f12-88e1-ecd78f51e309,5,mdn,5,30
10520,9ac75f91-4f73-4df0-bb20-b7de3069baee,4,ars,5,25
10521,1bfa930d-cf1c-479b-87e4-bae0f9073321,5,mfmw,5,23
10522,6f680a58-6e7f-4b24-ab2a-8f615cd14a21,5,mdn,3,27
10523,47ab6a24-9a36-4af9-b4a4-651bfa037130,5,ars,3,19
10524,44ca9a06-8b5d-42d1-a313-dfee18559727,5,mf,5,28
10525,d1f141a2-1152-4522-ac13-eb572de63737,5,mdn,4,23
10526,53f8916f-1f81-4fd4-ba7e-b3574e6852eb,5,mf,4,19
10527,e0c2a19b-d844-4f21-887c-a90f7c9b4346,5,mw,5,28
10528,afcb575e-c985-4e48-8663-6e73dd6dbe65,5,mdn,4,29
10529,8e3026d2-a977-4221-a6cc-c30fd3590962,5,ars,5,30
10530,da651f2b-7264-419b-86f7-c68c199ab2eb,5,mf,4,22
10531,af410c09-749d-4f0b-bdb1-f3d0e42a2b0f,5,mdn,4,19
10532,a2509b39-af24-4703-842f-27c2dcd12475,5,ars,4,29
10533,792a10ac-a9bb-45ce-af93-7a2619ef61fe,5,mdn,5,30
10534,3957973a-682a-4959-b576-9a085c8a44ae,5,mf,5,28
10535,55284c4b-b914-4e5d-9551-79d8f5b4eb5d,5,mw,4,26
10536,9ffb6093-07ab-4c59-8f50-d7b38b640c04,4,mdn,5,29
10537,9ac75f91-4f73-4df0-bb20-b7de3069baee,5,mdn,5,25
10538,20c3a3f4-11c6-43d4-a63d-88f54b3b8096,4,mw,5,30
10539,8c45b709-a6d6-49b8-b996-e76dc0934213,5,mdn,4,23
10540,bcb872cd-f6f8-422c-8729-59be0b01e4c4,5,mw,5,27
10541,7828cf51-b3a0-48db-8231-70513625208a,5,k,5,18
10542,ff4a3b75-5599-4d90-95f0-8a1bf29c5849,5,mdn,5,27
10543,d59a405f-f8b3-49e9-9ac2-88dc3e6a1e53,5,ars,5,23
10544,37725a9e-f7e1-4803-ad03-e9be32e186d4,5,mfars,4,20
10545,e59739bb-d66f-479b-92f8-1a526fb5a428,5,mdn,5,22
10546,37725a9e-f7e1-4803-ad03-e9be32e186d4,5,ars,4,20
10547,96491651-a46d-4fae-84ea-64c3c00a3071,4,mf,4,19
10548,da0a8407-c3fa-42bc-bd2b-23e1c7cde8a9,4,mdn,5,30
10549,d1adf242-5e1a-4a78-9c07-f0ba06758c42,5,ars,5,19
10550,c233c56b-6f1a-4f53-9f27-e39f5220f9d3,3,mw,4,26
10551,a997b75b-15b5-4973-bd5c-0372fd8cb344,4,mw,3,22
10552,a07d4949-be64-47ce-b0d2-c4b3e775404e,4,ars,3,24
10553,40ef5c66-cc76-49a6-851d-1b58fe2953d7,4,mdn,4,29
10554,c1843817-41a0-4488-9c7a-5a537f4659b5,5,mf,5,29
10555,78cb70fb-cca0-4d6b-83e3-0ca440be5174,5,mfmw,3,27
10556,f2359723-11a9-4415-8278-4adb624d9e6b,2,j,4,29
10557,f10cf3ff-f51e-442d-bee4-d1c0099c264c,5,ars,3,29
10558,51c428b4-c4a7-4da8-86e1-1fa640026086,5,ars,5,28
10559,78cb70fb-cca0-4d6b-83e3-0ca440be5174,5,mdn,3,27
10560,670e36fe-2b5e-4426-919b-889ef9ae7dc9,5,mdn,2,26
10561,e0766991-32fc-4294-b1e2-a0dff52c64f2,4,ars,4,23
10562,d1560a24-8c99-4ae8-85f9-c9bf80991ce4,5,mdn,4,26
10563,1bbd002a-73c0-4f38-8e36-76560bba1f49,5,ars,5,19
10564,e7cb74f4-ab7a-4555-90a9-a9f5ecb3f9b6,5,ars,5,28
10565,637a2933-734a-4323-a7e9-7f9f79ad4dc4,5,ars,5,23
10566,f59c8c41-7c50-4929-a64d-49cf2e587423,5,j,4,24
10567,efee5412-be59-448d-9f6e-9a7dcf201113,5,mdn,4,29
10568,2ae01d22-116d-44c0-84be-cfad96fb519c,5,ars,5,20
10569,e59739bb-d66f-479b-92f8-1a526fb5a428,5,mdn,4,22
10570,dceebdb5-1a91-4fa6-8072-aaa827868eb3,3,mf,5,26
10571,f2359723-11a9-4415-8278-4adb624d9e6b,4,mw,5,29
10572,5febecf8-2d9f-471b-9303-cd8dd0f658af,4,k,2,28
10573,64272418-9b0a-406a-8bbe-e115bdbfc718,5,mf,5,25
10574,5e454df6-a68f-4b76-b06a-f576ed27a11e,3,ars,5,22
10575,5cf62f0f-9b68-4dd7-9dd1-78727e147558,4,mw,5,19
10576,9e679f83-7105-4a2c-b9d2-82964ea88b4f,5,ars,5,25
10577,802f27c7-ea1a-4e42-97b3-8174f236e379,5,mw,3,29
10578,44f5e566-7fef-484a-b881-c53d9249ae9b,5,mdn,5,28
10579,5fab557d-756e-44e7-8f28-2896570692b2,4,mf,4,30
10580,5805dec2-b9a9-4314-9e19-729737c7a6c6,5,mf,5,21
10581,789055e5-3d0a-423a-bd82-c9fcfdf03bac,4,mdn,5,30
10582,e62e4b0c-e929-48f4-ad21-f172df57e747,5,mdn,3,23
10583,d975480c-d90f-414e-a9e1-b1288c4fbd1c,5,fg,4,28
10584,984f5641-df2b-40ba-83b2-61ba8eabc65c,4,mdn,3,24
10585,2b7f0ba7-166f-43e5-9c60-056b72b479a4,4,mdn,4,27
10586,c34aed25-5a2c-400e-ba87-7168d634e3bd,3,mdn,3,30
10587,5cd193d4-8ecf-4845-a463-61edf2b05ff3,5,mdn,5,26
10588,bcb872cd-f6f8-422c-8729-59be0b01e4c4,3,mdn,4,27
10589,39acfef6-976a-4ca5-a481-e5d887907fad,5,je,5,19
10590,2d289025-ff1e-4ba7-a201-6b6053e593e8,5,mdn,5,21
10591,0ee3780f-36f5-4ce7-af65-420a0d0b528c,5,mdn,5,27
10592,20d213ef-76bf-41bb-bc87-9ffcfa2127bc,3,mdn,5,26
10593,22573f4b-b316-4b08-8b75-d05541ea7fcd,5,mw,5,25
10594,ed2064be-7d40-4f59-9e7d-d7e7dd54b118,3,mf,4,28
10595,6e77a16f-1fc0-43a6-bf10-ef592e2084ea,5,mw,4,28
10596,a59fa924-4733-471c-8754-f6595cd0e6f1,3,mf,4,27
10597,aafce93e-6e5f-46ad-b186-d642d5a456a1,4,mdn,4,30
10598,3ad458ed-6069-4907-a71e-efda23c5abff,5,mdn,4,28
10599,f0d0484f-f159-4fe0-8ed4-45dd77bc7cff,4,ars,5,22
10600,3ad458ed-6069-4907-a71e-efda23c5abff,3,mdn,5,28
10601,be4db01d-a7c7-4918-93df-7014dc077733,5,mf,5,22
10602,73ae6177-466a-40ab-833a-67f5a7eedc79,4,mdn,5,26
10603,820fb470-45af-4458-a617-8ea1f9d8915d,4,mdn,5,30
10604,83da35e2-88ab-4562-9f43-c192ecdaed1e,4,mdn,3,18
10605,ac1781e0-796b-4d94-a324-680e348fe2cb,5,ars,3,22
10606,49e2e565-049d-4753-871a-2ec2587d386e,4,je,5,30
10607,b2120df0-7828-41fd-8a67-19bf1554d594,5,ars,5,19
10608,2f520f04-c2d9-4b9c-a029-6f9df9507b70,5,ars,4,20
10609,0c2d68f2-4d17-4dab-b9a1-d0bdf4e10ce4,5,ars,4,22
10610,2f586764-da78-499d-9a41-eafd03844e80,5,ars,5,29
10611,d1560a24-8c99-4ae8-85f9-c9bf80991ce4,5,mf,4,26
10612,7a024b41-0a4e-41dd-ad47-121884fa8a11,5,ars,5,23
10613,f0d0484f-f159-4fe0-8ed4-45dd77bc7cff,5,mdn,2,22
10614,4f727795-2eba-42fd-97a6-dd7a8a15282b,5,mw,5,19
10615,ab3fe741-a432-4b93-97e7-ca7f86b14d56,5,ars,5,21
10616,aafce93e-6e5f-46ad-b186-d642d5a456a1,4,mdn,4,30
10617,0f1a02d0-badb-422e-a97f-76df0e23f581,4,mdn,4,26
10618,48a6d994-4f5b-468f-a96b-9ebe47e8e279,3,mdn,5,18
10619,2f17238b-3151-4596-bd04-d55f4c80a066,5,ars,5,30
10620,cbce132e-cb8f-4aac-a1c1-a776704aebef,5,mw,5,27
10621,dfac5d22-8882-4707-bbe8-9325b9ddc739,4,mdn,4,20
10622,fdf2851c-a685-4112-80fc-401747191dc3,5,ars,5,26
10623,ed2064be-7d40-4f59-9e7d-d7e7dd54b118,5,ars,5,28
10624,88c6509b-cbe2-47c6-ad02-97c92e300c48,5,mdn,5,30
10625,f2359723-11a9-4415-8278-4adb624d9e6b,2,mdn,5,29
10626,20d213ef-76bf-41bb-bc87-9ffcfa2127bc,5,ars,4,26
10627,7c900363-ac5f-43a0-ae64-d5bb23688d88,5,mdn,3,27
10628,f29b1b86-ab96-4876-889d-70b5955a01c7,5,ars,4,27
10629,8bad8df3-fd1c-47eb-a830-cd085d8918f1,3,mdn,5,20
10630,393c8d69-3a0e-414a-8b81-6b069e1d3432,5,ars,5,19
10631,1fb37a6e-bfb4-48da-b71f-d813fb59ef1c,5,mw,5,30
10632,20d213ef-76bf-41bb-bc87-9ffcfa2127bc,4,mdn,5,26
10633,cee38db4-d8fb-4876-affb-408d23f0c5fc,3,ars,3,20
10634,3c24d078-c8f8-4f83-ab59-6d25c5b84bc2,3,ars,5,30
10635,65f9bddd-fe54-4b4a-b2fa-8104c5db89c0,4,mdn,5,30
10636,18ef96e8-9a73-4678-8c6c-772ce127d7f9,5,mdn,5,30
10637,d1953b54-615a-4056-af44-817e8a0c4b40,5,mdn,3,20
10638,26180c48-bfbb-4af5-b4ff-6a1aa15b9f84,5,ars,4,28
10639,747f065e-55d2-47c9-ab2b-c349fcbc001d,5,mdn,5,23
10640,b5bc6003-dc35-4ca6-b16c-1752ffb0d186,4,mdn,5,20
10641,216de2aa-e0bf-41b4-92da-3ad50ab2af5e,5,mf,5,22
10642,ff9d3a2b-707a-4274-9447-421946699738,3,mf,5,25
10643,9054ffc8-9df3-4b73-a700-17b228a19cba,4,k,5,29
10644,4e5e83e4-af3a-4513-ae2d-281f7991fdb7,3,ars,3,25
10645,f2708137-31a5-416c-bbff-7155fb5aa25c,5,mf,4,19
10646,cae3f7d3-ef38-44cd-99ae-c2606063e41f,5,ars,3,22
10647,88c6509b-cbe2-47c6-ad02-97c92e300c48,5,mw,4,30
10648,5fab557d-756e-44e7-8f28-2896570692b2,4,mdn,5,30
10649,6f2f152e-fe85-4611-857a-528266761927,5,ars,4,20
10650,ef4ca2ea-04a0-43cb-b257-87ad0f4d14b0,4,mf,5,29
10651,207a3175-fda0-43fb-8b30-c257bf055847,4,mdn,4,29
10652,efee5412-be59-448d-9f6e-9a7dcf201113,5,ars,4,29
10653,8e3026d2-a977-4221-a6cc-c30fd3590962,5,mf,4,30
10654,e0766991-32fc-4294-b1e2-a0dff52c64f2,5,ars,5,23
10655,d5b84e64-0316-493b-9d2d-3d5a49490e9c,5,mdn,4,21
10656,c0db802b-635c-4f93-b4cb-7d9883a43093,5,mdn,3,28
10657,2b9d541b-cc79-4e7a-8aca-958bed3b2c61,5,ars,5,18
10658,8e0fa808-9c9f-47f2-aaa1-6fd29a3c638d,5,ars,5,19
10659,5cd193d4-8ecf-4845-a463-61edf2b05ff3,5,ars,5,26
10660,0ef4cecc-887a-460d-b699-659969939b87,4,mfars,4,24
10661,f29b1b86-ab96-4876-889d-70b5955a01c7,5,mw,4,27
10662,ac687490-2263-42a4-b629-41f9cb808ec3,3,je,4,28
10663,7c7aeed7-f005-426d-aafd-368700609ba0,4,ars,5,22
10664,cb05f3e4-515e-4567-9ec2-b3d043b9f1e4,5,ars,5,22
10665,c44794ff-60de-42e8-9ac1-d221a8ab29c0,5,mdn,4,30
10666,5cb0e54b-ec8d-46d8-8d81-eaa3e0687114,5,mf,5,18
10667,9b87a188-a71f-4d7a-bb50-b7fae8022f80,5,ars,5,27
10668,45d72ac3-0209-493e-9d5a-8a966d562845,4,mdn,5,23
10669,5cd193d4-8ecf-4845-a463-61edf2b05ff3,5,ars,3,26
10670,d99430cc-3810-4660-823f-02144b19ea3d,5,mw,5,29
10671,3418969d-5c13-46ee-8df0-794019e7a64f,5,mdn,4,30
10672,2b7f0ba7-166f-43e5-9c60-056b72b479a4,5,ars,3,27
10673,22c4015e-dc9e-4d9e-b7f2-3a69fe57a3b8,4,mf,4,22
10674,3d110c2c-e912-45ac-b49c-d55781dd00dd,5,ars,5,26
10675,3225e9ea-e884-40bd-a656-818e699d86ec,4,mdn,4,25
10676,8c45b709-a6d6-49b8-b996-e76dc0934213,3,mfmw,5,23
10677,44f5e566-7fef-484a-b881-c53d9249ae9b,5,ars,4,28
10678,934eaca0-2d10-4419-8175-7812976e2931,5,mdn,5,21
10679,483a2cf3-98f9-456d-81d9-022710423c23,3,ars,4,24
10680,20c3a3f4-11c6-43d4-a63d-88f54b3b8096,4,je,4,30
10681,88c6509b-cbe2-47c6-ad02-97c92e300c48,3,mf,3,30
10682,5d6539ff-441b-46cc-af23-5b77ff05230e,3,ars,4,25
10683,55284c4b-b914-4e5d-9551-79d8f5b4eb5d,5,mdn,5,26
10684,9c2aadbd-036d-45e6-b130-7f3d98892dba,3,ars,5,20
10685,abeb14a7-d8db-429f-9acc-79ef8cdf9a02,3,mf,4,23
10686,51c428b4-c4a7-4da8-86e1-1fa640026086,4,ars,5,28
10687,3715dae0-d872-499f-8f0c-fabf940e2bc0,4,ars,5,25
10688,73ae6177-466a-40ab-833a-67f5a7eedc79,4,mdn,4,26
10689,0d81df22-243d-48a5-829e-9b4954d5cd5b,5,mdn,4,20
10690,4cf82814-1d7e-430c-bba3-247af2552306,5,ars,4,19
10691,d6d28a99-70f3-4053-961c-029e34621e96,4,mdn,4,21
10692,5d6539ff-441b-46cc-af23-5b77ff05230e,5,mdn,5,25
10693,d057bbf9-c5fa-420a-9bb9-1f6322853d1c,4,mdn,5,27
10694,d056ef76-a2d5-4e81-9a82-0a5190a878e8,5,mf,5,28
10695,c233c56b-6f1a-4f53-9f27-e39f5220f9d3,4,ars,5,26
10696,cb05f3e4-515e-4567-9ec2-b3d043b9f1e4,5,mdn,4,22
10697,3225e9ea-e884-40bd-a656-818e699d86ec,5,mw,4,25
10698,e70f6ce4-4606-4a3d-a5cb-3c22ac67b4ea,3,ars,5,18
10699,de511cef-1fc8-493b-bb99-d9ba30a042c9,5,mdn,5,28
10700,5939bdfb-18e1-40ee-8654-d802e218a33f,5,mdn,5,29
10701,de511cef-1fc8-493b-bb99-d9ba30a042c9,5,ars,5,28
10702,1da45063-2dc1-41f2-88ea-7f61fe7f9a19,4,ars,5,25
10703,c6843a46-7606-45f7-a642-7dfbe9bb61cf,5,mf,4,28
10704,9054ffc8-9df3-4b73-a700-17b228a19cba,5,mdn,5,29
10705,ab9d4c1f-1773-4f12-88e1-ecd78f51e309,5,mf,5,30
10706,65f9bddd-fe54-4b4a-b2fa-8104c5db89c0,3,ars,4,30
10707,e7ec3fdb-639e-430f-978e-10c034fd3978,5,ars,5,21
10708,15500f87-5d38-4e31-b34d-fe209c3a5de4,5,mdn,5,18
10709,4c618e0b-e52e-4b54-98ca-542b28fe4432,5,mf,5,18
10710,f21916d7-d541-4ce8-a39b-d7f0276da589,3,ars,4,21
10711,4c39b0b9-c9d0-45ac-b545-190c3da984fa,4,mdn,5,21
10712,3225e9ea-e884-40bd-a656-818e699d86ec,5,ars,5,25
10713,20c3a3f4-11c6-43d4-a63d-88f54b3b8096,4,mdn,4,30
10714,acf94512-66a4-418e-98d7-dfc6c4691d80,5,ars,5,24
10715,a2b117e7-ab57-476e-831c-33f7ceb1aa35,4,ars,4,29
10716,2384d785-bbf8-4c79-be46-5e56d3e5feee,5,mw,5,19
10717,5e6e310e-6abc-4e1a-b8e6-75b0a5b991b2,4,ars,3,28
10718,5939bdfb-18e1-40ee-8654-d802e218a33f,5,mdn,5,29
10719,202f45d7-fcef-4cc2-8278-6cd8e89d01cd,5,mdn,3,19
10720,ca5c06a4-b01e-4e89-b6e0-507d13da74e9,5,mdn,4,27
10721,3c24d078-c8f8-4f83-ab59-6d25c5b84bc2,4,ars,4,30
10722,4c618e0b-e52e-4b54-98ca-542b28fe4432,4,ars,5,18
10723,c7bf0ed5-820e-4544-920d-c50b944dec2c,5,mdn,4,26
10724,5ef1e3ae-45e5-41e7-956b-4cef7dcf95b5,4,mdn,5,21
10725,bcb872cd-f6f8-422c-8729-59be0b01e4c4,5,mdn,5,27
10726,202f45d7-fcef-4cc2-8278-6cd8e89d01cd,5,k,3,19
10727,4ff66c05-68eb-4bc1-9ed7-4ca15066eb3c,4,ars,4,20
10728,19d5ec55-7543-48c4-8fbc-f01f5a9b2c95,5,ars,5,26
10729,40ef5c66-cc76-49a6-851d-1b58fe2953d7,5,ars,5,29
10730,5e454df6-a68f-4b76-b06a-f576ed27a11e,5,mw,5,22
10731,a133b00f-54e3-42c5-87db-f89de83c6874,4,mdn,5,20
10732,a04fce7c-b286-4d7c-a980-189ed10f7dcb,4,mdn,4,28
10733,83cff052-3ad9-416d-b26e-4797eccc0f10,5,ars,4,25
10734,95d5bb8d-2790-43d4-a0a3-970e5fe6ac19,5,mdn,4,18
10735,e835a550-12b8-48aa-84a8-7fc1c8b1e775,5,k,4,18
10736,2f17238b-3151-4596-bd04-d55f4c80a066,5,mdn,5,30
10737,f443f8f7-c1f8-4b45-a91c-5a994f4c0ef6,4,ars,4,20
10738,53204bad-4011-4a1a-b4d1-cee62543e32e,5,je,4,20
10739,0b5bc2f8-6b6b-4cd8-abdd-7c9350676492,4,ars,5,26
10740,0d5f41b7-3ab8-478c-836a-767823fd4c82,4,mdn,5,28
10741,5fab557d-756e-44e7-8f28-2896570692b2,5,ars,5,30
10742,58d13a75-2efb-4254-85fa-13bdb2ac2156,5,ars,4,19
10743,375b7df7-16cd-4376-965f-52dc0c4f3eb3,5,mw,5,23
10744,4cab344d-1770-4c38-a71f-6d51e8f3b5cc,5,ars,5,18
10745,e62e4b0c-e929-48f4-ad21-f172df57e747,4,mw,4,23
10746,391319c2-41bc-4213-ba51-0e06718e1803,5,ars,5,26
10747,7aaf2ee9-a6f9-4256-8f6b-742a0ee1ac2e,5,mdn,3,26
10748,5e454df6-a68f-4b76-b06a-f576ed27a11e,4,mdn,4,22
10749,5fb096ef-d891-4c20-aabc-80216c7d0ac6,5,ars,5,22
10750,d5b84e64-0316-493b-9d2d-3d5a49490e9c,4,mdn,2,21
10751,9a72950d-597c-4488-8d80-702130f485ee,4,mf,4,23
10752,6e77a16f-1fc0-43a6-bf10-ef592e2084ea,4,k,5,28
10753,18d72f16-5e3b-4cdd-ac63-6847f84789e2,4,mf,5,25
10754,cee74a0a-0b19-443e-93ff-152112089c51,5,mdn,5,24
10755,220cc7c6-0cef-413b-af2a-ec2208ceac65,5,ars,4,20
10756,b8711a0e-32ab-47db-aeb9-91be60b918a4,5,mdn,4,18
10757,da651f2b-7264-419b-86f7-c68c199ab2eb,5,ars,5,22
10758,d8eb4bf2-57a4-4a6a-8865-4ce0bf2c9e12,4,mdn,5,29
10759,e42c716f-8970-4881-89c6-3db8a37ccd35,5,mf,5,30
10760,c233c56b-6f1a-4f53-9f27-e39f5220f9d3,5,mdn,5,26
10761,44ca9a06-8b5d-42d1-a313-dfee18559727,4,tam,5,28
10762,ddd0d578-3230-498c-9471-c90132d0399a,5,ars,5,18
10763,4cf82814-1d7e-430c-bba3-247af2552306,5,ars,4,19
10764,1c8b2fc6-6dea-4184-9cb0-5dfbe49b73da,4,ars,4,30
10765,2f17238b-3151-4596-bd04-d55f4c80a066,5,mw,4,30
10766,9c7b2243-d03e-419c-babb-f8b3ea3c8400,4,ars,4,19
10767,f05a9269-3068-486a-b87d-fda9d757275c,5,ars,4,28
10768,dbf069ee-b1dd-4b75-8b6e-73734ec2cb48,5,mf,3,21
10769,2c7871c7-4bd5-43a8-aa2c-3c65fc33736c,5,mfmw,5,26
10770,eb698920-996b-4bbd-b8a5-7414f307aa42,5,mf,5,21
10771,24f641eb-913a-4416-84af-07ec8721940e,5,mf,5,20
10772,789055e5-3d0a-423a-bd82-c9fcfdf03bac,5,mdn,5,30
10773,d975480c-d90f-414e-a9e1-b1288c4fbd1c,4,mw,5,28
10774,83da35e2-88ab-4562-9f43-c192ecdaed1e,5,mf,5,18
10775,0bb3ee6a-85cc-4eb3-b648-e8c08e1364db,5,mdn,5,24
10776,3d110c2c-e912-45ac-b49c-d55781dd00dd,5,mdn,5,26
10777,b166452a-784d-4789-941e-1c7b8b6229f6,4,mdn,5,21
10778,dda13a7f-e01e-4084-b353-9a7870744ff1,5,mdn,5,26
10779,c6843a46-7606-45f7-a642-7dfbe9bb61cf,4,mdn,4,28
10780,b166452a-784d-4789-941e-1c7b8b6229f6,5,fg,4,21
10781,5cb0e54b-ec8d-46d8-8d81-eaa3e0687114,5,mf,5,18
10782,b72ffd03-aef1-4d7f-896e-953964384583,5,ars,5,24
10783,b166452a-784d-4789-941e-1c7b8b6229f6,4,ars,5,21
10784,de511cef-1fc8-493b-bb99-d9ba30a042c9,4,mdn,5,28
10785,daba59b7-3cb9-4533-b8a8-9e0562490dd2,5,mw,5,23
10786,dac33426-3c77-4e9c-807c-3ecdc261339f,4,mdn,4,20
10787,d4024ed1-cddb-4e3c-aea5-6616191d699f,5,mdn,5,29
10788,8633ed8f-31e9-45be-8c95-1a50d1658229,3,mdn,5,27
10789,273a109b-52b8-4925-8536-22ceb3b716dc,3,ars,4,30
10790,1b8f176a-44b5-4b9f-b3aa-7fd66e2c5697,5,ars,4,20
10791,af8a0613-364e-42b4-903f-c2ea6ed41cea,3,ars,4,26
10792,9bb07206-a24d-488b-91d9-853f606d5fd4,4,mdn,5,19
10793,3957973a-682a-4959-b576-9a085c8a44ae,5,ars,4,28
10794,df68b52d-88f5-4b15-9731-39301acac35b,5,mdn,5,24
10795,c4cf804a-7759-4269-8562-c7141d2c18c7,4,ars,4,24
10796,23205395-678b-4b55-a150-3fc8227c3a18,5,mf,4,29
10797,9dafb395-690f-4613-9aed-1761724d82c8,5,ars,5,22
10798,216de2aa-e0bf-41b4-92da-3ad50ab2af5e,5,ars,5,22
10799,0bb3ee6a-85cc-4eb3-b648-e8c08e1364db,5,mf,5,24
10800,c44794ff-60de-42e8-9ac1-d221a8ab29c0,5,-,5,30
10801,e11ba41b-805a-4223-afa6-67c773666985,4,mdn,5,30
10802,e876c637-3708-402f-9fc3-ed2a59c697c9,5,mfars,5,27
10803,28c21980-3720-4511-bec7-cc2e6275750a,3,ars,5,28
10804,a133b00f-54e3-42c5-87db-f89de83c6874,5,mdn,5,20
10805,be4db01d-a7c7-4918-93df-7014dc077733,5,mf,4,22
10806,cec079b7-5691-4cd0-9092-3b0388c25d4a,5,mdn,5,22
10807,4cab344d-1770-4c38-a71f-6d51e8f3b5cc,4,ars,3,18
10808,18d72f16-5e3b-4cdd-ac63-6847f84789e2,5,mf,5,25
10809,2384d785-bbf8-4c79-be46-5e56d3e5feee,4,ars,4,19
10810,0c2d68f2-4d17-4dab-b9a1-d0bdf4e10ce4,4,ars,3,22
10811,48aeea0c-cfef-4b4a-b94f-415455a9d7af,4,mw,5,20
10812,0a986dd7-a658-40a9-9d1b-d3074e036e35,3,mdn,5,30
10813,e62e4b0c-e929-48f4-ad21-f172df57e747,5,ars,2,23
10814,f29b1b86-ab96-4876-889d-70b5955a01c7,4,mw,4,27
10815,e6574fcd-b5fd-40b8-b94a-e3fdf1c887b6,5,ars,5,24
10816,7d446322-1542-4988-929c-6542663cfe0c,5,mdn,3,19
10817,6e1d86b6-1249-4c44-a984-f1ea046d19b8,5,k,5,19
10818,5ef1e3ae-45e5-41e7-956b-4cef7dcf95b5,4,ars,5,21
10819,3418969d-5c13-46ee-8df0-794019e7a64f,4,ars,4,30
10820,393c8d69-3a0e-414a-8b81-6b069e1d3432,5,ars,5,19
10821,1105bd82-4df4-4116-be5a-0fc3f7506907,5,mdn,5,18
10822,a5a4ee5b-8385-4dfb-9185-a1deb1531cdb,4,ars,4,28
10823,5c1e8c88-6c25-4e21-99e7-98f3140d754f,4,mdn,5,22
10824,1699c2dd-b2b5-4756-bc87-a4b933c25c01,5,ars,5,29
10825,79ce6eb0-d1d0-42fe-b157-1bb64abf5596,5,ars,5,23
10826,8633ed8f-31e9-45be-8c95-1a50d1658229,5,ars,5,27
10827,89659f75-6600-40be-8c14-322a5ae87e24,4,mdn,5,23
10828,a51ce71d-9acf-4e2f-b3bb-2d456a3de7ec,5,ars,3,22
10829,0b187bd8-2c9e-4c1a-ad95-1ac60fa3f39d,5,mdn,4,20
10830,a93b4520-48eb-4201-afbf-b8d72d7eb56a,5,ars,5,28
10831,9347de8d-7c8f-4fe7-bb9d-ccf63c729d89,3,k,5,26
10832,b1d1a983-98bc-441f-96bf-b92fd2c78493,5,ars,5,26
10833,ac687490-2263-42a4-b629-41f9cb808ec3,4,mdn,3,28
10834,a4272ae2-4e7e-4252-a49a-10445c387bc6,5,mdn,5,29
10835,d8eb4bf2-57a4-4a6a-8865-4ce0bf2c9e12,5,mfars,5,29
10836,3418969d-5c13-46ee-8df0-794019e7a64f,3,ars,5,30
10837,0ee3780f-36f5-4ce7-af65-420a0d0b528c,5,mdn,5,27
10838,0ef4cecc-887a-460d-b699-659969939b87,5,mw,4,24
10839,7428131a-f272-433f-b7ae-725af2ab628d,5,mdn,5,29
10840,934eaca0-2d10-4419-8175-7812976e2931,4,ars,5,21
10841,455e0529-272b-4550-95d5-a0bdb835ca9f,5,mdn,5,23
10842,49b93c8d-21cf-4307-90e1-12f87a2a75a4,5,mdn,3,26
10843,802f27c7-ea1a-4e42-97b3-8174f236e379,5,ars,5,29
10844,c3199038-0991-484e-bfee-899557351e13,4,mf,4,25
10845,caa1cb22-fbe5-43dd-bba4-11dd60e108aa,5,mdn,4,26
10846,55284c4b-b914-4e5d-9551-79d8f5b4eb5d,5,mdn,5,26
10847,d8eb4bf2-57a4-4a6a-8865-4ce0bf2c9e12,5,mf,5,29
10848,c7cccd38-9e0f-4c94-acfb-557606e7aadf,5,mdn,5,22
10849,e10e6103-9fa7-4a16-bfe4-f437f8ccfdbc,5,mdn,5,19
10850,c81c0d30-be22-4d14-a328-3760bfd5e023,4,mdn,4,20
10851,9c190f0c-c070-4a52-946b-462086f30106,5,mdn,3,25
10852,640d60da-a441-4460-b386-d9613ee01d28,5,mdn,5,29
10853,717bbe10-f11f-4197-820a-cc03420e2016,5,mdn,5,18
10854,2eebf90c-68dc-4631-a827-b59638b7ad52,5,mw,5,26
10855,6b544598-bc17-4e6f-9cd4-987f46c83902,5,mw,5,19
10856,d1f141a2-1152-4522-ac13-eb572de63737,5,ars,5,23
10857,f96dc1f6-d3a8-4cf6-a3ab-6a1182d41edd,5,ars,4,23
10858,bd3fa596-ba3b-4756-90a8-164d551c2b98,4,ars,3,19
10859,357bbbdb-8186-4709-a792-2b49f743fad2,5,mw,5,18
10860,37801059-5d8a-4bb8-ac44-c92f83dbfa3a,5,ars,5,19
10861,b52aa66d-49b6-4823-b15d-19817ab072ab,4,ars,5,24
10862,6b792bd6-6f66-4692-b446-832cc13edc39,5,ars,4,25
10863,4cf82814-1d7e-430c-bba3-247af2552306,4,mdn,4,19
10864,e70f6ce4-4606-4a3d-a5cb-3c22ac67b4ea,5,mw,5,18
10865,5cd193d4-8ecf-4845-a463-61edf2b05ff3,5,mdn,5,26
10866,fdf2851c-a685-4112-80fc-401747191dc3,5,ars,5,26
10867,7d446322-1542-4988-929c-6542663cfe0c,5,mdn,3,19
10868,a5a4ee5b-8385-4dfb-9185-a1deb1531cdb,5,ars,4,28
10869,ebd78cae-0a5d-43ed-bf3e-b6c496bd4b64,5,mdn,5,26
10870,3e262f96-1a3a-4620-a5cb-26350e9ead3e,5,mdn,5,22
10871,2d289025-ff1e-4ba7-a201-6b6053e593e8,5,mf,5,21
10872,820fb470-45af-4458-a617-8ea1f9d8915d,5,ars,5,30
10873,f05a9269-3068-486a-b87d-fda9d757275c,5,mw,5,28
10874,342ea9ee-c313-48ec-9c3e-d11cc7614f54,4,fg,5,29
10875,50fe2f3d-7fa4-43b4-b182-6ff9a0371dd4,5,mfars,3,25
10876,cae3f7d3-ef38-44cd-99ae-c2606063e41f,4,ars,4,22
10877,637a2933-734a-4323-a7e9-7f9f79ad4dc4,5,ars,4,23
10878,216de2aa-e0bf-41b4-92da-3ad50ab2af5e,5,ars,4,22
10879,f627af83-24c8-4c96-a7fd-4e60eddea09e,5,mdn,5,24
10880,921eaf8b-9aee-46c9-8e43-76663964131c,5,mfars,3,21
10881,44ca9a06-8b5d-42d1-a313-dfee18559727,5,ars,5,28
10882,a59fa924-4733-471c-8754-f6595cd0e6f1,3,ars,5,27
10883,e7cb74f4-ab7a-4555-90a9-a9f5ecb3f9b6,5,mdn,4,28
10884,8e0fa808-9c9f-47f2-aaa1-6fd29a3c638d,5,mdn,2,19
10885,e0c2a19b-d844-4f21-887c-a90f7c9b4346,4,ars,5,28
10886,357bbbdb-8186-4709-a792-2b49f743fad2,3,ars,4,18
10887,b7ba5486-611f-4ead-9e37-51de7d6961bb,5,ars,4,30
10888,a9bdcbf6-4345-477c-a7a8-a7a09b29bd64,4,ars,5,19
10889,41c2499e-4649-4cd4-8476-d435c6166c58,4,ars,5,22
10890,a5a4ee5b-8385-4dfb-9185-a1deb1531cdb,5,mdn,5,28
10891,5fab557d-756e-44e7-8f28-2896570692b2,5,ars,3,30
10892,cae3f7d3-ef38-44cd-99ae-c2606063e41f,5,mdn,5,22
10893,f59c8c41-7c50-4929-a64d-49cf2e587423,5,mdn,5,24
10894,651aa3c1-3bba-4b30-9471-e0f7857900f7,5,ars,4,29
10895,80b41e1b-5190-447f-b409-c16b01162cf0,3,mf,5,22
10896,afcb575e-c985-4e48-8663-6e73dd6dbe65,5,mdn,4,29
10897,e11ba41b-805a-4223-afa6-67c773666985,5,mdn,4,30
10898,9c2aadbd-036d-45e6-b130-7f3d98892dba,4,ars,5,20
10899,0e321c7e-d2cf-4699-aa74-9544ab8f2090,5,ars,5,26
10900,357a2790-e856-4dd3-a0f5-8f6e14d0267f,4,mdn,5,26
10901,3957973a-682a-4959-b576-9a085c8a44ae,5,mdn,4,28
10902,22b43ba7-0a64-49dd-bf2f-b6920e84a056,5,mw,5,18
10903,0d81df22-243d-48a5-829e-9b4954d5cd5b,5,mdn,5,20
10904,2c7871c7-4bd5-43a8-aa2c-3c65fc33736c,3,mw,5,26
10905,da651f2b-7264-419b-86f7-c68c199ab2eb,4,ars,5,22
10906,e876c637-3708-402f-9fc3-ed2a59c697c9,5,mdn,5,27
10907,4c618e0b-e52e-4b54-98ca-542b28fe4432,5,ars,5,18
10908,45d72ac3-0209-493e-9d5a-8a966d562845,4,mdn,3,23
10909,0ef4cecc-887a-460d-b699-659969939b87,5,ars,5,24
10910,52a42141-4b24-488f-8631-7ef301b1c14c,4,-,4,27
10911,9b87a188-a71f-4d7a-bb50-b7fae8022f80,5,mdn,4,27
10912,7a0157cb-c6fc-4ec5-873e-fafdddf66174,5,mdn,5,20
10913,3957973a-682a-4959-b576-9a085c8a44ae,5,tam,3,28
10914,9e679f83-7105-4a2c-b9d2-82964ea88b4f,5,mdn,4,25
10915,1fb37a6e-bfb4-48da-b71f-d813fb59ef1c,5,ars,4,30
10916,8c8342e9-a790-4117-b607-5415d372b7f6,3,mdn,5,29
10917,789b8d4b-a8d0-430d-9fd4-29d445b2f6f2,4,ars,4,29
10918,abeb14a7-d8db-429f-9acc-79ef8cdf9a02,5,ars,4,23
10919,eb5ab705-64b5-4824-80b1-748c0c01560b,4,mf,4,30
10920,c7bf0ed5-820e-4544-920d-c50b944dec2c,5,mf,5,26
10921,ce6e85c5-f384-4d46-b67e-a4ca72252a0a,5,mdn,5,30
10922,15500f87-5d38-4e31-b34d-fe209c3a5de4,4,mdn,4,18
10923,f1242db3-e5af-4813-a6f1-4c9e531776bd,5,mf,4,20
10924,2b7f0ba7-166f-43e5-9c60-056b72b479a4,4,mdn,4,27
10925,2d1a4ae6-c125-4238-ae47-5496c45d5d8c,5,ars,5,24
10926,eb5ab705-64b5-4824-80b1-748c0c01560b,5,ars,3,30
10927,d1adf242-5e1a-4a78-9c07-f0ba06758c42,5,mw,5,19
10928,58326bf0-4f33-4c16-b328-cc206f87d423,5,ars,5,28
10929,6e83b88a-84c4-4f8a-8fa9-9ff48e48fa49,4,ars,5,24
10930,d1d66775-cc03-42ea-ad3c-681efafb3682,3,mw,5,24
10931,be5ec881-1245-4f55-9f25-8f76599294aa,5,ars,5,24
10932,f5d4a203-e308-452c-86e4-9412e871f2e8,5,mdn,5,19
10933,c005b690-b142-4d65-85e4-6ae65a48024d,4,mf,5,27
10934,b08e0cea-9237-4a5a-87d6-3f72a313ae3f,5,ars,5,29
10935,e04076e5-3fab-4e6b-9f79-38c54336e47b,5,ars,4,20
10936,abeb14a7-d8db-429f-9acc-79ef8cdf9a02,5,mdn,5,23
10937,89659f75-6600-40be-8c14-322a5ae87e24,5,tam,4,23
10938,802f27c7-ea1a-4e42-97b3-8174f236e379,4,ars,5,29
10939,a04fce7c-b286-4d7c-a980-189ed10f7dcb,5,ars,5,28
10940,8aef2d51-8022-4436-a3a6-8c80ea4e0d91,5,mdn,5,29
10941,e18562d7-a549-49e1-ade6-2373fed3787d,5,mw,5,22
10942,da651f2b-7264-419b-86f7-c68c199ab2eb,2,ars,5,22
10943,68808f5c-066f-4afa-b2fa-ae7abe1e6ba5,5,ars,4,19
10944,5cd193d4-8ecf-4845-a463-61edf2b05ff3,5,mw,4,26
10945,14d84dec-8ae5-46d1-aebd-b3aa52f097ff,5,ars,3,30
10946,493c0fa8-bb96-4b13-b9fb-93abb37b65e7,5,mdn,5,29
10947,44ca9a06-8b5d-42d1-a313-dfee18559727,4,mdn,5,28
10948,cec079b7-5691-4cd0-9092-3b0388c25d4a,4,ars,5,22
10949,5d6539ff-441b-46cc-af23-5b77ff05230e,5,ars,3,25
10950,be5ec881-1245-4f55-9f25-8f76599294aa,5,ars,5,24
10951,a93b4520-48eb-4201-afbf-b8d72d7eb56a,4,mdn,5,28
10952,b08e0cea-9237-4a5a-87d6-3f72a313ae3f,3,mdn,5,29
10953,ff4a3b75-5599-4d90-95f0-8a1bf29c5849,4,mf,3,27
10954,cec079b7-5691-4cd0-9092-3b0388c25d4a,4,k,5,22
10955,cdb366d6-e302-45aa-b61c-6bb4bd827c4f,5,mf,3,22
10956,b5bc6003-dc35-4ca6-b16c-1752ffb0d186,5,mdn,5,20
10957,5e6e310e-6abc-4e1a-b8e6-75b0a5b991b2,4,mf,4,28
10958,2ae01d22-116d-44c0-84be-cfad96fb519c,4,ars,5,20
10959,8f526ed2-d369-4494-ac76-83d6b718337f,5,ars,5,21
10960,1b8f176a-44b5-4b9f-b3aa-7fd66e2c5697,4,mdn,4,20
10961,fcf4ee65-4267-4b08-bb3d-1860d83cb6e0,4,ars,4,29
10962,a4272ae2-4e7e-4252-a49a-10445c387bc6,5,mdn,5,29
10963,7828cf51-b3a0-48db-8231-70513625208a,4,mdn,5,18
10964,89659f75-6600-40be-8c14-322a5ae87e24,5,mdn,5,23
10965,9c2aadbd-036d-45e6-b130-7f3d98892dba,4,ars,4,20
10966,9e679f83-7105-4a2c-b9d2-82964ea88b4f,3,ars,5,25
10967,f21916d7-d541-4ce8-a39b-d7f0276da589,4,mf,5,21
10968,2f586764-da78-499d-9a41-eafd03844e80,3,ars,4,29
10969,40c6a39c-67fc-4202-b18e-ef0e0185bdd3,5,je,5,23
10970,e18562d7-a549-49e1-ade6-2373fed3787d,5,ars,3,22
10971,2b7f0ba7-166f-43e5-9c60-056b72b479a4,4,ars,5,27
10972,24e8d7e7-70e0-47f0-835c-f03045861de5,5,ars,4,25
10973,5cd193d4-8ecf-4845-a463-61edf2b05ff3,4,mf,5,26
10974,d1adf242-5e1a-4a78-9c07-f0ba06758c42,5,ars,4,19
10975,789b8d4b-a8d0-430d-9fd4-29d445b2f6f2,5,mf,5,29
10976,7428131a-f272-433f-b7ae-725af2ab628d,5,mw,5,29
10977,c81c0d30-be22-4d14-a328-3760bfd5e023,5,ars,3,20
10978,ff4a3b75-5599-4d90-95f0-8a1bf29c5849,5,mdn,5,27
10979,b72ffd03-aef1-4d7f-896e-953964384583,3,ars,5,24
10980,ff9d3a2b-707a-4274-9447-421946699738,3,mf,4,25
10981,342ea9ee-c313-48ec-9c3e-d11cc7614f54,5,ars,4,29
10982,9dafb395-690f-4613-9aed-1761724d82c8,5,mdn,3,22
10983,59ad52ab-0325-4f71-bbf8-6d0eabc630ad,3,mdn,5,30
10984,9dafb395-690f-4613-9aed-1761724d82c8,5,ars,4,22
10985,b50df7ff-04f6-45b6-b3fd-0d96d4fbcd61,5,ars,3,18
10986,4cab344d-1770-4c38-a71f-6d51e8f3b5cc,5,k,4,18
10987,789055e5-3d0a-423a-bd82-c9fcfdf03bac,4,mfars,5,30
10988,c81c0d30-be22-4d14-a328-3760bfd5e023,5,ars,5,20
10989,a59fa924-4733-471c-8754-f6595cd0e6f1,3,ars,4,27
10990,0f1a02d0-badb-422e-a97f-76df0e23f581,5,mdn,5,26
10991,58326bf0-4f33-4c16-b328-cc206f87d423,5,ars,5,28
10992,7f337d29-cfd2-4a03-bbb9-ec6196e1d34d,5,mdn,5,30
10993,daba59b7-3cb9-4533-b8a8-9e0562490dd2,5,mf,5,23
10994,c34aed25-5a2c-400e-ba87-7168d634e3bd,5,ars,5,30
10995,c7bf0ed5-820e-4544-920d-c50b944dec2c,5,mdn,5,26
10996,f4470d04-89ee-4c8e-99d8-4ed12535524b,5,ars,3,23
10997,ec3f623a-65f2-4b0d-937b-d0d1c4325976,5,mf,5,30
10998,cdb366d6-e302-45aa-b61c-6bb4bd827c4f,5,mf,5,22
10999,0ee3780f-36f5-4ce7-af65-420a0d0b528c,5,mw,5,27
11000,366c8261-243e-4eab-9695-6df81979597a,5,ars,4,18
11001,aa994a1c-055e-4751-b4cf-ddc08d3a5f8c,5,mdn,4,18
11002,64f2a8ab-33f5-42c6-9ba5-54e65b6b5af4,5,mf,5,30
11003,1a26488b-6cd0-47ce-a93f-a8b4c8da09e2,3,mdn,4,19
11004,d8eb4bf2-57a4-4a6a-8865-4ce0bf2c9e12,5,mdn,5,29
11005,d1560a24-8c99-4ae8-85f9-c9bf80991ce4,4,mdn,4,26
11006,f443f8f7-c1f8-4b45-a91c-5a994f4c0ef6,5,mdn,4,20
11007,4afd54fc-f5e7-41c3-beaf-b9b1270a218c,5,mdn,4,28
11008,fdf2851c-a685-4112-80fc-401747191dc3,5,mdn,5,26
11009,0e321c7e-d2cf-4699-aa74-9544ab8f2090,4,ars,5,26
11010,c16dd75d-767f-4f05-a3cf-e3207ecb51a4,5,mdn,4,19
11011,98101cf4-a26d-4e32-9f91-6f42993b3ea1,5,ars,5,18
11012,b7ba5486-611f-4ead-9e37-51de7d6961bb,5,mdn,5,30
11013,d975480c-d90f-414e-a9e1-b1288c4fbd1c,5,ars,5,28
11014,53f8916f-1f81-4fd4-ba7e-b3574e6852eb,5,mdn,4,19
11015,90f03727-0a86-4f64-8828-9b8d6d2a0650,5,mdn,5,28
11016,6182a456-4de8-43e2-b54f-5836017a532d,5,ars,5,19
11017,b07938ae-0ab3-44a5-9009-465521064ed4,5,mdn,5,18
11018,e696ca58-d61a-449b-8aae-30772b7d92e3,3,ars,5,24
11019,1a26488b-6cd0-47ce-a93f-a8b4c8da09e2,5,mf,5,19
11020,dfac5d22-8882-4707-bbe8-9325b9ddc739,5,mf,5,20
11021,55284c4b-b914-4e5d-9551-79d8f5b4eb5d,5,mf,5,26
11022,2c867a72-877a-4cfb-8d18-01990c6c4846,5,mdn,5,19
11023,f29b1b86-ab96-4876-889d-70b5955a01c7,3,ars,4,27
11024,789b8d4b-a8d0-430d-9fd4-29d445b2f6f2,5,ars,5,29
11025,e04076e5-3fab-4e6b-9f79-38c54336e47b,4,ars,5,20
11026,a5a4ee5b-8385-4dfb-9185-a1deb1531cdb,5,ars,3,28
11027,e42c716f-8970-4881-89c6-3db8a37ccd35,5,mdn,4,30
11028,e98d0b49-dc22-4be4-89e6-38ba25d671b3,3,mf,4,21
11029,d057bbf9-c5fa-420a-9bb9-1f6322853d1c,5,mdn,5,27
11030,be4db01d-a7c7-4918-93df-7014dc077733,5,ars,5,22
11031,d057bbf9-c5fa-420a-9bb9-1f6322853d1c,4,ars,5,27
11032,606ef552-6427-489e-aec2-43a4a17643e2,5,ars,5,20
11033,c44794ff-60de-42e8-9ac1-d221a8ab29c0,4,tam,5,30
11034,b72ffd03-aef1-4d7f-896e-953964384583,5,mw,5,24
11035,a93b4520-48eb-4201-afbf-b8d72d7eb56a,5,mf,5,28
11036,58d13a75-2efb-4254-85fa-13bdb2ac2156,4,mw,3,19
11037,cbaaf4cd-85c3-4140-9033-acedf90fa1cb,5,ars,3,22
11038,b8b1fa86-8f82-4898-a242-72dfdcfc0b75,5,mf,3,25
11039,dfc7c753-24c4-4193-ae2b-2ee1af876a13,5,mdn,4,30
11040,747f065e-55d2-47c9-ab2b-c349fcbc001d,5,ars,5,23
11041,c393b545-0428-4a31-927b-e603aa307049,4,ars,5,18
11042,342ea9ee-c313-48ec-9c3e-d11cc7614f54,4,ars,3,29
11043,53292fdb-b353-457a-8482-81bdab16d44f,3,mdn,5,30
11044,ca5c06a4-b01e-4e89-b6e0-507d13da74e9,3,ars,4,27
11045,aafce93e-6e5f-46ad-b186-d642d5a456a1,3,mdn,5,30
11046,a5a4ee5b-8385-4dfb-9185-a1deb1531cdb,4,mdn,5,28
11047,a9bdcbf6-4345-477c-a7a8-a7a09b29bd64,5,mdn,5,19
11048,22b43ba7-0a64-49dd-bf2f-b6920e84a056,5,j,5,18
11049,f10cf3ff-f51e-442d-bee4-d1c0099c264c,3,mdn,5,29
11050,899d5675-9fe8-4dde-af03-7b62ba95428c,5,mf,5,22
11051,5cf62f0f-9b68-4dd7-9dd1-78727e147558,4,-,5,19
11052,f4470d04-89ee-4c8e-99d8-4ed12535524b,5,ars,3,23
11053,acf94512-66a4-418e-98d7-dfc6c4691d80,5,mdn,5,24
11054,84d29b44-26c6-4b05-8a67-31831d35be32,5,mf,4,28
11055,9edfb2eb-d613-48d3-bce6-bc81bffc2ac7,5,ars,3,25
11056,3957973a-682a-4959-b576-9a085c8a44ae,5,k,4,28
11057,cee74a0a-0b19-443e-93ff-152112089c51,5,mf,5,24
11058,7c900363-ac5f-43a0-ae64-d5bb23688d88,3,ars,3,27
11059,58d13a75-2efb-4254-85fa-13bdb2ac2156,5,mdn,4,19
11060,cbaaf4cd-85c3-4140-9033-acedf90fa1cb,4,mw,4,22
11061,9fd059e2-db33-4855-9374-7ccccc82e66e,4,ars,5,22
11062,dda13a7f-e01e-4084-b353-9a7870744ff1,5,ars,4,26
11063,e835a550-12b8-48aa-84a8-7fc1c8b1e775,5,ars,5,18
11064,2af566fa-f86c-462b-b3cf-5868069d103e,3,j,5,21
11065,9347de8d-7c8f-4fe7-bb9d-ccf63c729d89,5,mw,4,26
11066,9054ffc8-9df3-4b73-a700-17b228a19cba,5,mf,5,29
11067,9ffb6093-07ab-4c59-8f50-d7b38b640c04,4,mdn,5,29
11068,3957973a-682a-4959-b576-9a085c8a44ae,5,mf,5,28
11069,94173ad0-5841-4719-9ae3-44e387b19633,5,ars,5,28
11070,caa1cb22-fbe5-43dd-bba4-11dd60e108aa,4,mdn,4,26
11071,29db820a-86ac-4510-88f7-184d6f9dcf9c,4,ars,4,18
11072,bcb872cd-f6f8-422c-8729-59be0b01e4c4,3,mdn,5,27
11073,79ce6eb0-d1d0-42fe-b157-1bb64abf5596,4,mdn,5,23
11074,3ad458ed-6069-4907-a71e-efda23c5abff,3,ars,5,28
11075,bcb872cd-f6f8-422c-8729-59be0b01e4c4,4,ars,5,27
11076,2b46b282-1df9-4423-9625-2c6743a25144,5,mf,5,25
11077,357a2790-e856-4dd3-a0f5-8f6e14d0267f,4,k,4,26
11078,4e5e83e4-af3a-4513-ae2d-281f7991fdb7,4,mf,4,25
11079,de511cef-1fc8-493b-bb99-d9ba30a042c9,4,ars,5,28
11080,ac1781e0-796b-4d94-a324-680e348fe2cb,5,mw,5,22
11081,927c3ada-c329-468f-8b53-036feb07b813,5,mf,4,21
11082,c7bf0ed5-820e-4544-920d-c50b944dec2c,5,mf,4,26
11083,5e454df6-a68f-4b76-b06a-f576ed27a11e,4,mf,4,22
11084,ceb7a529-86be-4dc4-b116-38797aabd2dd,5,ars,5,29
11085,b2120df0-7828-41fd-8a67-19bf1554d594,5,mdn,5,19
11086,4cf82814-1d7e-430c-bba3-247af2552306,4,mdn,3,19
11087,ae40a3a5-e900-4cbc-8955-280bd7529d92,5,ars,3,21
11088,8905a79c-4956-4918-b85f-f194e57c2e62,5,mdn,5,24
11089,558a3ec4-7fbc-40e7-9553-f8cff87516c7,5,ars,4,29
11090,f59c8c41-7c50-4929-a64d-49cf2e587423,4,mdn,4,24
11091,b72ffd03-aef1-4d7f-896e-953964384583,5,mdn,4,24
11092,23f67700-5b2a-4ebb-a7a6-2b6bd78cea75,5,ars,3,21
11093,0e321c7e-d2cf-4699-aa74-9544ab8f2090,4,mdn,5,26
11094,2b46b282-1df9-4423-9625-2c6743a25144,4,mw,5,25
11095,af8a0613-364e-42b4-903f-c2ea6ed41cea,4,mf,2,26
11096,66435fb2-4e78-43d7-952d-d83ed97c5590,5,ars,5,21
11097,5ea1e29a-d64c-4b9b-bf02-d7bb6e8b1156,5,ars,5,29
11098,6e65b841-848c-46e7-a8b3-15ca81055f6a,5,ars,5,26
11099,207a3175-fda0-43fb-8b30-c257bf055847,5,mdn,5,29
11100,8c45b709-a6d6-49b8-b996-e76dc0934213,5,ars,5,23
11101,0e97a2f7-f21a-4142-b564-eac1d55150cb,3,mw,5,28
11102,8e3026d2-a977-4221-a6cc-c30fd3590962,5,mdn,5,30
11103,6e77a16f-1fc0-43a6-bf10-ef592e2084ea,3,mf,3,28
11104,8d2d94c5-8114-4962-a74e-d3f9ce3f36f5,5,ars,5,18
11105,f627af83-24c8-4c96-a7fd-4e60eddea09e,4,mdn,5,24
11106,9fdd2e9f-bbb9-4c36-ad62-91b8914dd0ea,5,mw,5,25
11107,29db820a-86ac-4510-88f7-184d6f9dcf9c,4,ars,4,18
11108,38f9af29-497a-49e7-b561-797d2a207cf0,5,mw,4,30
11109,5febecf8-2d9f-471b-9303-cd8dd0f658af,5,mdn,5,28
11110,9e679f83-7105-4a2c-b9d2-82964ea88b4f,5,ars,4,25
11111,cee38db4-d8fb-4876-affb-408d23f0c5fc,5,mw,5,20
11112,899d5675-9fe8-4dde-af03-7b62ba95428c,4,mf,5,22
11113,68808f5c-066f-4afa-b2fa-ae7abe1e6ba5,5,ars,5,19
11114,4afd54fc-f5e7-41c3-beaf-b9b1270a218c,4,mw,5,28
11115,2f17238b-3151-4596-bd04-d55f4c80a066,3,mdn,5,30
11116,bcb872cd-f6f8-422c-8729-59be0b01e4c4,5,mdn,4,27
11117,23205395-678b-4b55-a150-3fc8227c3a18,5,mdn,4,29
11118,f627af83-24c8-4c96-a7fd-4e60eddea09e,5,mdn,5,24
11119,fe2ef5d1-e5b0-4c59-b553-8a14aa6485fd,3,mdn,5,28
11120,e469cc62-5dfe-42a1-be57-e686c98e01c6,4,mdn,5,25
11121,4ac5d5c7-fcf8-4d13-8384-5e452e3c04af,3,ars,5,28
11122,88c6509b-cbe2-47c6-ad02-97c92e300c48,5,ars,5,30
11123,d2def5be-4ed5-4735-ba73-d6a360f58a69,5,-,5,25
11124,41c2499e-4649-4cd4-8476-d435c6166c58,3,ars,5,22
11125,8aef2d51-8022-4436-a3a6-8c80ea4e0d91,5,mw,4,29
11126,6e83b88a-84c4-4f8a-8fa9-9ff48e48fa49,4,ars,4,24
11127,f59c8c41-7c50-4929-a64d-49cf2e587423,5,mw,4,24
11128,a21eedda-983a-47dd-81fc-20e1b1f34d9e,4,mf,5,26
11129,8aef2d51-8022-4436-a3a6-8c80ea4e0d91,5,mdn,5,29
11130,f9c4d67a-8176-4831-b098-8d866ed2dd52,5,ars,3,20
11131,acf94512-66a4-418e-98d7-dfc6c4691d80,5,mf,5,24
11132,4cab344d-1770-4c38-a71f-6d51e8f3b5cc,4,mdn,4,18
11133,8aef2d51-8022-4436-a3a6-8c80ea4e0d91,5,ars,5,29
11134,7fab4381-0d58-4c87-890a-00f892c6b4d3,5,ars,5,27
11135,73ae6177-466a-40ab-833a-67f5a7eedc79,5,mdn,5,26
11136,11a3f0b6-30be-4055-bd52-045a04e860fe,5,ars,4,25
11137,b8d47eb3-c03a-46ae-9ccb-29bb9f61162b,4,mdn,4,30
11138,11a3f0b6-30be-4055-bd52-045a04e860fe,5,mdn,5,25
11139,e11ba41b-805a-4223-afa6-67c773666985,5,mdn,5,30
11140,b8711a0e-32ab-47db-aeb9-91be60b918a4,4,ars,4,18
11141,73ae6177-466a-40ab-833a-67f5a7eedc79,5,mw,5,26
11142,b94abf88-995e-47ac-9dae-0fc713c19fd9,5,mdn,5,27
11143,6be004f0-b701-4daa-b7e2-312b56f97129,5,ars,4,23
11144,5d6539ff-441b-46cc-af23-5b77ff05230e,5,ars,5,25
11145,adc0ba52-ad0c-4888-9527-72d7900b42bd,4,mdn,5,26
11146,7a024b41-0a4e-41dd-ad47-121884fa8a11,5,ars,5,23
11147,cbaaf4cd-85c3-4140-9033-acedf90fa1cb,4,mw,5,22
11148,2384d785-bbf8-4c79-be46-5e56d3e5feee,5,ars,4,19
11149,1c8b2fc6-6dea-4184-9cb0-5dfbe49b73da,5,ars,5,30
11150,5cf62f0f-9b68-4dd7-9dd1-78727e147558,5,ars,4,19
11151,6f680a58-6e7f-4b24-ab2a-8f615cd14a21,5,mdn,3,27
11152,0e58e77d-a18e-44d2-9fb8-522685cc2b76,4,k,5,21
11153,15500f87-5d38-4e31-b34d-fe209c3a5de4,4,ars,3,18
11154,689f72f3-8a26-4eb9-abf2-c41108bc5bb6,5,mdn,4,23
11155,0ef4cecc-887a-460d-b699-659969939b87,5,mdn,5,24
11156,c0f96359-1d50-4ea2-b4d2-98cffcc461bf,4,mdn,4,18
11157,2f520f04-c2d9-4b9c-a029-6f9df9507b70,3,ars,5,20
11158,5d674651-5ef2-4f04-b0fd-1cb744d92488,4,ars,5,18
11159,41c2499e-4649-4cd4-8476-d435c6166c58,5,mdn,5,22
11160,daba59b7-3cb9-4533-b8a8-9e0562490dd2,5,mf,4,23
11161,640d60da-a441-4460-b386-d9613ee01d28,4,k,5,29
11162,802f27c7-ea1a-4e42-97b3-8174f236e379,4,ars,4,29
11163,52a42141-4b24-488f-8631-7ef301b1c14c,5,ars,5,27
11164,e98d0b49-dc22-4be4-89e6-38ba25d671b3,5,mf,5,21
11165,28c21980-3720-4511-bec7-cc2e6275750a,5,mdn,5,28
11166,f05a9269-3068-486a-b87d-fda9d757275c,5,ars,5,28
11167,a8272db8-0e9f-4372-a757-661bd02f9051,5,ars,5,26
11168,c233c56b-6f1a-4f53-9f27-e39f5220f9d3,5,mdn,5,26
11169,7c900363-ac5f-43a0-ae64-d5bb23688d88,5,mf,5,27
11170,651aa3c1-3bba-4b30-9471-e0f7857900f7,4,mdn,5,29
11171,9cdeb8f3-f6ad-44fd-bccb-390c69038d0b,5,ars,4,20
11172,b57fcc40-677a-40da-9faa-265af0fca89d,4,mfarsmdn,5,19
11173,5939bdfb-18e1-40ee-8654-d802e218a33f,5,mw,4,29
11174,a76629f6-fe9d-4e32-a4ab-46b9faf116a0,5,ars,4,25
11175,daba59b7-3cb9-4533-b8a8-9e0562490dd2,5,mdn,4,23
11176,e469cc62-5dfe-42a1-be57-e686c98e01c6,5,mdn,5,25
11177,93515f8d-d789-46de-bb36-728e6b16625a,3,mf,3,20
11178,adc0ba52-ad0c-4888-9527-72d7900b42bd,4,mdn,5,26
11179,abeb14a7-d8db-429f-9acc-79ef8cdf9a02,5,ars,5,23
11180,7a0157cb-c6fc-4ec5-873e-fafdddf66174,4,ars,4,20
11181,44ca9a06-8b5d-42d1-a313-dfee18559727,3,ars,4,28
11182,0b187bd8-2c9e-4c1a-ad95-1ac60fa3f39d,5,mdn,4,20
11183,792a10ac-a9bb-45ce-af93-7a2619ef61fe,5,mf,3,30
11184,e18562d7-a549-49e1-ade6-2373fed3787d,5,mdn,3,22
11185,86677349-04ed-425a-b521-0389359ed54e,5,ars,3,25
11186,d26cad8a-57db-41ec-9679-d73b30e718dc,3,mw,5,30
11187,6f680a58-6e7f-4b24-ab2a-8f615cd14a21,4,ars,5,27
11188,2f773992-bd33-499d-b4d8-9de663d61d09,4,mw,5,18
11189,8c8342e9-a790-4117-b607-5415d372b7f6,5,mdn,5,29
11190,9054ffc8-9df3-4b73-a700-17b228a19cba,4,mf,5,29
11191,f79501bb-dbe6-4ba4-8439-e4740856c51a,5,mdn,4,25
11192,bcb872cd-f6f8-422c-8729-59be0b01e4c4,5,mdn,4,27
11193,202f45d7-fcef-4cc2-8278-6cd8e89d01cd,5,mdn,5,19
11194,7a0157cb-c6fc-4ec5-873e-fafdddf66174,5,mf,5,20
11195,d5fbe51e-866a-4bc6-acd4-65604d50f3e6,3,mdn,4,22
11196,b08e0cea-9237-4a5a-87d6-3f72a313ae3f,5,mdn,5,29
11197,2b7f0ba7-166f-43e5-9c60-056b72b479a4,4,mdn,5,27
11198,5cd193d4-8ecf-4845-a463-61edf2b05ff3,5,mf,5,26
11199,9054ffc8-9df3-4b73-a700-17b228a19cba,5,ars,4,29
11200,1d9c5351-1850-448d-a113-86faf797165f,4,ars,5,20
11201,e7cb74f4-ab7a-4555-90a9-a9f5ecb3f9b6,5,mdn,5,28
11202,86677349-04ed-425a-b521-0389359ed54e,5,fg,5,25
11203,fe2ef5d1-e5b0-4c59-b553-8a14aa6485fd,5,ars,5,28
11204,663c3978-6013-4a55-9a58-5d538e435021,4,mf,5,25
11205,3225e9ea-e884-40bd-a656-818e699d86ec,4,ars,4,25
11206,8c8342e9-a790-4117-b607-5415d372b7f6,5,ars,5,29
11207,1de40c3b-877b-48c2-be67-4021b5459754,4,ars,5,22
11208,1bfa930d-cf1c-479b-87e4-bae0f9073321,5,ars,5,23
11209,24f641eb-913a-4416-84af-07ec8721940e,5,ars,5,20
11210,48aeea0c-cfef-4b4a-b94f-415455a9d7af,4,mdn,4,20
11211,ec3f623a-65f2-4b0d-937b-d0d1c4325976,5,mw,5,30
11212,afcb575e-c985-4e48-8663-6e73dd6dbe65,4,mdn,5,29
11213,f2359723-11a9-4415-8278-4adb624d9e6b,3,ars,5,29
11214,c3199038-0991-484e-bfee-899557351e13,5,ars,5,25
11215,0d81df22-243d-48a5-829e-9b4954d5cd5b,4,mdn,5,20
11216,b94abf88-995e-47ac-9dae-0fc713c19fd9,5,ars,5,27
11217,5e6e310e-6abc-4e1a-b8e6-75b0a5b991b2,5,ars,5,28
11218,7c900363-ac5f-43a0-ae64-d5bb23688d88,5,mw,5,27
11219,6182a456-4de8-43e2-b54f-5836017a532d,4,-,5,19
11220,3957973a-682a-4959-b576-9a085c8a44ae,5,mw,3,28
11221,6975f225-5acc-48bb-a80d-6a3a5e442fae,4,fg,4,28
11222,60a29855-f1ba-4d16-a0e5-45fdc18d8780,4,mfars,5,28
11223,6ec72b3a-0222-42ca-a3fe-bc17e019a32f,3,mw,4,24
11224,50bc13c3-0c72-4cab-a0af-b1569c6608e6,5,k,3,30
11225,38ba55a0-96fe-4f04-af03-fe2a75bf9968,5,mdn,5,26
11226,96491651-a46d-4fae-84ea-64c3c00a3071,4,ars,4,19
11227,22573f4b-b316-4b08-8b75-d05541ea7fcd,3,mdn,4,25
11228,7c032388-80b3-48e9-be91-56bf32f69e9c,4,ars,5,29
11229,921eaf8b-9aee-46c9-8e43-76663964131c,4,ars,5,21
11230,26321a8a-0e7d-451e-a0f3-787a7432d9cb,4,mw,4,28
11231,0e354232-854f-43ec-944d-b120245eea4d,4,mw,5,21
11232,d056ef76-a2d5-4e81-9a82-0a5190a878e8,5,mdn,4,28
11233,cec079b7-5691-4cd0-9092-3b0388c25d4a,5,ars,5,22
11234,4afd54fc-f5e7-41c3-beaf-b9b1270a218c,4,ars,5,28
11235,e7cb74f4-ab7a-4555-90a9-a9f5ecb3f9b6,4,ars,5,28
11236,651aa3c1-3bba-4b30-9471-e0f7857900f7,5,je,4,29
11237,7aaf2ee9-a6f9-4256-8f6b-742a0ee1ac2e,5,mw,4,26
11238,a9bdcbf6-4345-477c-a7a8-a7a09b29bd64,5,mdn,5,19
11239,fcf4ee65-4267-4b08-bb3d-1860d83cb6e0,5,mdn,4,29
11240,a51ce71d-9acf-4e2f-b3bb-2d456a3de7ec,4,mdn,5,22
11241,da651f2b-7264-419b-86f7-c68c199ab2eb,4,mf,3,22
11242,5ea1e29a-d64c-4b9b-bf02-d7bb6e8b1156,5,mdn,4,29
11243,44f5e566-7fef-484a-b881-c53d9249ae9b,4,mfars,5,28
11244,df68b52d-88f5-4b15-9731-39301acac35b,5,mfars,5,24
11245,6be004f0-b701-4daa-b7e2-312b56f97129,3,ars,3,23
11246,cbce132e-cb8f-4aac-a1c1-a776704aebef,3,mf,5,27
11247,84d29b44-26c6-4b05-8a67-31831d35be32,4,ars,5,28
11248,caa1cb22-fbe5-43dd-bba4-11dd60e108aa,5,mf,4,26
11249,558a3ec4-7fbc-40e7-9553-f8cff87516c7,5,mdn,5,29
11250,e469cc62-5dfe-42a1-be57-e686c98e01c6,5,mdn,5,25
11251,b2120df0-7828-41fd-8a67-19bf1554d594,5,mdn,4,19
11252,de511cef-1fc8-493b-bb99-d9ba30a042c9,4,mf,5,28
11253,d056ef76-a2d5-4e81-9a82-0a5190a878e8,5,ars,5,28
11254,c7bf0ed5-820e-4544-920d-c50b944dec2c,4,mdn,4,26
11255,3c24d078-c8f8-4f83-ab59-6d25c5b84bc2,5,mw,5,30
11256,0a986dd7-a658-40a9-9d1b-d3074e036e35,4,ars,5,30
11257,b8d47eb3-c03a-46ae-9ccb-29bb9f61162b,4,mf,4,30
11258,d9196f86-a4c4-48aa-89e6-1f61947b8201,5,tam,5,24
11259,e0c2a19b-d844-4f21-887c-a90f7c9b4346,3,ars,4,28
11260,bcb872cd-f6f8-422c-8729-59be0b01e4c4,5,mdn,5,27
11261,88c6509b-cbe2-47c6-ad02-97c92e300c48,4,mw,4,30
11262,573f0cfc-29ec-4c96-b6fa-c4b9c5746ccf,5,mf,4,28
11263,5c1e8c88-6c25-4e21-99e7-98f3140d754f,5,mdn,3,22
11264,1c8b2fc6-6dea-4184-9cb0-5dfbe49b73da,5,ars,5,30
11265,f1242db3-e5af-4813-a6f1-4c9e531776bd,5,mdn,5,20
11266,39acfef6-976a-4ca5-a481-e5d887907fad,5,ars,5,19
11267,14d84dec-8ae5-46d1-aebd-b3aa52f097ff,3,mf,5,30
11268,c81c0d30-be22-4d14-a328-3760bfd5e023,5,mfars,5,20
11269,e98d0b49-dc22-4be4-89e6-38ba25d671b3,5,mf,4,21
11270,9272dcff-3d6f-401f-9f68-7c06df177b96,4,mdn,4,20
11271,acf94512-66a4-418e-98d7-dfc6c4691d80,5,mw,3,24
11272,cbce132e-cb8f-4aac-a1c1-a776704aebef,4,ars,5,27
11273,6b792bd6-6f66-4692-b446-832cc13edc39,5,ars,5,25
11274,b57fcc40-677a-40da-9faa-265af0fca89d,5,mdn,5,19
11275,af410c09-749d-4f0b-bdb1-f3d0e42a2b0f,3,ars,5,19
11276,22573f4b-b316-4b08-8b75-d05541ea7fcd,5,j,5,25
11277,2af566fa-f86c-462b-b3cf-5868069d103e,3,mdn,5,21
11278,5e454df6-a68f-4b76-b06a-f576ed27a11e,4,ars,5,22
11279,d5bb291b-06cc-4dec-968a-ce7db7529f77,4,ars,4,28
11280,9cdeb8f3-f6ad-44fd-bccb-390c69038d0b,5,ars,5,20
11281,1fb37a6e-bfb4-48da-b71f-d813fb59ef1c,4,ars,5,30
11282,a47a4348-5295-48e9-aea3-acb821b95f11,4,ars,5,23
11283,ae0bc742-9002-4ac9-b183-a2041b84bc8b,5,mf,5,28
11284,4cab344d-1770-4c38-a71f-6d51e8f3b5cc,5,ars,4,18
11285,f5d4a203-e308-452c-86e4-9412e871f2e8,5,ars,4,19
11286,f09830ac-90c9-4f96-82d2-30a969c28516,5,ars,5,23
11287,5fab557d-756e-44e7-8f28-2896570692b2,4,ars,5,30
11288,96491651-a46d-4fae-84ea-64c3c00a3071,5,mfars,5,19
11289,c233c56b-6f1a-4f53-9f27-e39f5220f9d3,2,je,5,26
11290,e33fe1f5-796c-4c1d-84c4-32eb396f9837,5,fg,4,24
11291,d59a405f-f8b3-49e9-9ac2-88dc3e6a1e53,5,mw,5,23
11292,fdf2851c-a685-4112-80fc-401747191dc3,4,mdn,5,26
11293,64f2a8ab-33f5-42c6-9ba5-54e65b6b5af4,5,k,5,30
11294,8c45b709-a6d6-49b8-b996-e76dc0934213,4,mw,3,23
11295,3dea5f61-f356-432f-b831-57df87d6b032,5,mdn,4,23
11296,c6990f5b-cd7a-4dda-a877-6155653d134e,4,ars,2,19
11297,e6574fcd-b5fd-40b8-b94a-e3fdf1c887b6,3,ars,4,24
11298,7b2398e5-7c99-4ccd-aa73-5c987b82858f,5,ars,5,19
11299,8633ed8f-31e9-45be-8c95-1a50d1658229,5,-,5,27
11300,7f337d29-cfd2-4a03-bbb9-ec6196e1d34d,5,ars,5,30
11301,aafce93e-6e5f-46ad-b186-d642d5a456a1,4,ars,4,30
11302,64272418-9b0a-406a-8bbe-e115bdbfc718,5,tam,5,25
11303,573f0cfc-29ec-4c96-b6fa-c4b9c5746ccf,4,mdn,5,28
11304,9edfb2eb-d613-48d3-bce6-bc81bffc2ac7,5,mdn,4,25
11305,9f60f579-c330-400e-a75a-6d0d289424c1,5,mdn,5,19
11306,e9877472-82b1-472c-8e62-929561e5e2e7,3,mdn,4,30
11307,0b5bc2f8-6b6b-4cd8-abdd-7c9350676492,5,mfmw,3,26
11308,5d6539ff-441b-46cc-af23-5b77ff05230e,5,ars,5,25
11309,14d84dec-8ae5-46d1-aebd-b3aa52f097ff,3,mdn,5,30
11310,0f1a02d0-badb-422e-a97f-76df0e23f581,4,ars,5,26
11311,d5fbe51e-866a-4bc6-acd4-65604d50f3e6,5,ars,5,22
11312,68808f5c-066f-4afa-b2fa-ae7abe1e6ba5,5,ars,4,19
11313,455e0529-272b-4550-95d5-a0bdb835ca9f,5,mdn,5,23
11314,e696ca58-d61a-449b-8aae-30772b7d92e3,5,ars,5,24
11315,caa1cb22-fbe5-43dd-bba4-11dd60e108aa,3,mw,5,26
11316,2d1a4ae6-c125-4238-ae47-5496c45d5d8c,4,mdn,5,24
11317,9fd059e2-db33-4855-9374-7ccccc82e66e,5,je,4,22
11318,5939bdfb-18e1-40ee-8654-d802e218a33f,4,ars,5,29
11319,ab3fe741-a432-4b93-97e7-ca7f86b14d56,3,ars,4,21
11320,abeb14a7-d8db-429f-9acc-79ef8cdf9a02,5,ars,4,23
11321,78cb70fb-cca0-4d6b-83e3-0ca440be5174,5,mw,5,27
11322,c1843817-41a0-4488-9c7a-5a537f4659b5,4,mw,3,29
11323,709c8608-6cac-4147-9d6e-e8152ce6340c,4,mdn,5,24
11324,91e4721c-9e62-45f6-874a-878f40489739,5,mdn,5,21
11325,a47a4348-5295-48e9-aea3-acb821b95f11,5,mw,5,23
11326,23205395-678b-4b55-a150-3fc8227c3a18,3,ars,5,29
11327,717bbe10-f11f-4197-820a-cc03420e2016,5,mdn,5,18
11328,f6079976-5f69-482b-8b84-179dd5524bfa,5,mw,4,28
11329,59ad52ab-0325-4f71-bbf8-6d0eabc630ad,5,mdn,5,30
11330,6b792bd6-6f66-4692-b446-832cc13edc39,5,ars,5,25
11331,86677349-04ed-425a-b521-0389359ed54e,5,mdn,3,25
11332,1b8f176a-44b5-4b9f-b3aa-7fd66e2c5697,4,mf,4,20
11333,f59c8c41-7c50-4929-a64d-49cf2e587423,5,mdn,5,24
11334,24f641eb-913a-4416-84af-07ec8721940e,3,ars,4,20
11335,89659f75-6600-40be-8c14-322a5ae87e24,3,mdn,5,23
11336,3aa83f6f-e363-4f12-9770-8902a51fbfbc,4,mfarsmdn,4,27
11337,8c8342e9-a790-4117-b607-5415d372b7f6,5,tam,5,29
11338,9a72950d-597c-4488-8d80-702130f485ee,5,mf,5,23
11339,0ee3780f-36f5-4ce7-af65-420a0d0b528c,4,mf,3,27
11340,44ca9a06-8b5d-42d1-a313-dfee18559727,5,ars,5,28
11341,899d5675-9fe8-4dde-af03-7b62ba95428c,5,mf,5,22
11342,223e96b7-dfbe-442b-9b28-7fef065a6044,4,mdn,5,19
11343,1fb37a6e-bfb4-48da-b71f-d813fb59ef1c,5,mdn,3,30
11344,9e679f83-7105-4a2c-b9d2-82964ea88b4f,5,mw,5,25
11345,19d5ec55-7543-48c4-8fbc-f01f5a9b2c95,5,ars,3,26
11346,d2def5be-4ed5-4735-ba73-d6a360f58a69,5,ars,5,25
11347,455e0529-272b-4550-95d5-a0bdb835ca9f,5,je,4,23
11348,2a205037-8c86-4372-a92d-d81ee9b38025,4,ars,5,21
11349,58326bf0-4f33-4c16-b328-cc206f87d423,5,mdn,5,28
11350,a04fce7c-b286-4d7c-a980-189ed10f7dcb,4,mw,5,28
11351,71dfef48-bb94-46ba-9eb5-66c917e928c7,5,mdn,3,18
11352,899d5675-9fe8-4dde-af03-7b62ba95428c,3,ars,5,22
11353,0a986dd7-a658-40a9-9d1b-d3074e036e35,5,mdn,5,30
11354,7a024b41-0a4e-41dd-ad47-121884fa8a11,4,mdn,4,23
11355,fea9deb6-7320-4e71-8c81-a5529ccdd68c,5,ars,5,23
11356,fb0fdb0e-a962-4fa1-8447-b5f52235ffe8,3,ars,4,20
11357,89659f75-6600-40be-8c14-322a5ae87e24,3,mdn,5,23
11358,f6a23d22-7609-4675-b15a-07e2ac92d770,4,mf,3,27
11359,de511cef-1fc8-493b-bb99-d9ba30a042c9,5,mf,5,28
11360,40ef5c66-cc76-49a6-851d-1b58fe2953d7,5,ars,4,29
11361,689f72f3-8a26-4eb9-abf2-c41108bc5bb6,5,ars,5,23
11362,47ab6a24-9a36-4af9-b4a4-651bfa037130,5,ars,5,19
11363,2ae01d22-116d-44c0-84be-cfad96fb519c,4,mw,3,20
11364,59ad52ab-0325-4f71-bbf8-6d0eabc630ad,5,mdn,5,30
11365,11b7094b-b88a-4478-b067-09000dfe4062,5,ars,3,25
11366,2f520f04-c2d9-4b9c-a029-6f9df9507b70,5,mdn,5,20
11367,c6843a46-7606-45f7-a642-7dfbe9bb61cf,5,ars,4,28
11368,ab9d4c1f-1773-4f12-88e1-ecd78f51e309,5,ars,5,30
11369,7fab4381-0d58-4c87-890a-00f892c6b4d3,5,ars,4,27
11370,9054ffc8-9df3-4b73-a700-17b228a19cba,4,mf,4,29
11371,e0766991-32fc-4294-b1e2-a0dff52c64f2,5,mdn,4,23
11372,94173ad0-5841-4719-9ae3-44e387b19633,5,mw,5,28
11373,dbf069ee-b1dd-4b75-8b6e-73734ec2cb48,4,ars,5,21
11374,a14d25d1-f7f8-4220-8946-96cf6b19cae9,4,mf,4,24
11375,40c6a39c-67fc-4202-b18e-ef0e0185bdd3,5,mf,5,23
11376,e6574fcd-b5fd-40b8-b94a-e3fdf1c887b6,4,mf,5,24
11377,c43a7404-eeeb-4714-9bc9-598b448da6f9,5,mdn,4,30
11378,58d13a75-2efb-4254-85fa-13bdb2ac2156,3,ars,5,19
11379,67313ce6-34e5-492a-ab7b-4e50acceb029,5,mf,4,28
11380,88f20ee0-e749-487f-a908-12f8ab47142b,3,ars,3,22
11381,220cc7c6-0cef-413b-af2a-ec2208ceac65,4,ars,4,20
11382,375b7df7-16cd-4376-965f-52dc0c4f3eb3,4,j,5,23
11383,e0c2a19b-d844-4f21-887c-a90f7c9b4346,5,mw,5,28
11384,e18562d7-a549-49e1-ade6-2373fed3787d,3,mf,5,22
11385,0abe9114-4d57-4368-9b74-8ff8d5ab22cf,5,ars,5,18
11386,5d8a1dd5-498e-47ba-8bfc-62763467a996,3,ars,5,27
11387,f064f333-666c-499f-bfcb-b71607e60de7,5,ars,4,30
11388,7aaf2ee9-a6f9-4256-8f6b-742a0ee1ac2e,5,mdn,5,26
11389,493c0fa8-bb96-4b13-b9fb-93abb37b65e7,3,ars,5,29
11390,51c428b4-c4a7-4da8-86e1-1fa640026086,4,ars,5,28
11391,717bbe10-f11f-4197-820a-cc03420e2016,5,je,3,18
11392,6f9ed042-aee1-4527-9335-284bb7d27521,4,mf,5,29
11393,7fab4381-0d58-4c87-890a-00f892c6b4d3,4,mdn,5,27
11394,47ab6a24-9a36-4af9-b4a4-651bfa037130,5,mw,4,19
11395,17f173bf-52a2-4042-80ee-6d30d0217f4c,5,ars,5,20
11396,73ae6177-466a-40ab-833a-67f5a7eedc79,4,mdn,4,26
11397,bf94eb8d-5d4f-43d3-9528-ff5ef9009951,5,mdn,5,24
11398,a997b75b-15b5-4973-bd5c-0372fd8cb344,5,mdn,5,22
11399,adc0ba52-ad0c-4888-9527-72d7900b42bd,5,mf,5,26
11400,8836f623-a6e4-442f-aa50-99c436187488,5,mdn,3,24
11401,a14d25d1-f7f8-4220-8946-96cf6b19cae9,5,ars,5,24
11402,a93b4520-48eb-4201-afbf-b8d72d7eb56a,4,mf,5,28
11403,0e97a2f7-f21a-4142-b564-eac1d55150cb,5,ars,5,28
11404,4ac5d5c7-fcf8-4d13-8384-5e452e3c04af,5,ars,4,28
11405,f21916d7-d541-4ce8-a39b-d7f0276da589,5,mdn,5,21
11406,b5ed5b65-c1bf-4b2f-b650-e60a5139f1bc,5,mdn,5,20
11407,9cdeb8f3-f6ad-44fd-bccb-390c69038d0b,4,mdn,5,20
11408,58d13a75-2efb-4254-85fa-13bdb2ac2156,5,ars,5,19
11409,2d289025-ff1e-4ba7-a201-6b6053e593e8,5,ars,5,21
11410,24f641eb-913a-4416-84af-07ec8721940e,4,mw,5,20
11411,f6c33008-5144-41d8-b2a5-a570e9f1561b,5,mdn,4,21
11412,6975f225-5acc-48bb-a80d-6a3a5e442fae,4,mw,5,28
11413,f4470d04-89ee-4c8e-99d8-4ed12535524b,5,mdn,5,23
11414,c0db802b-635c-4f93-b4cb-7d9883a43093,4,mdn,4,28
11415,4e5e83e4-af3a-4513-ae2d-281f7991fdb7,5,mdn,5,25
11416,fefb10d9-4247-4d30-b89d-9efd8c703bf1,4,mdn,4,23
11417,b72ffd03-aef1-4d7f-896e-953964384583,5,k,5,24
11418,7428131a-f272-433f-b7ae-725af2ab628d,4,ars,5,29
11419,73b6df25-7321-4250-8a5d-2d58573b14ec,4,ars,5,24
11420,9fdd2e9f-bbb9-4c36-ad62-91b8914dd0ea,4,mdn,5,25
11421,eb698920-996b-4bbd-b8a5-7414f307aa42,5,k,5,21
11422,ddd0d578-3230-498c-9471-c90132d0399a,5,ars,5,18
11423,3cd61aab-db88-4ef9-8be4-5f94ff9698e7,5,mw,5,20
11424,8d2d94c5-8114-4962-a74e-d3f9ce3f36f5,5,ars,5,18
11425,d99430cc-3810-4660-823f-02144b19ea3d,5,ars,5,29
11426,49e2e565-049d-4753-871a-2ec2587d386e,5,mw,5,30
11427,3418969d-5c13-46ee-8df0-794019e7a64f,4,mdn,3,30
11428,7f337d29-cfd2-4a03-bbb9-ec6196e1d34d,5,ars,3,30
11429,e835a550-12b8-48aa-84a8-7fc1c8b1e775,5,mdn,5,18
11430,e59739bb-d66f-479b-92f8-1a526fb5a428,5,k,5,22
11431,e7cb74f4-ab7a-4555-90a9-a9f5ecb3f9b6,5,mdn,5,28
11432,fea9deb6-7320-4e71-8c81-a5529ccdd68c,5,k,5,23
11433,cb05f3e4-515e-4567-9ec2-b3d043b9f1e4,5,mdn,4,22
11434,daba59b7-3cb9-4533-b8a8-9e0562490dd2,5,mdn,5,23
11435,40c6a39c-67fc-4202-b18e-ef0e0185bdd3,4,mdn,4,23
11436,41c2499e-4649-4cd4-8476-d435c6166c58,3,mdn,5,22
11437,c34aed25-5a2c-400e-ba87-7168d634e3bd,5,mdn,5,30
11438,be1f9c71-c6b8-48c6-84bb-6ef5174954aa,5,mf,4,20
11439,a8272db8-0e9f-4372-a757-661bd02f9051,5,ars,4,26
11440,3d110c2c-e912-45ac-b49c-d55781dd00dd,5,mdn,5,26
11441,0e97a2f7-f21a-4142-b564-eac1d55150cb,5,mdn,3,28
11442,9cdeb8f3-f6ad-44fd-bccb-390c69038d0b,5,mw,5,20
11443,61dbc7bb-5997-4446-a7eb-5b0cd4ea98db,4,ars,4,24
11444,cae3f7d3-ef38-44cd-99ae-c2606063e41f,3,mdn,5,22
11445,fe2ef5d1-e5b0-4c59-b553-8a14aa6485fd,5,mw,5,28
11446,53292fdb-b353-457a-8482-81bdab16d44f,4,mdn,4,30
11447,5ef1e3ae-45e5-41e7-956b-4cef7dcf95b5,5,mfarsmdn,5,21
11448,b5ed5b65-c1bf-4b2f-b650-e60a5139f1bc,5,mdn,5,20
11449,d4024ed1-cddb-4e3c-aea5-6616191d699f,4,mf,5,29
11450,792a10ac-a9bb-45ce-af93-7a2619ef61fe,5,mw,5,30
11451,88c6509b-cbe2-47c6-ad02-97c92e300c48,3,ars,5,30
11452,5939bdfb-18e1-40ee-8654-d802e218a33f,5,ars,5,29
11453,4afd54fc-f5e7-41c3-beaf-b9b1270a218c,5,mdn,4,28
11454,3ebec66e-6765-4b6b-a97a-c0eb8314e327,5,mdn,4,20
11455,d9196f86-a4c4-48aa-89e6-1f61947b8201,4,mdn,4,24
11456,1de40c3b-877b-48c2-be67-4021b5459754,5,mdn,4,22
11457,640d60da-a441-4460-b386-d9613ee01d28,4,ars,5,29
11458,d4024ed1-cddb-4e3c-aea5-6616191d699f,4,mdn,5,29
11459,a2509b39-af24-4703-842f-27c2dcd12475,5,ars,5,29
11460,5c1e8c88-6c25-4e21-99e7-98f3140d754f,3,mdn,3,22
11461,e469cc62-5dfe-42a1-be57-e686c98e01c6,4,mw,5,25
11462,fdf2851c-a685-4112-80fc-401747191dc3,5,mf,4,26
11463,273a109b-52b8-4925-8536-22ceb3b716dc,4,mdn,4,30
11464,d057bbf9-c5fa-420a-9bb9-1f6322853d1c,4,mdn,4,27
11465,6f9ed042-aee1-4527-9335-284bb7d27521,4,k,4,29
11466,d2def5be-4ed5-4735-ba73-d6a360f58a69,4,ars,3,25
11467,49e2e565-049d-4753-871a-2ec2587d386e,5,ars,5,30
11468,48a6d994-4f5b-468f-a96b-9ebe47e8e279,4,ars,4,18
11469,6d494d2e-4ab9-4884-b620-e73214923863,5,ars,4,18
11470,5fab557d-756e-44e7-8f28-2896570692b2,5,ars,4,30
11471,23f67700-5b2a-4ebb-a7a6-2b6bd78cea75,5,mdn,5,21
11472,85c289f3-c492-4b55-91f1-25a199c58832,4,mdn,5,25
11473,984f5641-df2b-40ba-83b2-61ba8eabc65c,5,mdn,5,24
11474,e9877472-82b1-472c-8e62-929561e5e2e7,5,mdn,5,30
11475,c7cccd38-9e0f-4c94-acfb-557606e7aadf,3,ars,5,22
11476,a2509b39-af24-4703-842f-27c2dcd12475,5,mdn,5,29
11477,41ae8e3f-715e-4fe0-aa5f-75aca345731c,4,mw,3,28
11478,c44b54b6-297d-4d1f-a5cc-1fbf039d492b,5,mf,5,27
11479,dda13a7f-e01e-4084-b353-9a7870744ff1,4,ars,5,26
11480,6e77a16f-1fc0-43a6-bf10-ef592e2084ea,4,mw,5,28
11481,e04076e5-3fab-4e6b-9f79-38c54336e47b,5,ars,5,20
11482,1d9c5351-1850-448d-a113-86faf797165f,4,mw,4,20
11483,4cf82814-1d7e-430c-bba3-247af2552306,4,mdn,4,19
11484,e469cc62-5dfe-42a1-be57-e686c98e01c6,5,ars,4,25
11485,ff4a3b75-5599-4d90-95f0-8a1bf29c5849,3,mf,5,27
11486,22b43ba7-0a64-49dd-bf2f-b6920e84a056,5,mdn,4,18
11487,4ac5d5c7-fcf8-4d13-8384-5e452e3c04af,5,ars,5,28
11488,4afd54fc-f5e7-41c3-beaf-b9b1270a218c,4,ars,5,28
11489,a51ce71d-9acf-4e2f-b3bb-2d456a3de7ec,4,ars,5,22
11490,da0a8407-c3fa-42bc-bd2b-23e1c7cde8a9,5,fg,4,30
11491,8836f623-a6e4-442f-aa50-99c436187488,5,mdn,5,24
11492,c393b545-0428-4a31-927b-e603aa307049,4,mw,4,18
11493,d59a405f-f8b3-49e9-9ac2-88dc3e6a1e53,5,ars,5,23
11494,c7bf0ed5-820e-4544-920d-c50b944dec2c,5,mdn,5,26
11495,9b87a188-a71f-4d7a-bb50-b7fae8022f80,5,mdn,5,27
11496,7428131a-f272-433f-b7ae-725af2ab628d,4,ars,5,29
11497,3ebec66e-6765-4b6b-a97a-c0eb8314e327,4,mdn,5,20
11498,670e36fe-2b5e-4426-919b-889ef9ae7dc9,5,mdn,5,26
11499,6e65b841-848c-46e7-a8b3-15ca81055f6a,5,mdn,4,26
11500,8bad8df3-fd1c-47eb-a830-cd085d8918f1,4,ars,3,20
11501,bf94eb8d-5d4f-43d3-9528-ff5ef9009951,3,ars,3,24
11502,af410c09-749d-4f0b-bdb1-f3d0e42a2b0f,5,mf,5,19
11503,2eebf90c-68dc-4631-a827-b59638b7ad52,5,ars,5,26
11504,1b06ccbe-4819-4c66-9629-77abef688416,4,ars,5,25
11505,a1408643-a549-447c-b867-6886faa00fca,4,mdn,5,19
11506,f4470d04-89ee-4c8e-99d8-4ed12535524b,5,mf,5,23
11507,8905a79c-4956-4918-b85f-f194e57c2e62,5,mf,5,24
11508,207a3175-fda0-43fb-8b30-c257bf055847,4,ars,5,29
11509,40c6a39c-67fc-4202-b18e-ef0e0185bdd3,4,ars,5,23
11510,6b792bd6-6f66-4692-b446-832cc13edc39,5,mdn,5,25
11511,86677349-04ed-425a-b521-0389359ed54e,5,ars,4,25
11512,cee74a0a-0b19-443e-93ff-152112089c51,4,mf,5,24
11513,899d5675-9fe8-4dde-af03-7b62ba95428c,4,ars,4,22
11514,83cff052-3ad9-416d-b26e-4797eccc0f10,4,mf,5,25
11515,1de40c3b-877b-48c2-be67-4021b5459754,5,mdn,5,22
11516,c1133665-1bdf-4e34-ad54-083732118089,5,mfarsmdn,5,18
11517,ff9d3a2b-707a-4274-9447-421946699738,5,ars,5,25
11518,e696ca58-d61a-449b-8aae-30772b7d92e3,3,mw,5,24
11519,f29b1b86-ab96-4876-889d-70b5955a01c7,5,ars,5,27
11520,7d446322-1542-4988-929c-6542663cfe0c,5,ars,5,19
11521,9a72950d-597c-4488-8d80-702130f485ee,5,mf,5,23
11522,709c8608-6cac-4147-9d6e-e8152ce6340c,4,ars,5,24
11523,789b8d4b-a8d0-430d-9fd4-29d445b2f6f2,5,mdn,5,29
11524,9f60f579-c330-400e-a75a-6d0d289424c1,5,mdn,3,19
11525,51c428b4-c4a7-4da8-86e1-1fa640026086,3,mdn,4,28
11526,ad7840ca-5f92-40dd-963a-5f8460b3a9dd,4,mf,5,18
11527,9bb07206-a24d-488b-91d9-853f606d5fd4,4,mf,5,19
11528,3aa83f6f-e363-4f12-9770-8902a51fbfbc,5,mw,5,27
11529,d1560a24-8c99-4ae8-85f9-c9bf80991ce4,4,ars,4,26
11530,2c867a72-877a-4cfb-8d18-01990c6c4846,5,mf,4,19
11531,0e354232-854f-43ec-944d-b120245eea4d,5,ars,5,21
11532,e696ca58-d61a-449b-8aae-30772b7d92e3,4,ars,4,24
11533,0e97a2f7-f21a-4142-b564-eac1d55150cb,4,ars,3,28
11534,26321a8a-0e7d-451e-a0f3-787a7432d9cb,4,mdn,4,28
11535,29db820a-86ac-4510-88f7-184d6f9dcf9c,4,mdn,5,18
11536,e0766991-32fc-4294-b1e2-a0dff52c64f2,5,mw,4,23
11537,802f27c7-ea1a-4e42-97b3-8174f236e379,4,mdn,5,29
11538,5d8a1dd5-498e-47ba-8bfc-62763467a996,4,mdn,4,27
11539,f0d0484f-f159-4fe0-8ed4-45dd77bc7cff,4,mdn,4,22
11540,ec3f623a-65f2-4b0d-937b-d0d1c4325976,5,ars,3,30
11541,7a024b41-0a4e-41dd-ad47-121884fa8a11,5,mdn,5,23
11542,e59739bb-d66f-479b-92f8-1a526fb5a428,5,mdn,5,22
11543,9f60f579-c330-400e-a75a-6d0d289424c1,5,mw,5,19
11544,18d72f16-5e3b-4cdd-ac63-6847f84789e2,5,ars,4,25
11545,c005b690-b142-4d65-85e4-6ae65a48024d,5,ars,5,27
11546,20d213ef-76bf-41bb-bc87-9ffcfa2127bc,3,mf,5,26
11547,93cc8629-4757-4a91-acbe-cb586e385c66,5,mfars,4,18
11548,53292fdb-b353-457a-8482-81bdab16d44f,4,ars,4,30
11549,0d81df22-243d-48a5-829e-9b4954d5cd5b,5,mdn,5,20
11550,daba59b7-3cb9-4533-b8a8-9e0562490dd2,4,ars,5,23
11551,5febecf8-2d9f-471b-9303-cd8dd0f658af,5,mdn,4,28
11552,d9196f86-a4c4-48aa-89e6-1f61947b8201,4,mdn,4,24
11553,60a29855-f1ba-4d16-a0e5-45fdc18d8780,5,ars,5,28
11554,e0c2a19b-d844-4f21-887c-a90f7c9b4346,5,ars,5,28
11555,3957973a-682a-4959-b576-9a085c8a44ae,5,ars,3,28
11556,6be004f0-b701-4daa-b7e2-312b56f97129,3,ars,5,23
11557,d9196f86-a4c4-48aa-89e6-1f61947b8201,5,mdn,5,24
11558,cbaaf4cd-85c3-4140-9033-acedf90fa1cb,5,ars,4,22
11559,87fe0f9e-2ee2-4524-895b-5cb68e7b55ab,5,ars,4,21
11560,3ad458ed-6069-4907-a71e-efda23c5abff,5,mdn,5,28
11561,5ef119b1-883b-4964-8400-341414ee551a,5,mdn,5,22
11562,8c45b709-a6d6-49b8-b996-e76dc0934213,5,mfars,5,23
11563,1c8b2fc6-6dea-4184-9cb0-5dfbe49b73da,5,ars,4,30
11564,5c1e8c88-6c25-4e21-99e7-98f3140d754f,5,ars,4,22
11565,1699c2dd-b2b5-4756-bc87-a4b933c25c01,4,mdn,5,29
11566,8c45b709-a6d6-49b8-b996-e76dc0934213,5,mdn,5,23
11567,e876c637-3708-402f-9fc3-ed2a59c697c9,5,mdn,5,27
11568,89659f75-6600-40be-8c14-322a5ae87e24,5,mdn,5,23
11569,ede1c719-13be-432a-958d-e5e220f7b972,4,ars,5,21
11570,5fb096ef-d891-4c20-aabc-80216c7d0ac6,5,mdn,5,22
11571,b72ffd03-aef1-4d7f-896e-953964384583,5,mdn,5,24
11572,c1843817-41a0-4488-9c7a-5a537f4659b5,5,ars,5,29
11573,a14d25d1-f7f8-4220-8946-96cf6b19cae9,5,k,5,24
11574,a04fce7c-b286-4d7c-a980-189ed10f7dcb,5,ars,3,28
11575,da0a8407-c3fa-42bc-bd2b-23e1c7cde8a9,5,mdn,5,30
11576,5cf62f0f-9b68-4dd7-9dd1-78727e147558,5,ars,4,19
11577,802f27c7-ea1a-4e42-97b3-8174f236e379,5,ars,5,29
11578,fea9deb6-7320-4e71-8c81-a5529ccdd68c,5,ars,5,23
11579,f064f333-666c-499f-bfcb-b71607e60de7,5,mdn,3,30
11580,9cdeb8f3-f6ad-44fd-bccb-390c69038d0b,5,mdn,5,20
11581,f10cf3ff-f51e-442d-bee4-d1c0099c264c,5,ars,5,29
11582,93515f8d-d789-46de-bb36-728e6b16625a,4,ars,5,20
11583,5e454df6-a68f-4b76-b06a-f576ed27a11e,5,mf,4,22
11584,39acfef6-976a-4ca5-a481-e5d887907fad,5,mdn,5,19
11585,2f520f04-c2d9-4b9c-a029-6f9df9507b70,5,je,4,20
11586,c7bf0ed5-820e-4544-920d-c50b944dec2c,4,mdn,4,26
11587,58326bf0-4f33-4c16-b328-cc206f87d423,5,ars,4,28
11588,53292fdb-b353-457a-8482-81bdab16d44f,5,ars,5,30
11589,cae3f7d3-ef38-44cd-99ae-c2606063e41f,5,mdn,3,22
11590,cbaaf4cd-85c3-4140-9033-acedf90fa1cb,5,ars,5,22
11591,44ca9a06-8b5d-42d1-a313-dfee18559727,5,ars,3,28
11592,a47a4348-5295-48e9-aea3-acb821b95f11,5,ars,5,23
11593,0d81df22-243d-48a5-829e-9b4954d5cd5b,3,ars,5,20
11594,5cd193d4-8ecf-4845-a463-61edf2b05ff3,5,mdn,4,26
11595,8d2d94c5-8114-4962-a74e-d3f9ce3f36f5,5,mdn,4,18
11596,d26cad8a-57db-41ec-9679-d73b30e718dc,5,mf,5,30
11597,934eaca0-2d10-4419-8175-7812976e2931,5,mw,3,21
11598,2b46b282-1df9-4423-9625-2c6743a25144,5,mdn,4,25
11599,ebd78cae-0a5d-43ed-bf3e-b6c496bd4b64,5,mf,4,26
11600,0ef4cecc-887a-460d-b699-659969939b87,4,ars,5,24
11601,d057bbf9-c5fa-420a-9bb9-1f6322853d1c,4,ars,4,27
11602,fefb10d9-4247-4d30-b89d-9efd8c703bf1,5,mdn,5,23
11603,a2509b39-af24-4703-842f-27c2dcd12475,4,mw,5,29
11604,dfc7c753-24c4-4193-ae2b-2ee1af876a13,3,mdn,4,30
11605,f59c8c41-7c50-4929-a64d-49cf2e587423,5,ars,4,24
11606,3dea5f61-f356-432f-b831-57df87d6b032,4,ars,5,23
11607,7428131a-f272-433f-b7ae-725af2ab628d,4,tam,4,29
11608,89659f75-6600-40be-8c14-322a5ae87e24,5,ars,5,23
11609,f627af83-24c8-4c96-a7fd-4e60eddea09e,5,ars,5,24
11610,d1d66775-cc03-42ea-ad3c-681efafb3682,4,mdn,5,24
11611,0bb3ee6a-85cc-4eb3-b648-e8c08e1364db,4,ars,4,24
11612,84d29b44-26c6-4b05-8a67-31831d35be32,4,ars,5,28
11613,a21eedda-983a-47dd-81fc-20e1b1f34d9e,4,mdn,4,26
11614,84d29b44-26c6-4b05-8a67-31831d35be32,3,mdn,4,28
11615,d2def5be-4ed5-4735-ba73-d6a360f58a69,5,ars,5,25
11616,dbf069ee-b1dd-4b75-8b6e-73734ec2cb48,3,ars,5,21
11617,f6079976-5f69-482b-8b84-179dd5524bfa,5,ars,5,28
11618,65f9bddd-fe54-4b4a-b2fa-8104c5db89c0,4,ars,5,30
11619,5d8a1dd5-498e-47ba-8bfc-62763467a996,5,ars,5,27
11620,3c24d078-c8f8-4f83-ab59-6d25c5b84bc2,4,mdn,5,30
11621,342ea9ee-c313-48ec-9c3e-d11cc7614f54,5,mdn,4,29
11622,aac4a278-e82f-40cc-9662-861f6b2ac634,5,mdn,5,18
11623,a50dc3c0-5a19-4025-83eb-5812671c9480,5,mdn,5,20
11624,0b5bc2f8-6b6b-4cd8-abdd-7c9350676492,5,mdn,5,26
11625,934eaca0-2d10-4419-8175-7812976e2931,5,mw,4,21
11626,9b6d950a-d667-4f0b-ac67-0d810b2feff6,4,mdn,5,22
11627,9cdeb8f3-f6ad-44fd-bccb-390c69038d0b,5,ars,5,20
11628,94173ad0-5841-4719-9ae3-44e387b19633,5,ars,4,28
11629,fcf4ee65-4267-4b08-bb3d-1860d83cb6e0,3,ars,5,29
11630,ec3f623a-65f2-4b0d-937b-d0d1c4325976,5,mdn,5,30
11631,ceb7a529-86be-4dc4-b116-38797aabd2dd,5,mdn,5,29
11632,3418969d-5c13-46ee-8df0-794019e7a64f,5,mdn,5,30
11633,e62e4b0c-e929-48f4-ad21-f172df57e747,5,mf,4,23
11634,d057bbf9-c5fa-420a-9bb9-1f6322853d1c,4,mdn,5,27
11635,b7ba5486-611f-4ead-9e37-51de7d6961bb,4,ars,4,30
11636,5d11e9c3-db2d-42ce-a4b2-676294bcab5c,5,mdn,5,24
11637,c81c0d30-be22-4d14-a328-3760bfd5e023,5,ars,5,20
11638,b1d1a983-98bc-441f-96bf-b92fd2c78493,4,ars,5,26
11639,58326bf0-4f33-4c16-b328-cc206f87d423,5,ars,5,28
11640,ce6e85c5-f384-4d46-b67e-a4ca72252a0a,4,mdn,5,30
11641,f8a5ac4a-6f9a-4356-a9d7-142b91a4c9a4,3,mw,4,21
11642,b8617d9b-d83b-4256-a87a-6edeaaedc6ba,3,ars,4,24
11643,9c7b2243-d03e-419c-babb-f8b3ea3c8400,5,ars,5,19
11644,cee74a0a-0b19-443e-93ff-152112089c51,5,mf,5,24
11645,26180c48-bfbb-4af5-b4ff-6a1aa15b9f84,5,ars,5,28
11646,65f9bddd-fe54-4b4a-b2fa-8104c5db89c0,4,mdn,5,30
11647,e7d7ce10-2049-4fbe-8a69-710eb0c0b707,5,ars,4,18
11648,cb05f3e4-515e-4567-9ec2-b3d043b9f1e4,3,ars,4,22
11649,f6a23d22-7609-4675-b15a-07e2ac92d770,5,ars,5,27
11650,a51ce71d-9acf-4e2f-b3bb-2d456a3de7ec,4,ars,4,22
11651,eb5ab705-64b5-4824-80b1-748c0c01560b,4,mf,5,30
11652,f2359723-11a9-4415-8278-4adb624d9e6b,5,ars,5,29
11653,bd3c3d70-fe18-477c-bdc3-51c106bd41b5,3,ars,5,24
11654,e490e589-c757-4a79-9fb9-b96dc034c08b,5,mdn,4,22
11655,6f2f152e-fe85-4611-857a-528266761927,5,mdn,3,20
11656,0ee3780f-36f5-4ce7-af65-420a0d0b528c,5,mf,4,27
11657,adc0ba52-ad0c-4888-9527-72d7900b42bd,5,mf,4,26
11658,8836f623-a6e4-442f-aa50-99c436187488,5,mdn,4,24
11659,f8a5ac4a-6f9a-4356-a9d7-142b91a4c9a4,5,mf,5,21
11660,eb90a88d-20c0-4c51-98f1-a67bc873c84d,5,mf,4,20
11661,8f526ed2-d369-4494-ac76-83d6b718337f,5,mdn,5,21
11662,91753f65-ede6-4be5-b7a7-9e8b4da7cc42,4,ars,5,21
11663,38f9af29-497a-49e7-b561-797d2a207cf0,5,mdn,4,30
11664,1105bd82-4df4-4116-be5a-0fc3f7506907,5,ars,5,18
11665,c16dd75d-767f-4f05-a3cf-e3207ecb51a4,4,mw,3,19
11666,e6167931-7dcd-40cb-a065-3804a08ae841,4,mdn,5,30
11667,9a72950d-597c-4488-8d80-702130f485ee,3,mdn,5,23
11668,5ef119b1-883b-4964-8400-341414ee551a,5,mf,4,22
11669,dceebdb5-1a91-4fa6-8072-aaa827868eb3,3,mdn,4,26
11670,11cb3da8-b076-4554-b86b-ad619773b101,5,mdn,5,27
11671,207a3175-fda0-43fb-8b30-c257bf055847,5,ars,5,29
11672,df68b52d-88f5-4b15-9731-39301acac35b,5,mw,4,24
11673,4e5e83e4-af3a-4513-ae2d-281f7991fdb7,3,tam,5,25
11674,7c900363-ac5f-43a0-ae64-d5bb23688d88,5,ars,3,27
11675,68808f5c-066f-4afa-b2fa-ae7abe1e6ba5,5,mfars,5,19
11676,a9c35b24-76a8-4b67-addd-81845fb390c7,4,mdn,5,29
11677,20c3a3f4-11c6-43d4-a63d-88f54b3b8096,4,mf,5,30
11678,f627af83-24c8-4c96-a7fd-4e60eddea09e,3,mfmw,5,24
11679,88c6509b-cbe2-47c6-ad02-97c92e300c48,5,mf,5,30
11680,51c428b4-c4a7-4da8-86e1-1fa640026086,5,mdn,5,28
11681,2d289025-ff1e-4ba7-a201-6b6053e593e8,5,mw,5,21
11682,c81c0d30-be22-4d14-a328-3760bfd5e023,4,ars,4,20
11683,d4024ed1-cddb-4e3c-aea5-6616191d699f,4,ars,3,29
11684,64f2a8ab-33f5-42c6-9ba5-54e65b6b5af4,4,mdn,3,30
11685,934eaca0-2d10-4419-8175-7812976e2931,3,ars,4,21
11686,e490e589-c757-4a79-9fb9-b96dc034c08b,5,mdn,4,22
11687,e04076e5-3fab-4e6b-9f79-38c54336e47b,5,ars,5,20
11688,b7ba5486-611f-4ead-9e37-51de7d6961bb,3,mw,4,30
11689,7c032388-80b3-48e9-be91-56bf32f69e9c,4,mw,3,29
11690,792a10ac-a9bb-45ce-af93-7a2619ef61fe,4,mdn,5,30
11691,6be004f0-b701-4daa-b7e2-312b56f97129,3,ars,5,23
11692,0aa927af-2e14-47b5-bb75-c1c700b13262,5,mdn,5,25
11693,96491651-a46d-4fae-84ea-64c3c00a3071,4,mdn,5,19
11694,34099491-cba6-4b79-9c62-38e83f1cf9db,5,mdn,5,22
11695,2c7871c7-4bd5-43a8-aa2c-3c65fc33736c,5,mdn,5,26
11696,19d5ec55-7543-48c4-8fbc-f01f5a9b2c95,5,mdn,4,26
11697,3225e9ea-e884-40bd-a656-818e699d86ec,5,ars,4,25
11698,be1f9c71-c6b8-48c6-84bb-6ef5174954aa,3,ars,5,20
11699,0f1a02d0-badb-422e-a97f-76df0e23f581,4,mdn,5,26
11700,493c0fa8-bb96-4b13-b9fb-93abb37b65e7,5,mf,3,29
11701,c4cf804a-7759-4269-8562-c7141d2c18c7,5,je,5,24
11702,0d5f41b7-3ab8-478c-836a-767823fd4c82,5,mw,4,28
11703,e42c716f-8970-4881-89c6-3db8a37ccd35,5,mdn,5,30
11704,83da35e2-88ab-4562-9f43-c192ecdaed1e,4,mdn,5,18
11705,50fe2f3d-7fa4-43b4-b182-6ff9a0371dd4,4,mdn,5,25
11706,47ab6a24-9a36-4af9-b4a4-651bfa037130,5,mfars,5,19
11707,c4cf804a-7759-4269-8562-c7141d2c18c7,4,mf,5,24
11708,88f20ee0-e749-487f-a908-12f8ab47142b,5,ars,4,22
11709,cbce132e-cb8f-4aac-a1c1-a776704aebef,4,ars,3,27
11710,c6990f5b-cd7a-4dda-a877-6155653d134e,3,mdn,4,19
11711,c0db802b-635c-4f93-b4cb-7d9883a43093,5,ars,4,28
11712,3418969d-5c13-46ee-8df0-794019e7a64f,5,mdn,5,30
11713,1bfa930d-cf1c-479b-87e4-bae0f9073321,5,mdn,4,23
